user_id,user_index
1,500
6,501
7,502
19,503
37,504
39,505
42,506
50,507
57,508
71,509
72,510
85,511
90,512
103,513
117,514
124,515
125,516
127,517
132,518
144,519
146,520
148,521
149,522
174,523
194,524
205,525
259,526
270,527
284,528
294,529
321,530
337,531
346,532
347,533
350,534
368,535
375,536
385,537
420,538
433,539
434,540
455,541
461,542
475,543
486,544
501,545
508,546
522,547
534,548
537,549
542,550
543,551
547,552
560,553
575,554
584,555
598,556
602,557
607,558
613,559
626,560
654,561
669,562
685,563
708,564
711,565
714,566
720,567
768,568
780,569
796,570
804,571
817,572
824,573
828,574
831,575
840,576
841,577
865,578
886,579
909,580
911,581
922,582
925,583
965,584
970,585
983,586
987,587
1005,588
1015,589
1016,590
1037,591
1038,592
1049,593
1053,594
1060,595
1067,596
1069,597
1072,598
1090,599
1131,600
1138,601
1146,602
1161,603
1162,604
1176,605
1200,606
1205,607
1212,608
1220,609
1226,610
1230,611
1269,612
1309,613
1325,614
1331,615
1466,616
1495,617
1583,618
1764,619
1908,620
2090,621
2266,622
2285,623
2376,624
2475,625
2491,626
2615,627
2620,628
2667,629
2712,630
2776,631
2869,632
2897,633
3057,634
3071,635
3096,636
3114,637
3169,638
3177,639
3203,640
3219,641
3239,642
3242,643
3257,644
3270,645
3432,646
3480,647
3491,648
3518,649
3620,650
3665,651
3675,652
3679,653
3701,654
3713,655
3788,656
3793,657
3823,658
3839,659
3917,660
3966,661
4004,662
4036,663
4041,664
4092,665
4164,666
4185,667
4191,668
4201,669
4225,670
4258,671
4270,672
4275,673
4290,674
4336,675
4343,676
4391,677
4431,678
4457,679
4483,680
4502,681
4514,682
4526,683
4610,684
4763,685
4800,686
4850,687
4894,688
4947,689
4956,690
4963,691
4974,692
4979,693
4987,694
4991,695
5027,696
5051,697
5062,698
5071,699
5087,700
5106,701
5109,702
5112,703
5129,704
5146,705
5154,706
5189,707
5255,708
5260,709
5263,710
5308,711
5311,712
5319,713
5390,714
5391,715
5398,716
5399,717
5402,718
5411,719
5416,720
5420,721
5421,722
5443,723
5448,724
5453,725
5458,726
5460,727
5470,728
5474,729
5476,730
5478,731
5488,732
5495,733
5503,734
5512,735
5519,736
5528,737
5553,738
5556,739
5558,740
5589,741
5597,742
5598,743
5600,744
5612,745
5617,746
5631,747
5639,748
5643,749
5687,750
5699,751
5717,752
5729,753
5740,754
5760,755
5767,756
5814,757
5826,758
5827,759
5829,760
5846,761
5864,762
5868,763
5884,764
5894,765
5895,766
5902,767
5918,768
5929,769
5933,770
5939,771
5960,772
5967,773
5971,774
5984,775
6005,776
6006,777
6019,778
6031,779
6060,780
6063,781
6085,782
6117,783
6134,784
6162,785
6166,786
6189,787
6234,788
6237,789
6241,790
6245,791
6247,792
6253,793
6254,794
6307,795
6387,796
6396,797
6397,798
6415,799
6419,800
6420,801
6500,802
6503,803
6506,804
6520,805
6540,806
6552,807
6562,808
6567,809
6582,810
6584,811
6593,812
6611,813
6613,814
6616,815
6645,816
6656,817
6658,818
6682,819
6686,820
6707,821
6711,822
6716,823
6734,824
6735,825
6738,826
6747,827
6748,828
6749,829
6765,830
6792,831
6805,832
6812,833
6815,834
6829,835
6845,836
6848,837
6855,838
6860,839
6877,840
6885,841
6891,842
6908,843
6909,844
6912,845
6917,846
6923,847
6942,848
6944,849
6973,850
6983,851
7006,852
7008,853
7022,854
7032,855
7033,856
7034,857
7038,858
7059,859
7061,860
7071,861
7090,862
7093,863
7122,864
7125,865
7127,866
7136,867
7163,868
7169,869
7177,870
7197,871
7201,872
7204,873
7216,874
7235,875
7268,876
7300,877
7308,878
7335,879
7367,880
7414,881
7486,882
7509,883
7546,884
7692,885
7730,886
7934,887
8144,888
8240,889
8344,890
8380,891
8415,892
8523,893
8579,894
8611,895
8646,896
8723,897
8845,898
8869,899
8879,900
8886,901
8919,902
8933,903
8945,904
8972,905
9014,906
9085,907
9149,908
9217,909
9275,910
9301,911
9358,912
9368,913
9385,914
9388,915
9404,916
9414,917
9417,918
9424,919
9456,920
9458,921
9474,922
9520,923
9526,924
9530,925
9545,926
9548,927
9569,928
9580,929
9586,930
9641,931
9657,932
9666,933
9720,934
9734,935
9747,936
9761,937
9769,938
9776,939
9792,940
9814,941
9831,942
9848,943
9884,944
9889,945
9894,946
9897,947
9908,948
9909,949
9912,950
9927,951
9939,952
9949,953
9963,954
9977,955
10011,956
10012,957
10040,958
10056,959
10068,960
10088,961
10097,962
10126,963
10190,964
10250,965
10336,966
10457,967
10548,968
10628,969
10639,970
10674,971
10681,972
10683,973
10684,974
10713,975
10717,976
10748,977
10749,978
10755,979
10770,980
10789,981
10801,982
10803,983
10833,984
10878,985
10891,986
10897,987
10951,988
10953,989
10989,990
11012,991
11026,992
11031,993
11079,994
11121,995
11126,996
11172,997
11180,998
11324,999
