0.053864,-0.003389,-0.125835,1.323624,0.132469,0.299492,0.025865,-0.036693,0.140679,-0.129963,0.088791,-0.156029,0.070248,0.171329,0.193009,0.140895
0.215332,0.012497,0.040270,0.199010,0.033552,0.227385,0.229757,0.012307,0.012414,0.007850,0.243263,0.190000,0.254235,0.013719,0.120712,-0.152989
0.004840,0.116575,0.155451,0.172180,0.027598,-0.039360,0.444117,0.108230,0.409671,-0.086753,0.451424,0.124994,0.345248,0.182429,-0.218120,0.054336
0.025938,-0.261943,-0.136467,0.275987,-0.002901,-0.042066,-0.110484,-0.061412,-0.120976,-0.135815,0.144370,0.030156,0.236214,-0.684219,-0.053599,-0.404370
-0.142590,0.247876,0.346983,-0.033324,0.183763,-0.049894,0.222632,-0.062626,0.284671,-0.275869,0.220521,0.057273,-0.062128,0.921135,0.257265,0.120832
0.045225,0.037155,-0.075611,0.004880,0.067207,0.043337,0.228999,0.026261,0.228417,-0.063386,-0.370791,0.201031,0.092963,-0.011875,-0.054708,-0.039879
0.165816,0.187698,0.156764,0.326303,0.084802,-0.147810,0.125231,0.097415,0.349669,0.190321,0.087487,0.254227,0.001725,0.822719,-0.201755,0.240880
-0.151505,-0.144996,-0.142776,0.135311,-0.174853,-0.075193,0.092903,-0.139761,0.018690,-0.068852,0.219790,0.185405,-0.009852,1.054790,-0.022725,0.475087
-0.187169,-0.084241,0.010129,0.091254,-0.141367,0.012649,-0.379419,-0.016428,0.115773,-0.038355,-0.188314,-0.026363,0.113116,0.332133,0.004968,0.147666
-0.153590,0.380160,0.057634,0.192896,-0.042264,0.142631,0.034578,0.100416,0.138349,-0.111916,-0.209108,0.533351,0.224001,0.550329,-0.055655,0.050852
-0.142938,-0.152541,0.241300,0.229708,0.091588,0.001261,0.427638,-0.035214,-0.051708,-0.066839,0.080400,-0.162384,-0.171438,0.598457,0.161428,-0.012038
-0.123581,-0.220323,0.054711,0.149070,-0.077507,0.241094,-0.004085,-0.017671,-0.082613,0.353535,0.247971,0.225421,-0.243532,0.526114,0.237160,0.221420
-0.015507,-0.177979,-0.013993,0.029294,0.057897,-0.263843,-0.297339,0.121811,0.047694,0.261957,-0.063242,0.164653,0.022895,0.427138,0.127835,-0.076278
-0.114121,0.204350,-0.043550,0.236957,0.293606,-0.059680,0.246349,0.345542,0.250598,-0.227762,-0.112912,-0.128288,0.041848,0.523690,0.005686,0.213534
0.014129,0.136783,-0.076740,-0.039044,-0.016014,0.039098,0.179558,0.218570,0.277155,-0.075444,0.169906,-0.000808,0.265852,0.343891,0.304797,0.084448
-0.039798,-0.097639,-0.220223,1.391597,0.221259,-0.185860,0.105745,-0.041635,0.075353,-0.016907,-0.281113,-0.036916,-0.458275,-0.174874,0.331678,-0.149609
-0.109764,-0.180663,-0.205841,0.972805,-0.197300,0.391975,0.176961,-0.037789,-0.060970,-0.021332,-0.047322,-0.291671,-0.118457,0.503100,0.153265,0.114614
0.000711,0.337340,0.239971,-0.214251,-0.027426,-0.009453,0.296300,-0.212331,0.201368,-0.077863,0.184344,-0.161150,0.159168,0.993973,0.244295,0.019877
-0.038214,-0.266711,-0.003065,1.278864,0.157529,-0.020934,0.389237,0.024309,0.041639,0.156995,0.586061,-0.142306,-0.289210,0.387673,0.101370,0.131737
-0.170813,-0.028628,-0.077746,1.338680,0.233365,0.091695,0.120234,-0.020927,0.034013,-0.311680,0.189630,-0.176405,-0.139393,-0.287765,0.153979,-0.009582
-0.008194,-0.222488,-0.060756,-0.433592,-0.131655,-0.175019,0.091414,-0.276649,-0.244365,0.644697,0.044176,-0.085420,-0.083554,0.413695,-0.118137,0.078117
-0.031048,-0.200529,0.110858,0.118775,0.192630,0.078763,0.246106,-0.044839,0.407305,-0.123888,0.209059,0.236661,0.073474,0.645050,0.025354,0.339212
0.013956,0.235907,0.329232,0.216098,0.328211,-0.194586,0.318781,0.108150,0.294546,-0.042785,0.268808,0.268089,0.113206,0.781106,0.143155,0.203170
-0.104208,0.276830,0.269745,-0.414625,-0.004933,0.124052,0.250646,0.007140,0.192232,0.117059,0.318554,-0.060560,-0.041485,0.683984,0.189409,0.180129
-0.052703,-0.107979,0.215546,-0.251532,-0.116613,-0.052982,-0.013772,-0.262723,-0.307843,-0.212939,0.166590,-0.104036,0.308999,-0.089290,0.125855,-0.367662
-0.154189,-0.054832,-0.210536,1.420281,0.093734,0.078932,0.179538,0.051881,0.488529,-0.397075,0.115657,0.021468,0.028376,0.293589,0.215946,0.046397
0.007334,0.041792,0.158734,0.911492,0.191568,0.130622,0.195771,0.076574,0.287532,-0.106897,0.072283,-0.049156,-0.167325,-0.061985,0.241494,0.083096
0.165988,0.092720,0.244878,-0.017774,-0.050663,-0.161878,0.189183,-0.037130,-0.170157,-0.252402,0.163835,0.383977,-0.253576,1.106527,0.182346,0.261207
0.215020,-0.015490,0.029350,0.551497,0.063511,-0.015494,0.164041,0.138915,-0.211592,-0.125752,0.065420,-0.134605,0.152615,-0.294997,0.000600,0.158937
-0.099982,-0.193862,-0.047082,-0.057293,-0.154143,0.122686,0.056731,0.019133,-0.176927,-0.017819,-0.066615,-0.122361,0.015825,-0.129462,0.124594,-0.163317
0.027584,0.052466,0.262019,0.158767,0.413866,0.283834,-0.112519,0.173045,0.088424,-0.109865,0.014748,-0.012578,0.195522,0.733622,-0.055638,0.204423
-0.347208,-0.069601,0.024175,0.346569,0.108173,0.017657,-0.093036,0.251077,0.314282,-0.206300,-0.085798,-0.396417,-0.070554,0.625666,-0.136263,0.292188
-0.145416,-0.166249,0.015241,0.245301,-0.248876,-0.132664,0.148328,0.080768,-0.147224,-0.349204,0.305839,0.101532,-0.143042,0.617373,0.279977,-0.035063
-0.033769,-0.082921,0.292569,0.186500,-0.066540,-0.094000,0.262039,0.259626,0.462038,-0.036609,0.064804,0.021460,-0.155791,0.904033,0.154855,0.040949
0.025180,0.295325,0.241976,0.219807,0.298895,0.211355,-0.056977,0.026410,0.563970,-0.050713,0.134082,-0.027682,-0.305305,0.745457,0.006516,0.262284
-0.132590,0.128575,0.154061,0.264370,0.219286,-0.035703,-0.066251,-0.050905,0.320028,0.269269,0.131069,0.220946,-0.262583,0.372970,0.241645,-0.053446
-0.018931,0.098084,0.160027,0.100784,0.229101,0.097949,0.392974,0.092108,0.097713,0.409106,0.079442,-0.028710,-0.561581,2.244696,0.293569,0.317958
0.180040,-0.248529,0.080307,0.418723,-0.028230,0.117710,0.031525,-0.237326,-0.202254,0.130096,0.155116,0.137114,-0.023332,-0.479090,-0.027645,0.020073
-0.234055,-0.022933,-0.035500,0.174171,0.081174,0.095392,0.273462,-0.060167,0.127596,0.028555,0.307093,0.147884,0.095773,0.817784,0.052352,-0.005073
-0.054589,-0.157817,-0.145850,0.166862,-0.040180,-0.135045,-0.175095,0.197740,-0.221585,0.289602,-0.132999,0.176340,-0.253969,0.590513,0.330793,0.125630
-0.123452,-0.165114,0.282948,0.120005,0.257147,-0.057894,0.570816,0.237274,0.397941,0.102934,0.387090,0.382052,0.187131,1.990655,0.162934,0.308132
-0.005618,-0.177559,0.012560,0.274439,-0.133180,-0.299242,0.116579,-0.049583,-0.000135,0.390316,-0.117843,-0.010978,-0.324015,0.121323,-0.125072,0.098121
-0.140772,-0.254770,0.146706,1.216001,0.035774,-0.077918,0.538635,-0.179355,0.599522,-0.341270,0.042655,-0.241031,0.126237,0.064480,0.422892,-0.059327
0.021856,0.083754,0.060632,0.133808,-0.083305,0.085393,0.381622,0.192281,0.010944,-0.034564,0.257569,0.120390,-0.181230,1.217875,0.110894,0.270544
0.162023,-0.064986,-0.159481,0.306506,-0.007128,-0.322656,0.095944,-0.095536,-0.338077,0.177847,0.129814,-0.009919,-0.006286,0.440177,0.007424,-0.149978
-0.302356,0.027028,0.412557,0.277557,-0.008581,-0.168755,0.232686,0.152942,0.237439,-0.118215,0.172622,0.179873,-0.208093,1.478169,0.272034,0.240353
-0.057428,-0.048246,0.401063,0.406849,-0.015167,0.041983,0.399823,0.082595,0.179524,0.125791,-0.047343,0.067745,-0.313649,1.480795,0.257068,0.233313
-0.058332,0.354844,0.258495,0.180069,0.142168,0.064043,0.412743,0.006582,0.448730,-0.097833,0.038997,0.090841,-0.100344,0.947132,0.207379,0.095322
-0.042000,0.132514,0.201902,0.274693,0.344893,-0.174592,0.281956,0.236304,0.582879,-0.090145,0.103833,-0.096909,0.328947,0.765322,-0.008014,0.188692
-0.065196,0.109912,0.191347,0.160912,0.081502,-0.200843,0.382849,0.142435,0.259334,-0.117913,-0.130159,-0.014436,0.111917,0.520345,0.163419,0.061492
0.219028,0.000491,-0.013530,-0.115565,-0.000166,-0.033982,0.211253,0.031543,0.105652,-0.004348,0.006059,-0.024362,0.094105,0.104881,0.078348,-0.073369
-0.207585,-0.037499,0.175621,0.305579,0.009726,-0.077201,0.353228,0.031262,0.066432,0.061698,0.296310,-0.083698,-0.114011,1.044069,0.187052,0.218835
-0.223330,-0.186977,0.059010,0.066364,-0.287249,-0.086448,0.355979,0.221389,-0.021838,0.062307,0.179855,0.166915,-0.498999,1.055001,0.027167,0.236740
-0.215054,-0.039333,-0.089032,1.852669,0.109815,0.055545,0.320866,0.227855,0.043881,-0.135870,0.074497,0.059484,-0.415309,1.031652,0.378502,-0.013402
0.116856,-0.017253,0.124785,-0.150263,0.018418,0.006292,0.299604,0.133368,-0.115587,-0.281307,-0.011271,0.305463,-0.298361,0.325269,-0.236437,0.263962
0.133899,-0.086137,0.176989,0.235965,0.147137,-0.120626,0.184692,0.145930,0.255358,0.154252,-0.122388,0.262395,-0.007330,0.842527,0.280071,-0.099802
-0.007610,-0.205263,-0.055648,1.526330,0.255996,0.005986,0.588211,0.239970,0.049890,-0.121891,0.499849,0.113201,-0.440074,2.269725,0.331760,0.518758
0.028259,0.205938,0.143315,0.268317,0.092531,0.109773,0.224462,0.068463,0.192657,-0.166255,0.040443,-0.035562,0.096433,0.733534,0.078125,-0.094565
-0.081947,-0.185792,0.241370,0.025477,-0.144306,-0.235394,-0.094392,0.246517,-0.196352,0.051478,-0.168588,-0.145103,-0.386160,0.431947,0.125811,-0.026573
-0.004006,0.128029,-0.110989,0.340398,-0.142639,0.083451,0.242226,0.132538,0.060824,0.264840,0.043111,-0.069035,-0.060594,0.649608,-0.016333,0.309878
-0.088094,-0.171210,0.252037,0.162766,0.122151,-0.198917,0.112735,0.347063,0.201400,0.031372,-0.016623,0.076340,-0.153911,1.403330,0.110527,0.043226
-0.052614,-0.114127,0.115477,0.585920,-0.212027,-0.143928,-0.414989,0.093111,-0.101632,-0.191580,-0.165347,0.016465,0.193464,0.044742,-0.097733,-0.145793
0.298047,0.222447,-0.022056,-0.066404,0.126074,-0.017390,0.178533,0.059813,-0.139875,0.068553,0.009895,0.121464,-0.272862,0.163256,-0.435630,0.075544
-0.209641,-0.004532,0.013743,0.026416,0.065022,0.052719,0.204250,0.108552,0.046373,-0.191186,-0.214174,0.318260,-0.101760,0.170734,-0.139820,0.045186
-0.135724,-0.051129,0.220850,0.360865,0.286160,0.019918,0.281561,-0.174627,0.310476,0.004759,0.119858,0.042769,-0.162497,1.293120,0.016215,0.322190
0.109913,-0.076327,0.084681,0.240583,0.294498,-0.062942,0.191090,0.126582,0.060960,0.034809,0.412713,0.269054,-0.151463,1.463747,0.213978,0.507521
0.015342,0.094636,0.307691,0.238400,0.387084,0.047818,0.257518,-0.114831,-0.117358,0.058067,0.054166,0.058016,-0.212304,0.973481,-0.064835,0.287004
-0.205876,0.343466,0.264040,0.324742,0.187855,0.001178,0.206236,0.144679,0.290575,-0.109494,0.217767,0.125778,-0.166073,0.317726,0.235090,0.048063
-0.137745,0.171600,-0.339835,0.318378,-0.218021,0.093004,-0.033910,0.075388,0.013853,0.031485,-0.243974,0.122217,-0.250327,0.140129,-0.055789,-0.237869
-0.060102,0.032390,-0.014553,0.766425,0.085494,-0.110622,0.102006,0.215424,0.321963,-0.279113,0.059187,-0.034649,-0.136011,0.202104,-0.073789,-0.021182
-0.275441,0.064967,0.144040,0.168219,-0.058249,-0.136985,0.414987,0.331216,0.355348,-0.040192,0.021761,-0.062099,-0.316747,1.806065,0.183720,0.370373
-0.104665,0.002534,-0.302885,0.048100,-0.076004,0.159834,-0.078127,-0.104349,-0.272316,-0.249060,-0.005543,-0.150335,-0.015685,-1.040283,0.022230,0.071638
-0.217080,-0.141121,0.093047,0.310300,0.005452,0.045862,0.360343,-0.058156,0.426581,-0.306501,-0.098053,-0.157987,0.043802,0.599461,0.161275,0.308852
-0.023222,-0.271487,0.201545,0.238853,0.010041,0.029408,-0.069628,-0.044427,0.327298,0.110239,0.216294,0.327750,0.052063,0.157992,-0.007336,0.323749
-0.147647,-0.225769,0.124282,0.159413,-0.038803,-0.063352,-0.123652,-0.048960,0.025070,0.062301,0.136458,0.183703,0.060628,0.716635,0.315410,-0.063495
-0.032690,0.091242,-0.059532,1.603605,0.256226,-0.085149,0.255207,0.181480,0.399709,-0.362860,0.197405,-0.099385,0.110877,-0.264578,0.262219,-0.202888
-0.085881,0.132474,0.215402,0.417018,0.156423,0.228936,0.210768,-0.085081,0.267803,-0.015019,-0.002866,-0.001585,0.170001,0.167362,0.203890,0.256780
-0.131466,0.170663,-0.036227,0.001336,0.106047,-0.159547,0.270431,0.187864,0.158089,-0.108622,-0.127701,0.120778,-0.136787,0.586065,0.077314,-0.069663
0.016216,0.134800,0.238070,0.046184,0.112492,0.095056,0.436175,0.239934,0.133895,0.267622,-0.092055,-0.043143,-0.013700,0.165427,0.238130,0.030439
0.053198,-0.110929,-0.052985,0.423483,-0.079878,0.285252,-0.311816,-0.043768,0.413219,0.225774,0.142252,0.089842,-0.139255,0.139417,0.009799,-0.083824
0.083038,-0.172217,-0.319268,1.400301,0.071523,0.008401,0.341086,-0.061513,0.124945,-0.032868,0.058396,-0.085656,-0.244773,0.562664,0.057305,-0.046697
0.102779,-0.204284,0.070141,0.167702,-0.097916,-0.030769,0.229700,0.058852,-0.006131,0.212655,0.053311,0.187156,0.013708,0.950040,0.024512,0.011527
0.050205,-0.321559,-0.050867,0.370604,-0.191519,-0.080950,-0.132213,0.013539,0.005077,-0.109692,0.091342,0.319607,-0.361257,0.316518,-0.076282,0.266672
0.186105,0.170871,0.331853,0.323957,0.144282,-0.141594,0.097737,0.321720,0.379854,0.103383,0.186150,0.093957,-0.030164,0.802378,0.214280,0.667563
-0.287695,0.059177,0.112623,0.046264,0.018185,0.023865,0.263028,0.326943,0.244429,-0.207368,0.228367,-0.067974,-0.076607,1.379649,0.085478,0.217745
-0.214679,0.030285,-0.276089,0.554705,0.001535,0.207346,0.260020,0.325560,0.002182,-0.488255,0.038171,0.146528,-0.397668,0.743355,0.293073,0.181471
0.037103,-0.137433,0.569085,-0.199813,0.100405,0.038770,0.595558,0.149583,0.070236,-0.207937,0.404676,0.192088,0.079348,1.301476,0.205241,0.243444
-0.264873,0.086773,-0.040283,0.030062,-0.155757,0.090029,0.116986,0.126866,0.167119,-0.245703,0.247211,0.154717,-0.081807,0.607573,0.156879,-0.073789
0.010460,-0.000625,-0.057702,0.098158,0.066486,-0.034421,0.363083,0.048216,0.187573,0.062801,0.175909,0.167653,-0.280335,0.391750,0.246500,0.484692
-0.032974,0.140309,0.119232,0.285112,0.133522,0.090031,0.089403,0.000603,0.116002,-0.518427,0.233159,0.064389,0.073615,0.780098,-0.109115,0.304137
-0.013898,0.043921,0.074424,0.497138,0.109351,0.046279,-0.158222,0.123065,-0.102177,-0.088828,-0.025872,-0.080996,-0.653271,0.791464,0.228272,0.105734
-0.166730,0.239966,0.168074,0.161883,0.137036,0.009194,0.293468,0.302613,0.489418,-0.263120,-0.093917,0.009756,-0.323800,1.482913,0.227432,0.379065
-0.355794,-0.200039,0.375397,0.654105,0.008800,0.015015,0.776413,0.329959,0.300609,-0.179361,0.346078,0.035470,0.172714,2.085186,0.172301,0.157551
0.009438,-0.137253,-0.092926,0.479422,0.022783,-0.197318,0.309304,0.146789,0.384338,-0.274115,0.183003,-0.220098,0.000411,0.601251,0.143163,-0.026345
-0.069608,0.029503,0.241814,-0.002341,0.293786,0.058911,0.047832,-0.070444,0.014271,-0.026987,-0.148715,-0.089978,0.123637,-0.405974,0.102459,-0.121111
0.070699,-0.009627,0.131216,0.013485,0.036381,-0.139655,0.415307,-0.028620,0.005534,0.092412,-0.106644,0.015746,-0.211462,0.518885,0.050949,-0.090538
-0.183517,0.196738,-0.105212,0.097425,-0.076033,0.110471,0.017160,-0.036412,0.248401,0.029652,-0.099767,-0.058400,-0.056065,0.539916,0.052659,0.096279
-0.005030,0.095447,0.113255,-0.243695,0.186702,0.051598,0.073979,0.074545,0.048529,0.111743,0.200964,0.283638,-0.203815,0.689863,0.297969,0.218381
-0.037223,0.201691,0.048485,0.413993,0.333781,-0.142132,0.466457,0.171295,0.442417,-0.195304,0.138081,-0.122732,-0.310271,0.885288,0.154174,-0.107590
-0.088272,0.028729,0.151793,-0.067111,0.084245,0.281243,0.551085,0.132775,0.365654,0.066445,-0.009793,0.123858,-0.189553,2.440014,0.220645,0.383725
0.145217,-0.150110,0.050526,0.616832,0.122513,-0.077002,0.286073,-0.276159,0.036629,0.029814,0.258920,0.023524,-0.165737,0.213242,-0.000654,-0.297002
0.122553,-0.129182,0.084675,-0.282654,0.027916,-0.144313,0.235720,0.233076,0.084354,0.026019,0.085432,0.188456,-0.195304,1.281916,0.172302,0.269804
0.144979,-0.212405,0.120868,-0.125700,-0.150143,-0.066636,0.162053,0.154214,0.433727,-0.031277,0.599242,0.080415,0.491993,0.856147,0.063623,0.099510
-0.216766,0.230564,0.054193,0.379726,-0.150188,0.090819,0.403622,0.037375,0.356892,0.325705,0.287442,0.217832,-0.221039,1.175850,0.146371,0.189867
-0.183308,-0.031966,0.084269,0.470538,0.219732,0.172248,0.249299,-0.038322,0.053993,0.063811,0.088888,-0.155493,0.083712,0.419501,0.057691,-0.223974
-0.129121,0.233046,0.227472,0.223389,0.143481,0.057722,0.359441,0.090404,0.165381,0.143469,0.218228,0.095058,-0.416265,1.350063,0.224188,0.157457
0.097834,-0.120843,-0.233490,0.330190,-0.167959,0.074519,0.266888,0.248414,-0.043858,-0.153566,0.075307,-0.367010,0.240646,-0.323421,0.046192,-0.115829
-0.096076,-0.042742,0.255615,-0.047565,0.341492,-0.077827,0.189803,0.021228,0.098844,-0.013941,-0.088257,-0.023276,0.086351,1.175727,0.113422,0.097662
-0.030209,0.041175,0.034644,0.240719,0.065453,-0.095167,0.205134,0.032746,-0.017439,-0.305460,0.101786,-0.101572,0.151517,0.351044,0.060275,-0.028387
-0.283818,-0.266206,0.130589,0.638342,-0.083684,0.010858,-0.015082,-0.181521,-0.286964,0.178337,-0.154696,0.278133,-0.206202,0.541891,0.154576,-0.030305
0.140803,0.237311,-0.077958,0.088340,0.049946,0.125543,0.202290,-0.064305,-0.100972,-0.039330,-0.197017,0.199687,-0.327480,0.609924,-0.123647,0.335196
0.277105,-0.107174,-0.103650,0.152889,0.001042,0.014292,0.007142,0.187321,0.053503,-0.035800,0.269670,0.028592,0.047434,1.350609,0.147637,0.089077
-0.031888,-0.099448,0.069132,-0.045985,0.020516,-0.121507,0.268743,0.214402,0.245671,0.124690,0.333015,0.006359,-0.114939,0.823867,0.134424,0.011772
-0.142519,-0.114944,0.148597,0.240214,0.138345,0.161354,0.304300,0.170977,0.280131,0.041175,0.057886,0.221323,0.031750,1.019351,0.040324,0.280021
0.159301,0.099724,0.240734,0.158387,-0.023888,0.073855,0.583107,0.244601,0.261088,-0.138257,0.177080,-0.224402,-0.002574,0.512072,0.001553,0.309777
0.057624,-0.098650,0.368941,0.382056,0.079402,0.069505,0.479043,0.092529,0.402763,0.121990,0.305107,-0.061660,-0.036025,1.402411,0.123933,0.250172
-0.064984,-0.171849,-0.000953,-0.133709,0.033808,-0.055102,0.109872,0.048560,0.231700,0.285898,0.317192,-0.078568,0.262731,0.760960,-0.079275,-0.087523
0.106180,-0.113445,-0.206184,-0.100329,-0.094609,-0.071770,-0.027621,0.043928,-0.010643,0.176343,0.106983,0.021091,-0.121922,0.370698,0.218471,0.187780
-0.073064,0.050420,0.007335,0.428095,-0.132451,-0.094155,0.059017,0.012451,-0.206773,-0.065373,0.079076,0.082503,-0.220485,0.397466,0.006334,0.073033
0.078970,0.141182,0.023486,0.181165,0.241487,-0.058861,0.181124,0.049927,0.390379,-0.126499,-0.163930,0.022751,-0.016590,0.604533,0.262350,0.162918
-0.163153,-0.167199,0.252030,-0.086904,0.048662,-0.405714,0.333702,-0.003929,0.090792,0.187478,0.061521,0.283075,-0.109741,1.315167,-0.069828,0.076338
-0.089060,0.278572,0.299953,0.085998,0.085163,0.060463,0.186793,0.521612,0.047635,-0.134175,0.097219,0.177529,-0.313506,0.763880,0.286863,-0.062336
0.173788,0.419563,0.045209,0.256243,0.187829,-0.063105,0.322748,0.021277,0.313320,-0.328747,0.363878,0.026016,0.022147,0.678036,0.229415,-0.052524
0.249258,0.295326,0.019111,0.303891,0.154258,-0.022959,0.117877,-0.149985,-0.204819,-0.024615,-0.010136,-0.250841,0.133745,-0.061096,0.007955,-0.108777
0.025562,0.035934,0.427407,0.035640,0.134031,-0.467483,0.311825,-0.058938,0.222349,0.192185,0.073931,-0.037638,0.015210,0.636473,0.021027,0.150937
0.062494,-0.145674,-0.049187,0.942690,-0.352218,-0.002826,0.173027,0.164316,0.161396,-0.253357,0.238367,0.204491,-0.145826,0.238943,0.164545,0.074336
0.200511,0.101361,0.236159,-0.211456,0.224117,-0.086482,0.239009,-0.195309,0.306460,0.087319,0.489069,0.273447,0.126409,0.986119,-0.248152,0.182778
0.039606,-0.114494,0.034872,0.250837,-0.027495,0.125985,-0.112536,0.150255,0.061166,0.396071,-0.041141,-0.012309,-0.235677,0.397293,0.012158,-0.030570
-0.233105,-0.077687,0.640067,0.461982,0.248808,-0.353875,0.411718,0.382278,0.555061,0.177907,0.425616,-0.036337,0.169390,2.309834,0.558490,-0.017570
-0.033750,-0.086523,-0.160837,0.400051,-0.089655,-0.112854,0.247109,0.149877,0.185356,-0.100621,-0.072385,-0.287880,-0.482585,-0.121107,0.022435,-0.105649
0.113087,-0.227148,0.034992,0.168998,-0.284661,0.089170,0.068795,0.170897,-0.343983,-0.075267,-0.219964,0.109936,-0.010264,-0.016614,-0.062985,-0.034209
-0.231661,0.042183,0.003408,1.211595,0.194227,0.096857,0.048477,-0.064082,0.102653,-0.376933,-0.049029,0.014393,-0.342861,0.836381,0.394894,0.019146
-0.104417,-0.127177,0.098736,0.349374,-0.157837,0.036984,0.004278,0.165186,0.141101,0.160457,0.435913,-0.049753,-0.001799,0.157454,0.048419,0.085523
-0.221915,0.222600,0.132666,-0.193226,0.082399,-0.230853,0.386037,0.222013,0.062126,-0.007245,0.296153,-0.061306,0.165414,0.883187,-0.008641,-0.000999
0.056719,-0.437474,-0.166296,0.309040,-0.329585,0.050683,0.297960,0.031153,0.050566,0.198528,0.266206,-0.219621,-0.133084,0.680502,0.275875,0.209617
0.273505,0.228777,0.238691,-0.213773,0.185347,-0.115623,0.555549,0.096037,-0.190153,-0.211552,0.041429,0.268336,0.116873,0.888708,-0.068767,0.231557
-0.047943,0.084700,0.090037,-0.025868,0.270381,-0.031022,0.102863,0.187692,-0.022650,0.124905,-0.092528,-0.060019,-0.118529,0.358687,0.050567,0.256701
-0.204205,0.022905,-0.034674,0.453772,0.083172,-0.121896,0.355635,0.419536,-0.069599,-0.018916,0.422094,-0.006136,-0.313404,1.378165,0.074315,0.255104
-0.050290,0.470408,0.200206,0.257372,0.137506,0.100674,0.250229,0.142133,0.039656,-0.219062,0.078034,0.076308,-0.049910,1.275743,0.009362,0.122121
-0.120333,0.165321,0.298482,0.372285,-0.017503,-0.049510,0.135301,-0.087224,0.218290,0.100972,0.274747,0.084969,-0.181722,1.085952,0.137865,0.082849
0.158009,0.263036,0.155428,0.368449,0.231518,0.231356,0.166469,0.010811,0.171912,0.015857,0.036663,0.165033,0.085324,0.359330,-0.309765,0.269067
0.049352,0.440831,0.036290,0.135464,0.056142,0.127609,0.178615,-0.046061,0.060864,-0.030148,0.031616,0.104439,-0.080461,0.918611,0.098795,0.231285
0.320042,-0.183719,-0.481050,0.288554,0.104130,0.044057,0.065706,0.205993,-0.052465,-0.053466,0.044982,-0.200924,-0.233841,0.494011,-0.038151,-0.111069
-0.015843,-0.241416,0.254939,0.441827,-0.037617,-0.246455,0.155579,-0.188876,-0.007382,-0.185070,-0.195808,0.048770,-0.162854,0.387139,0.077840,-0.117783
-0.255547,-0.078843,-0.071915,0.267437,0.255473,-0.112545,-0.218539,-0.063296,-0.157591,-0.480807,-0.345393,0.006640,-0.203540,-0.208980,0.108677,-0.113745
0.164524,-0.314585,-0.180876,-0.222327,-0.227742,0.111392,0.204870,-0.021462,-0.070460,0.281620,0.086403,-0.140025,0.085566,-0.003125,-0.204476,0.213735
0.259965,-0.152732,-0.315008,0.798189,0.112209,0.003779,0.153938,0.076740,0.189076,-0.225069,0.080866,-0.219726,0.032980,-0.694959,-0.104316,-0.074633
-0.053343,0.273787,-0.333428,0.209441,-0.312452,0.159420,0.155142,0.158026,0.036267,-0.269755,0.149520,-0.204392,-0.176753,0.768815,0.325041,0.314972
-0.166614,0.007572,0.227758,0.284789,-0.056021,-0.292858,0.238702,0.313856,-0.014143,-0.098989,-0.131357,0.190538,-0.263633,0.516954,0.189000,0.063959
0.075609,-0.116362,-0.076002,-0.127498,-0.038770,0.100129,0.040757,-0.061601,-0.360876,-0.077158,0.007027,-0.114813,0.062566,0.473313,0.086850,-0.030584
-0.113100,0.178927,0.209202,-0.073760,0.250710,-0.023111,0.142654,-0.151977,0.515843,0.229783,-0.047853,0.077136,0.116718,0.628949,0.152839,-0.191990
0.020299,0.079462,0.184879,0.146503,0.145836,0.025280,-0.094270,-0.076960,-0.022576,0.051713,0.031099,0.161683,-0.117472,0.646537,-0.107340,0.169441
0.169667,0.127308,0.221470,-0.055169,-0.124301,-0.039001,0.209502,0.187961,-0.061468,-0.116582,0.283357,0.368382,0.114885,0.761843,0.151065,0.319099
0.163409,-0.315348,0.236490,0.824889,0.146925,-0.035183,0.474912,0.213926,0.030310,-0.074511,0.416247,0.204166,-0.129095,0.814672,0.144117,-0.076444
0.084921,0.184184,0.383520,-0.176049,0.411350,0.021851,0.156400,0.240859,0.154575,0.061665,0.058650,0.277204,-0.328672,1.546002,-0.143935,0.512957
-0.114917,0.166946,-0.166613,0.056615,0.160708,0.172140,-0.065693,0.054853,0.011559,-0.266936,-0.005409,0.005870,0.339026,-0.237360,0.130305,-0.339508
0.085166,-0.141554,-0.056889,0.583866,-0.185709,0.051668,-0.344379,-0.170797,-0.281238,0.080929,0.137757,0.045403,-0.119361,-0.296334,0.030821,0.069530
0.065258,-0.033409,-0.195024,0.270164,-0.053994,-0.304901,0.288302,-0.004498,0.177972,-0.534816,-0.119306,0.052876,0.283792,0.133606,-0.077430,-0.181086
-0.022057,0.217072,0.163704,-0.232484,-0.115000,0.253143,-0.020645,-0.268139,-0.219008,-0.243300,-0.105598,0.034096,0.168917,-0.386856,-0.078276,-0.191619
0.019126,0.000497,0.096898,-0.298242,0.220003,0.080683,0.127945,-0.095524,0.141235,0.007153,-0.245326,-0.158684,-0.067891,0.549988,-0.229862,0.166396
-0.024418,-0.051888,0.231616,0.270984,0.071536,0.078423,0.110283,0.235963,0.380601,0.059302,0.076342,0.066011,0.031696,0.481140,0.026903,0.319242
-0.305320,0.027086,-0.156262,0.282484,-0.123587,-0.067430,-0.165416,-0.083653,0.118721,0.090924,-0.262754,-0.107945,-0.201244,0.126018,0.093198,-0.216708
-0.224006,0.166473,0.277803,0.313549,0.060575,-0.192381,0.295552,0.227435,0.555955,0.232786,-0.193777,0.080332,-0.179160,1.122507,0.165548,-0.019794
-0.279642,-0.223185,0.036589,0.784308,-0.115176,-0.408212,-0.070645,0.183538,0.108790,0.010561,-0.086184,0.107737,-0.125343,0.420533,0.258927,-0.108522
-0.057052,-0.043044,-0.027808,-0.041823,0.057727,-0.063429,0.079612,0.040123,0.002873,0.389991,0.131777,0.251206,-0.010635,0.823144,-0.115592,0.304858
-0.008716,-0.508471,-0.098084,0.276522,-0.076449,-0.175642,-0.153357,0.241602,0.045499,-0.104812,-0.112486,-0.031465,-0.268681,0.618552,-0.001474,0.197049
0.280690,0.295674,0.469987,0.394531,0.424973,-0.244559,-0.003768,-0.111787,0.557390,-0.124887,0.017997,0.103198,0.034220,0.811718,0.154054,0.395962
-0.296784,-0.162357,0.000528,0.365775,-0.114738,-0.267673,0.172249,0.334759,0.256730,-0.024609,0.009381,0.038578,-0.143164,0.955560,0.110282,-0.135984
0.326392,0.007723,-0.026113,0.218872,0.277258,0.219496,0.728529,-0.000227,0.058988,0.003199,0.214854,-0.004673,-0.034640,0.223980,0.018008,0.023312
0.008889,0.135975,0.133224,0.031549,0.056998,0.070839,0.293721,-0.127521,0.229111,-0.028625,0.126518,-0.040499,-0.123589,0.902661,-0.304852,0.094160
-0.137977,0.014378,0.050884,0.200471,-0.090209,0.288996,0.099263,-0.168168,-0.027960,-0.009081,0.008060,-0.254491,-0.327965,0.416961,0.017721,-0.142501
0.031653,0.126426,0.207470,-0.308245,0.150413,-0.017764,-0.064354,-0.197696,0.146399,0.026076,0.067448,-0.016458,0.038647,0.436975,0.174707,-0.246963
-0.154798,-0.187672,-0.249221,0.253263,0.043416,0.080466,-0.150286,-0.063346,-0.255476,-0.125797,-0.142510,0.066288,-0.133318,-0.347594,0.114047,-0.347355
-0.030784,0.127605,0.195519,0.420285,0.411158,-0.168219,0.648932,0.108054,0.497876,-0.072048,0.163340,-0.033687,0.058927,1.505120,0.019946,-0.073345
-0.365964,-0.059104,0.094403,-0.032754,0.036102,-0.149117,-0.230833,0.103122,0.193916,-0.088637,0.115188,0.101961,0.254509,0.818536,0.085446,0.034732
-0.097259,0.064183,0.347177,0.312224,0.099573,-0.163955,0.417847,0.125353,0.308322,-0.271196,0.148885,0.201257,0.039247,1.213561,-0.077051,0.142250
0.156715,0.075906,0.452312,0.417806,0.288511,-0.030089,0.276392,0.115624,0.205300,0.158295,0.231368,0.042995,0.255699,1.111893,0.130420,0.229388
0.012406,-0.112719,0.283992,-0.334420,0.066062,0.198984,-0.016227,0.164812,0.462383,-0.277576,0.045271,0.185787,0.164564,0.399337,0.309224,0.110163
0.035989,-0.214503,0.215814,-0.057801,0.056286,0.199236,0.388847,-0.092124,0.230486,0.098288,0.328710,0.041597,0.184935,0.244392,0.065433,0.106844
0.132850,0.151830,-0.056551,0.271017,-0.169511,-0.166079,0.160959,-0.032096,0.290695,0.248523,0.079895,0.025150,-0.346197,0.582536,0.046147,0.103990
-0.167504,-0.193131,-0.244066,0.861460,0.103907,-0.080261,0.009435,0.119380,-0.079735,-0.327085,0.105162,-0.106705,-0.246284,0.493352,0.235353,-0.230267
0.273062,-0.074408,-0.026523,0.198540,-0.118805,0.207249,0.320878,0.004789,-0.310337,0.041928,0.019814,0.096979,0.067571,-0.575386,0.134733,0.061234
0.004707,-0.021787,-0.082190,0.135294,0.149679,-0.163221,0.074506,0.295671,0.181526,-0.170856,0.003293,-0.060629,0.101251,0.657003,0.059680,0.266790
0.021901,0.135413,0.033868,0.348324,-0.077845,0.303810,0.514048,0.247894,0.440634,-0.139413,0.271692,-0.359821,-0.027353,0.740706,0.187976,0.193881
0.091530,-0.194966,-0.058582,0.465185,0.312628,-0.041773,0.072991,0.195044,0.023937,-0.370753,-0.366404,-0.101456,-0.317963,0.778401,-0.005188,-0.076977
-0.183606,-0.069549,0.186201,0.544011,0.172435,-0.110406,0.272065,0.193274,0.198601,-0.408877,0.136433,0.114141,0.013882,1.479248,0.521374,0.072595
0.054137,-0.044562,0.349515,0.403798,0.116278,-0.057754,0.574418,0.026076,0.250202,-0.238757,0.126511,-0.140209,-0.028148,1.248915,-0.062144,0.109495
-0.317168,-0.055408,0.136608,-0.128109,-0.155252,-0.309781,0.348235,0.214635,0.234523,0.069078,-0.073958,-0.087335,-0.035725,1.211731,0.123427,0.229853
0.028379,-0.288034,-0.137040,0.595606,0.008936,-0.168469,0.199598,0.080852,-0.060252,-0.037429,0.053499,-0.205544,0.004617,0.621307,-0.054256,-0.046244
-0.174078,-0.045425,0.222118,0.400372,0.004748,0.054867,-0.180389,0.275808,0.218950,-0.157580,-0.024484,0.067649,0.309457,-0.009657,-0.017773,0.230491
0.410171,0.009657,-0.071944,0.030552,0.292786,0.105881,0.336654,0.050089,0.083542,0.026798,0.484988,0.057380,-0.042800,1.310634,-0.084586,0.444970
-0.145514,-0.000301,0.257081,0.342931,0.012773,0.011104,0.426210,0.205675,0.219634,0.033021,0.064366,0.088000,-0.078911,1.549722,0.392248,0.428261
-0.006585,0.052101,0.153877,0.099656,0.099220,-0.047931,0.124861,-0.014881,-0.004210,0.174722,-0.126666,0.178851,-0.108559,1.761330,0.071457,0.182224
-0.093452,-0.096466,-0.278249,0.598584,-0.014317,0.025023,-0.067356,0.263807,0.178687,-0.309707,0.124511,-0.342028,-0.181783,0.426764,0.103789,0.331128
0.137918,0.097361,-0.006985,-0.115326,-0.076050,0.184898,0.022754,0.003836,-0.508593,-0.105993,-0.212880,-0.127813,-0.134531,-0.646772,-0.273494,-0.080295
0.057150,-0.144818,0.063473,0.481448,-0.127884,-0.157407,0.439570,0.279338,0.231373,-0.097164,0.049021,-0.119410,0.125717,0.795745,-0.182249,0.161583
-0.145360,-0.186389,-0.123838,0.573157,-0.016391,-0.022128,0.125231,0.012356,-0.075853,-0.088267,0.144590,-0.158884,-0.196090,0.105165,0.065777,-0.005088
-0.278074,0.083643,0.389373,0.221480,0.255712,0.021254,0.241153,-0.003688,0.300457,-0.207239,0.170771,0.126444,-0.230382,1.137077,0.173812,0.278558
0.073514,0.067399,0.260697,0.278618,0.246855,0.196379,0.452123,0.077833,0.309750,0.241928,0.360952,0.204922,0.189651,1.060291,-0.032863,0.191573
-0.045346,0.098456,0.123590,0.471647,0.211346,-0.113627,0.105096,-0.172931,-0.030538,-0.133577,-0.004226,-0.212053,-0.097604,0.106347,0.305712,-0.239402
-0.018416,-0.225612,0.117322,-0.052834,-0.197312,-0.215136,0.316202,0.175420,-0.106863,0.094128,0.262933,-0.027445,-0.168359,0.289546,-0.047886,0.277034
-0.342702,-0.039185,0.136024,-0.071455,0.006119,0.119766,-0.317996,-0.029694,0.042389,-0.032813,-0.016044,-0.170256,0.012807,0.343519,0.196941,-0.189404
0.070815,-0.102429,0.296123,-0.004335,0.218029,-0.032398,0.376613,0.347976,0.222073,-0.199178,-0.104491,0.317035,-0.045467,1.190214,0.260861,0.194772
-0.203192,-0.013998,0.170897,-0.200381,-0.374157,0.113327,0.101738,0.010726,0.309458,0.067867,0.219672,-0.082039,0.149901,0.092671,0.254313,0.123735
-0.018067,-0.005628,0.094818,1.315129,0.148680,-0.273499,0.559768,0.402672,0.526959,0.055375,0.296568,0.146105,-0.248831,1.975026,0.190911,0.337696
0.238434,-0.065668,0.183242,0.083490,0.064446,-0.029644,0.171496,0.344487,0.319178,-0.022571,0.020974,0.105621,0.160462,1.005234,0.031819,0.387651
-0.193076,-0.001589,-0.003229,0.200459,0.219937,-0.045579,0.422506,0.224760,0.122231,-0.079771,0.161181,-0.132101,0.084662,0.898953,0.052173,0.106331
0.006754,-0.207759,-0.015338,-0.208106,-0.135512,-0.283332,0.136555,0.161101,-0.009732,0.146130,-0.023262,0.189177,-0.117795,0.949655,-0.012650,0.133367
0.023622,0.269461,0.438937,0.175491,0.343006,-0.034139,0.223865,-0.064878,0.320579,0.019798,0.384087,0.092076,0.064802,1.148889,0.113419,0.599463
-0.030771,-0.328230,0.262454,-0.006649,-0.028289,-0.127391,0.029219,0.017822,0.383723,0.224620,0.395418,0.330202,-0.018225,1.363449,-0.091019,0.096412
0.139360,-0.009018,-0.110496,-0.195254,-0.219582,-0.090162,0.246232,-0.063392,-0.066607,-0.126502,-0.059876,0.138967,0.151453,-0.039512,0.152416,0.184493
-0.138893,0.061166,0.093384,0.170747,0.078236,0.226554,0.221073,0.096330,0.319521,-0.088488,-0.217781,0.090794,-0.377458,1.189873,-0.023549,0.552192
-0.061574,-0.015251,0.051531,0.013226,0.147121,-0.272737,0.113094,0.158414,0.401681,-0.049972,0.295420,0.017446,-0.266256,0.395735,0.013169,0.199582
0.036314,-0.124826,0.511026,0.088855,0.282280,-0.290368,0.236370,-0.016322,0.169743,0.197709,0.196767,0.038938,0.226824,1.016724,-0.143004,0.087641
0.031945,0.087937,0.080530,0.084231,-0.047601,0.049029,0.378128,0.144377,0.112492,-0.206613,-0.035657,0.030477,-0.189821,0.834492,0.168045,0.063227
-0.061058,0.025619,0.291936,0.129203,0.051204,-0.239410,-0.147046,0.010878,0.000648,-0.052230,0.138099,0.276285,-0.100602,0.291019,-0.137184,0.130357
0.122199,0.037391,0.077778,0.202525,0.244983,0.099614,-0.131503,-0.260233,-0.074816,-0.069802,-0.131841,0.147790,-0.000250,0.394423,0.210560,-0.057106
-0.021383,-0.243179,0.101115,0.425685,-0.059113,-0.260760,0.421048,0.050638,0.055151,-0.206033,0.113370,0.072642,-0.189659,0.842792,-0.020404,0.043581
-0.257588,-0.229641,-0.085907,-0.246390,-0.064956,0.192393,-0.056058,-0.334683,0.091392,-0.003875,0.129505,-0.310372,0.131357,0.336164,-0.030068,-0.300367
0.132941,0.211891,0.230501,0.254355,0.137065,0.095680,0.282699,-0.016400,0.230986,-0.061969,0.051506,0.011882,-0.244811,1.557624,0.140565,0.271346
-0.233150,-0.350772,0.020234,-0.213514,-0.215711,-0.007135,-0.346068,-0.078632,-0.056619,0.239471,0.023639,0.132377,-0.035194,-0.060817,0.098128,-0.021521
-0.211903,0.215304,0.260599,0.487099,0.066367,-0.101058,0.163120,0.052454,0.491878,-0.242068,0.281332,0.232276,0.111049,1.013697,0.092536,0.357176
-0.038225,-0.021031,0.150370,0.326721,-0.064901,0.014419,0.173713,0.230284,0.339822,-0.126037,0.123930,0.022211,-0.030615,1.103651,0.309976,0.362345
0.042663,0.098367,0.066149,0.111452,0.168912,0.262857,-0.025595,0.064426,0.338078,-0.012251,0.258844,-0.015163,0.101055,0.058956,0.066852,0.109765
0.034907,-0.008818,-0.097989,-0.029991,-0.065138,0.111469,0.263450,-0.308905,0.005801,-0.097182,0.181576,0.297160,-0.108928,0.735820,-0.137825,0.114287
-0.241226,-0.049675,0.077529,0.022316,-0.086994,-0.042946,-0.008619,-0.032913,-0.002527,-0.048102,0.094637,0.088941,-0.067564,0.954758,0.430885,-0.074475
-0.046978,0.178035,0.361694,-0.193889,0.168130,-0.135114,0.249225,0.065267,0.268165,0.188076,0.032479,0.199085,-0.349320,1.378115,0.192437,0.494767
-0.253424,0.164549,0.302010,-0.066419,-0.028665,0.114205,0.036145,-0.103159,0.239261,-0.274809,0.085630,0.316631,-0.117103,0.301164,0.356846,0.012970
0.099701,0.016289,0.525117,0.073382,0.179764,-0.147351,0.377320,0.270230,0.320720,-0.276550,0.342962,0.104881,0.009348,0.884935,0.221428,0.279470
-0.020577,-0.068862,0.050914,0.389051,0.236422,0.073905,0.063747,-0.109794,0.147092,-0.243320,-0.086727,0.086613,-0.126056,0.487746,-0.028726,0.134632
0.102574,-0.021245,-0.080837,0.295155,-0.027591,-0.101146,0.517771,-0.007855,0.020607,-0.243466,0.049041,0.245687,0.141383,0.392796,0.034329,-0.082956
-0.059932,-0.325311,0.129508,0.390867,-0.008971,-0.240706,0.037062,0.169615,0.091854,-0.323842,0.128631,-0.036567,-0.191052,0.261326,0.173410,-0.114851
-0.220395,-0.088732,0.347894,0.285669,0.045669,-0.097166,0.233091,0.015104,0.039204,0.155051,0.166990,-0.380060,-0.048671,1.111967,-0.088601,0.140211
-0.109552,-0.062993,0.063591,0.610491,0.082895,-0.203894,0.315542,0.025520,0.188571,-0.025340,0.009500,0.271576,-0.196498,0.877970,0.002123,0.277406
-0.128328,0.103093,0.325768,0.145975,0.267431,-0.000696,0.185045,0.010271,0.189830,0.022535,0.193927,0.127076,-0.115634,1.330671,0.008183,0.481747
-0.187256,-0.050084,0.214473,0.169802,0.304923,-0.130845,0.349895,0.100065,0.645051,-0.089402,0.081265,-0.108606,0.007298,1.636571,0.082985,0.255596
0.063318,0.297605,0.117656,-0.107441,-0.064205,0.200362,-0.031078,-0.030047,0.221449,0.153757,0.145829,-0.011479,0.150715,0.234499,0.116906,0.135191
-0.350687,0.288619,0.175173,0.597936,0.240825,-0.014824,0.430032,0.224045,0.208441,-0.085619,0.278794,-0.199110,-0.015873,0.785486,-0.034099,0.113939
-0.080067,-0.023775,-0.045572,-0.147436,0.070146,0.131115,-0.059824,-0.173082,0.199127,-0.109691,-0.067423,-0.166325,0.077617,0.141004,-0.062242,0.023687
0.080565,0.218685,0.106633,0.183536,0.169430,0.039809,0.268275,0.108778,0.079187,-0.279750,0.072423,-0.178478,0.066031,0.880682,0.132511,0.144377
-0.033032,0.305717,0.325363,0.329715,0.380279,0.205686,0.536404,0.050418,0.401631,-0.134718,0.306253,0.101439,0.382465,1.518230,0.339289,0.398638
0.115132,0.279992,0.162424,0.188863,0.013922,-0.147312,0.249642,0.270502,0.253059,0.094543,0.041297,0.248135,0.007907,0.428069,0.229385,0.007386
0.059848,-0.163899,-0.007964,0.307930,-0.164695,0.144135,0.251074,0.029457,-0.050163,0.069494,0.019568,-0.239613,-0.066787,-0.062089,0.021481,-0.045290
-0.059824,-0.149782,-0.183627,1.231127,-0.264849,0.115177,0.051738,0.111889,0.105460,-0.083736,0.585401,-0.066286,-0.156205,0.174518,0.569069,-0.125638
-0.079097,0.086745,0.155188,0.051148,0.234664,-0.080307,0.510626,0.182902,0.295921,-0.239522,0.220174,-0.243195,-0.110480,2.257382,0.214597,0.111234
-0.137114,-0.399535,0.118987,-0.075872,-0.156944,-0.031389,0.035106,0.035727,-0.015423,0.309926,0.054181,0.083531,-0.039028,1.658958,-0.279882,0.068737
0.142467,-0.136143,0.016443,1.113747,0.391119,0.147802,0.223920,-0.062780,0.318499,-0.295935,-0.036934,-0.171340,-0.080370,0.685129,0.056522,0.115894
-0.157957,0.180136,0.106250,0.666899,0.400556,0.089979,0.490614,0.186259,0.807148,-0.078572,0.335305,-0.246132,0.381318,1.548394,0.129341,0.071234
-0.028015,-0.084447,0.176912,-0.112178,0.120365,0.133711,-0.094859,-0.045200,0.002483,-0.205466,0.198320,0.145895,0.168883,0.207603,0.124864,-0.209050
-0.079336,0.232114,0.049589,0.072236,-0.091896,-0.194758,-0.145035,0.201833,-0.120071,0.208434,-0.077600,0.268459,-0.043054,0.548790,0.142433,0.115444
-0.253035,0.136437,0.218993,-0.078157,0.049654,-0.273079,0.103338,0.255613,-0.143220,0.067095,0.070715,0.046608,-0.067239,0.862099,0.207744,0.155949
-0.163558,-0.148676,0.052991,0.091919,-0.069923,0.149932,0.093518,0.152888,0.217984,0.299529,0.013553,-0.088099,-0.216610,1.010601,0.264488,-0.013550
0.154634,0.029955,-0.128480,1.225327,0.229398,0.140427,0.461572,-0.062759,0.401914,-0.546968,0.033463,-0.431434,0.300234,0.178199,0.265332,-0.034510
0.054540,-0.155116,0.148825,0.564818,0.190190,-0.017541,0.368792,0.035229,0.416780,0.076436,0.625713,0.078977,0.115897,0.996100,0.276089,0.036036
-0.028007,0.071862,0.160343,0.217281,0.203432,-0.165761,0.317326,0.112795,-0.075786,-0.310061,0.117833,0.105674,-0.037476,0.974801,-0.201481,-0.036223
-0.013964,-0.044440,-0.094533,0.007861,0.005223,-0.253659,0.270983,0.134754,-0.128095,-0.322414,0.070548,0.052574,0.238223,0.054917,0.232736,-0.136218
-0.127946,0.076888,0.311237,0.274824,0.015006,-0.297946,0.408896,0.029952,0.490430,-0.082573,0.015844,0.043606,-0.193821,0.742011,0.152138,0.268921
0.040942,0.184561,0.248814,0.710083,0.095825,-0.079921,0.820573,0.221628,0.425915,0.034328,0.308756,-0.101596,-0.176185,1.390742,0.085534,0.097484
0.025981,-0.047889,0.089275,0.444499,0.045463,0.041332,0.093222,-0.011072,0.025641,-0.192082,0.105062,0.194951,-0.040538,-0.582778,-0.041060,-0.248473
-0.308967,0.040736,0.034796,-0.210801,0.019353,-0.075650,0.240369,-0.121268,0.146696,-0.124505,-0.070859,0.339741,-0.034417,1.129803,0.151020,-0.086603
0.008683,0.174222,0.102735,0.118589,-0.041833,0.119973,0.168852,0.017467,0.034029,0.014121,0.007395,0.088657,-0.038759,0.007366,0.044137,0.042027
0.033887,-0.132664,0.101566,-0.128008,0.198708,0.033748,0.442428,0.274698,0.246997,-0.052156,-0.056709,0.284981,-0.081157,1.778969,0.087686,0.166136
-0.178351,0.006410,0.015440,0.351892,0.011479,0.184772,0.363527,-0.116984,0.129709,-0.200264,0.349459,0.103959,0.033997,0.994769,0.330591,0.109973
0.105593,-0.128045,0.312430,0.040780,0.132850,-0.043843,0.241835,-0.352210,0.290560,0.004327,-0.046821,-0.086450,0.138656,0.745924,-0.017449,0.402804
-0.131985,-0.080751,-0.101235,0.213221,-0.086114,-0.075991,0.122412,0.125566,-0.078861,-0.058485,0.212094,0.161875,-0.037614,-0.154014,-0.158585,0.076507
0.081828,-0.038088,0.034138,0.306664,-0.042189,0.003453,0.127712,0.066131,0.086589,0.003355,-0.025022,-0.030952,0.052184,0.197644,-0.148921,0.098783
0.093122,0.128113,-0.252950,0.357915,0.046214,0.142990,-0.104825,0.069807,-0.146146,-0.129601,-0.184784,0.165675,-0.344650,-0.410749,-0.116840,-0.220588
-0.387548,0.161213,0.239069,0.346788,0.213267,0.006096,0.215544,-0.030484,0.133751,-0.153022,0.116956,-0.174130,-0.135323,0.576722,0.237249,-0.028161
0.224111,-0.022476,-0.201015,0.443199,-0.216844,0.152058,0.043175,0.056817,-0.166166,0.037056,0.003408,0.031775,-0.111383,0.420906,-0.033230,0.034847
0.070325,-0.140168,-0.182718,0.477308,0.187937,0.049043,0.084235,-0.281913,-0.129453,-0.032221,0.071854,-0.127853,-0.308484,-0.133404,-0.161515,0.149618
0.080153,0.090113,0.031407,0.342673,0.227206,-0.038315,0.546923,0.135040,0.336310,0.008809,0.045981,0.011844,-0.166037,0.858394,0.074466,0.260343
0.148945,-0.005526,0.126575,0.328976,-0.049111,-0.057136,0.259197,0.523507,0.154744,0.009202,0.147837,0.201664,-0.162423,0.938347,0.117934,0.101345
-0.114134,0.034398,-0.059943,0.097085,0.112631,0.154347,-0.118170,-0.041721,-0.024208,-0.093891,0.007102,0.130118,-0.134214,0.720926,0.155123,0.161647
-0.084055,-0.066719,-0.208295,0.615277,-0.110849,0.091771,-0.158658,-0.300311,-0.236554,-0.310870,-0.088131,-0.161975,0.294510,-0.826129,0.241448,-0.429644
-0.107935,0.366137,0.021206,-0.033963,0.027470,0.205755,0.299829,-0.245877,0.152256,-0.118248,0.027523,-0.289637,0.176433,0.844785,0.061563,0.148441
-0.111064,0.079272,0.022641,0.236828,0.190823,0.141695,0.239919,0.089859,-0.030775,0.118735,0.333278,-0.124532,0.179734,-0.065678,0.022482,-0.017783
0.013884,0.208341,0.246351,-0.026067,0.148542,0.364207,0.274471,-0.175869,0.283034,-0.105485,0.485047,-0.062300,0.049629,0.430315,0.085731,0.460826
-0.225770,0.137537,0.181072,-0.392650,0.127706,-0.129351,-0.115601,0.056237,-0.190632,-0.360546,-0.302485,0.160116,-0.024222,-0.297335,0.070814,-0.388870
-0.157456,-0.069109,0.223429,0.139837,0.147794,-0.186254,0.197726,0.223626,0.060981,-0.108208,0.265116,-0.097074,-0.132845,0.567188,0.136735,0.049900
-0.234762,-0.080431,0.223665,0.662725,-0.004286,-0.100310,0.222582,0.140325,0.297466,-0.416578,0.083043,0.044549,0.138254,0.778663,0.256467,0.073814
0.213057,-0.089671,0.099850,0.093889,0.116119,-0.205347,0.426735,0.298773,0.161104,-0.296958,0.096037,0.063929,0.299647,0.423398,-0.036303,0.320777
0.006166,-0.116138,0.096245,0.660765,-0.020356,0.138752,0.525741,0.208354,0.424389,-0.254796,0.197962,-0.137920,-0.011389,0.787696,0.193852,0.178753
-0.048704,-0.030221,-0.097125,0.391053,0.300924,0.217795,-0.004849,0.188439,0.378647,0.033465,0.015782,-0.033909,0.026386,0.804315,0.146529,0.338724
-0.161570,-0.178953,0.308709,-0.308333,-0.037266,0.011197,-0.027174,0.320879,0.166955,0.193407,-0.180960,-0.108066,-0.130654,0.592740,-0.230765,-0.223341
0.169697,0.062440,0.081245,0.095870,0.051003,0.057087,0.471674,-0.148882,0.086995,-0.098515,0.197889,0.097642,0.018464,1.403112,0.065444,0.242982
-0.016777,-0.181112,0.137200,-0.060858,-0.035022,-0.150346,-0.057431,0.073435,0.022612,-0.043028,0.098753,0.164274,0.066085,0.457865,0.152837,-0.015939
-0.253051,-0.008384,-0.367378,1.286572,0.283978,-0.017054,0.352279,-0.051544,0.254767,-0.273795,0.239810,-0.140357,-0.263681,0.180559,0.100372,0.032668
-0.142950,0.130672,0.127692,0.135180,-0.025493,-0.144454,0.158696,0.041664,0.273516,-0.053613,0.395227,-0.046703,-0.100299,1.038199,0.234573,0.119236
-0.054386,-0.063951,-0.140623,0.402735,0.077771,-0.154142,-0.086854,0.038377,0.137847,0.029181,0.046123,0.030055,-0.029187,-0.007224,-0.019827,-0.103676
-0.025114,0.115039,0.015832,-0.026456,-0.032741,-0.308268,-0.172293,-0.098283,-0.021065,-0.070679,-0.090985,0.255497,-0.438001,0.629559,0.197120,-0.086597
-0.245655,-0.153158,0.073464,0.676283,-0.051894,-0.304980,-0.163517,0.084385,-0.239308,-0.149420,-0.283755,0.021886,-0.393420,-0.006372,0.173466,-0.267919
-0.025593,0.243028,-0.020962,0.337861,0.092506,-0.024224,0.357128,0.411366,0.260834,-0.107731,0.246268,-0.075766,0.068450,0.651595,-0.075057,0.219463
-0.012663,-0.024794,-0.073003,0.257411,0.003985,-0.238054,0.248174,-0.030913,-0.321501,0.028632,-0.073485,0.048506,-0.145058,0.282710,0.077521,0.069242
0.239406,0.339444,-0.061971,0.254721,0.122403,0.330820,0.244268,0.012753,0.178393,0.124563,0.267442,-0.133840,-0.307229,-0.069665,-0.015696,0.275562
-0.025122,0.151644,0.358759,-0.030230,0.134054,-0.158579,0.221461,0.010257,0.174482,-0.087692,-0.055591,0.129611,-0.108539,1.092998,0.360865,0.019701
0.136002,0.002072,-0.022861,0.474385,0.034915,0.288128,0.072019,0.202213,0.531081,-0.079447,0.243429,0.064424,-0.236605,0.760949,0.261700,0.458234
0.062748,0.231072,-0.103863,0.208849,-0.042356,-0.078753,-0.156920,0.032607,-0.141723,0.153070,0.043898,-0.083318,-0.273360,0.141683,0.068031,0.125721
0.030779,0.082809,-0.023290,0.382830,0.148295,-0.093490,0.280253,0.136880,0.166398,-0.493519,0.056823,0.349506,-0.047723,1.348268,-0.031592,0.115644
0.091050,-0.036792,0.025934,0.278045,0.048896,0.188495,0.098640,0.089776,0.004243,0.059435,0.039239,-0.214110,-0.296276,0.657342,-0.049459,0.165367
-0.032223,-0.030565,-0.065746,0.257960,-0.060083,-0.055129,0.043796,0.043290,0.339362,0.064857,-0.129648,0.174828,-0.166951,0.207533,0.119208,0.074170
0.192276,0.079809,-0.195597,0.073147,-0.035980,0.018662,0.057792,0.034889,-0.036182,-0.247230,-0.143100,0.179416,-0.143400,0.785713,0.270210,0.250690
-0.178923,0.024530,0.142267,0.143672,0.034355,0.001475,0.130751,0.180036,0.222037,-0.054162,0.012157,0.089577,0.081011,0.827675,0.350613,0.045100
0.082090,-0.018976,0.064290,0.072022,0.248693,-0.102787,0.377050,0.230163,0.019664,0.007032,0.145538,-0.212592,-0.075219,0.717491,-0.097544,-0.184273
-0.012407,0.083690,0.154934,-0.086788,-0.082564,-0.005429,0.415572,0.274370,0.042893,-0.345999,0.282958,0.177609,0.217387,0.148485,0.250439,0.303593
0.033934,-0.195162,0.216923,0.124784,0.524606,-0.362239,0.224110,0.044232,0.540437,-0.101096,-0.134132,0.209016,0.155011,0.487992,-0.048463,-0.070437
0.160469,-0.054443,0.012083,-0.036715,-0.011389,-0.153417,0.036643,0.337480,-0.085562,0.034919,-0.185212,-0.095092,-0.197256,0.084561,-0.052739,-0.076912
0.009870,0.290159,0.334187,-0.227050,-0.010549,0.079106,0.280821,0.010967,-0.007846,-0.069265,0.033170,0.057147,-0.047164,0.816594,0.011894,0.196548
-0.201234,-0.084191,0.514435,0.460198,0.224132,0.028490,0.128939,0.213745,0.071948,-0.136700,-0.151780,0.037458,-0.132275,1.253168,0.068679,0.148213
-0.038105,-0.008995,0.320507,-0.029102,0.167996,-0.252027,0.051361,0.122270,0.302613,0.220644,-0.166764,0.193791,0.063357,1.274464,0.138199,0.208162
0.249338,0.072548,0.105652,0.090865,0.191922,0.164168,0.393000,0.180925,0.212025,0.357385,0.226641,0.050607,-0.002353,0.916030,0.340231,0.218510
-0.173650,0.411651,0.019135,0.397847,0.168873,0.022884,-0.156706,-0.152781,0.121927,0.040895,0.089530,-0.025485,0.001161,-0.187827,-0.211551,-0.058158
-0.106276,0.106598,-0.224659,0.413664,0.215613,0.051366,0.210380,0.003152,0.285137,-0.066199,0.096531,-0.313594,-0.187972,0.901827,0.169353,0.241176
-0.031021,-0.084910,0.384933,-0.137977,-0.155965,0.074202,0.322571,-0.192444,0.399390,0.134899,0.087852,0.253901,-0.233368,1.135665,0.139140,0.312929
0.087692,0.011204,0.243120,0.005159,-0.250962,-0.091454,-0.042470,0.350475,0.300701,0.097497,0.228387,0.059900,-0.176941,1.440969,0.287641,0.247702
-0.100442,-0.049489,-0.021809,-0.220470,-0.108964,0.022381,-0.098780,-0.017381,0.101182,0.004330,-0.218669,0.033043,-0.142222,-0.359208,0.275907,0.076271
-0.279013,0.166988,0.051440,0.493311,0.261626,0.137699,0.145031,-0.018107,0.235574,-0.160357,0.208972,-0.231254,0.156968,0.835804,0.044713,0.372135
-0.298219,-0.033775,-0.023280,0.327281,0.094211,-0.142174,0.149520,0.064926,0.246722,-0.033078,0.051293,0.100818,0.127442,0.549839,-0.073586,-0.039999
0.033467,0.249443,0.243751,0.045884,0.178584,0.236634,0.543679,-0.185052,0.143202,0.200395,0.468439,0.371788,-0.014008,0.995359,0.020003,0.179499
0.030073,0.227232,0.026646,0.524845,0.061833,0.283096,0.019607,-0.119343,0.219403,0.214581,0.079582,0.091020,-0.272357,0.208109,0.149816,-0.029318
0.055832,0.092776,0.022125,0.353588,-0.110220,0.077296,0.088621,0.042208,-0.113373,-0.011149,-0.296936,0.004525,-0.297995,0.028833,-0.017388,0.099801
-0.143952,0.237192,0.351976,-0.091271,0.158259,0.380800,-0.219772,-0.217673,0.200272,-0.114552,0.183029,0.084169,0.266871,-0.183282,-0.182122,0.201942
-0.016249,0.168136,0.076987,0.332757,0.147787,0.064277,0.046855,0.084339,0.044129,0.045243,-0.161743,-0.099266,-0.213468,0.220787,0.094231,-0.146295
0.058435,0.064818,0.028099,0.077293,0.125148,0.365486,0.323075,-0.150360,-0.086642,-0.089640,0.315345,-0.046557,0.249090,0.008312,-0.218007,0.154133
0.046595,0.074205,0.226682,0.516965,0.102434,-0.057963,0.142697,0.061528,0.211827,-0.260886,0.115335,0.001762,-0.138124,0.720071,0.083925,0.244732
-0.127235,0.249674,0.255298,-0.112052,0.234223,-0.035484,0.259054,0.139234,0.051779,0.125104,-0.227070,-0.065114,-0.092708,1.376311,0.190244,0.385600
0.325969,0.051573,-0.178711,0.197830,0.183280,-0.034183,0.173507,-0.057762,0.180903,-0.410721,0.280964,0.056322,0.004779,0.078436,-0.039806,0.134463
-0.240726,-0.264454,-0.056479,0.041966,-0.161898,-0.333448,-0.068489,0.134208,0.202340,0.030209,-0.418086,0.075751,0.019936,0.185015,0.132518,-0.013816
0.054085,-0.101482,0.243326,0.287703,0.173459,-0.157443,0.061821,0.294969,-0.222330,0.072938,0.263546,0.066222,0.221791,0.082386,-0.025343,0.125330
-0.066295,-0.114878,0.173607,0.197832,-0.220337,0.028178,0.629449,0.094682,0.129444,0.020540,0.291180,-0.103659,-0.127745,1.554686,0.442969,0.171784
0.035331,0.504314,0.125896,-0.466556,-0.102796,-0.173916,0.259016,0.395075,0.250157,-0.069164,-0.090530,0.108389,-0.104669,0.680425,0.363590,0.375272
-0.092819,-0.448756,0.197286,0.264771,-0.142867,-0.074715,0.218735,0.392618,0.380777,-0.180675,0.341131,0.023036,-0.053123,1.039215,0.370814,0.266542
-0.043918,-0.102659,-0.134400,-0.283814,-0.126330,0.156857,-0.058481,0.059421,-0.028015,-0.118400,-0.215775,-0.135521,-0.148755,-0.011801,-0.002408,-0.016468
-0.165683,-0.142604,-0.086679,0.307306,-0.104994,-0.103003,0.114370,0.050878,0.239487,0.124307,0.270446,0.033128,-0.108375,0.241900,0.143008,0.139959
-0.166084,0.494740,0.397099,0.137233,0.530982,0.237223,0.468792,0.379886,0.633888,-0.354710,0.266001,0.130312,0.010743,1.689067,0.303187,0.185435
0.065230,-0.112048,0.051490,0.337788,-0.083873,0.096903,0.158318,0.092055,0.113996,0.061249,0.287613,0.026629,-0.242405,1.132715,0.295858,0.332464
0.452306,0.434490,0.091893,0.037915,0.149160,0.217543,0.294494,0.014661,0.235619,0.186023,0.031908,0.135365,0.324252,0.911730,0.213765,0.194795
0.185354,0.249462,-0.156873,0.503798,0.289383,0.145498,0.423796,0.363842,0.181951,-0.389239,0.253825,0.093298,0.081969,0.384235,-0.087073,0.297724
-0.026403,0.231335,0.060612,0.264145,0.269623,0.025843,0.323333,-0.001238,-0.046783,-0.257805,-0.027840,-0.005537,-0.015898,-0.182914,0.101662,0.218005
-0.060815,-0.271059,-0.043314,-0.083587,-0.151664,-0.277703,0.033665,-0.082608,-0.179583,-0.208357,0.143865,-0.090525,-0.200931,0.036535,0.190928,0.052319
-0.194007,-0.105634,0.412668,0.111995,0.043284,0.095229,0.095297,-0.047118,0.506270,-0.090673,0.196543,0.222592,-0.131278,1.243165,0.162224,0.243042
0.077083,0.137378,0.095156,-0.184227,-0.289908,0.115318,0.035338,0.308677,0.135315,0.003393,0.348755,-0.171325,0.279410,0.465445,0.249430,0.413167
0.080042,-0.002733,-0.050410,0.760399,0.103355,-0.040054,0.269517,0.104268,0.039985,-0.374325,-0.068929,-0.006087,-0.062629,0.813970,0.203973,-0.069194
0.082256,0.195930,0.217391,0.015983,0.024495,-0.170998,0.232947,0.074680,0.232968,-0.256123,0.032544,0.190933,-0.342761,1.148432,0.065530,0.269367
-0.273415,0.106960,0.070073,0.158832,0.106048,0.040498,0.487375,-0.010214,0.107301,-0.021102,-0.015482,-0.056451,-0.024733,1.401958,0.066546,0.135286
-0.103131,-0.006447,0.016501,0.035933,0.027947,0.025878,0.492077,0.145115,0.153372,-0.291652,0.182515,-0.032837,0.100252,1.464203,0.081572,0.342991
-0.027543,-0.045034,0.055336,0.197073,-0.267192,-0.125674,0.155916,0.124849,0.081383,0.120733,0.054649,0.168770,-0.522738,0.901911,0.102626,0.007282
-0.171013,-0.015455,0.432196,0.118849,0.253829,-0.347013,0.303785,0.333854,0.768163,0.249362,-0.021963,0.223644,-0.327165,1.896190,0.244444,0.243625
-0.312393,0.213582,0.056035,0.186928,0.017358,0.014778,0.129294,0.307110,0.212324,-0.355711,-0.036498,-0.087405,0.212616,-0.254927,0.228101,0.012665
0.273934,-0.160747,0.063475,-0.048152,0.319524,0.007241,-0.079320,-0.229068,0.037681,0.183080,0.071620,0.100822,-0.169314,0.566274,-0.119133,0.202297
-0.143390,-0.156960,0.000939,0.351235,0.072546,-0.144219,0.220751,0.093171,0.056710,0.038235,0.243932,0.322850,-0.138821,0.762702,0.107431,-0.121686
-0.082918,0.128918,0.171387,0.432419,0.351183,-0.015269,0.061333,0.095369,0.279893,0.017917,0.095983,-0.171539,0.214151,0.689617,-0.002972,0.325435
0.039201,0.273598,0.017273,0.074110,0.183784,-0.067896,-0.075633,0.073180,0.167062,-0.044336,0.018047,0.447408,-0.044585,1.298127,-0.121037,0.302154
-0.015882,-0.000866,0.077583,-0.043123,0.003350,0.247254,-0.304630,-0.189256,-0.193135,-0.220011,-0.167340,0.230120,0.328425,-0.259343,-0.066656,0.020884
0.092610,-0.116217,0.227324,0.264109,-0.259926,-0.220472,0.024521,0.465763,-0.007629,-0.253628,0.495893,0.294481,-0.112647,0.904573,0.242068,0.147071
-0.107576,-0.123766,0.158046,-0.082467,0.143430,0.102230,0.400825,-0.243982,0.248533,-0.350947,0.442956,-0.026053,0.022561,0.864845,0.112593,0.025092
0.041887,-0.005302,0.315951,0.276685,0.256916,0.094280,0.252705,0.051849,0.215441,-0.388233,0.251631,0.135229,0.287885,1.262102,0.284572,0.100879
0.089829,-0.150085,-0.096765,0.052053,0.054758,-0.000462,0.020434,0.025751,-0.152981,0.086771,0.150210,-0.051163,-0.251802,0.305952,-0.168726,0.062700
-0.253071,-0.048837,-0.266475,0.406146,-0.045877,-0.150833,0.328497,0.107329,0.133227,-0.378857,-0.091060,0.144443,-0.387250,1.047811,0.115977,0.001340
-0.034349,-0.281766,0.239001,0.605030,0.050066,-0.135590,-0.056021,0.184446,0.335453,-0.173561,0.080103,0.030733,0.331285,0.164367,0.173403,0.109757
-0.015914,-0.161353,-0.134888,0.462923,0.080493,0.128002,-0.099739,0.032439,-0.210665,0.079386,0.075371,0.091558,-0.225114,0.806208,0.001126,0.117361
-0.023753,-0.016531,-0.044047,0.444071,0.046944,-0.239222,0.157760,0.037877,0.060431,-0.452517,0.136366,0.255431,-0.171421,1.082043,0.318016,0.117733
0.032365,-0.203394,0.528596,0.259760,0.051637,0.164355,0.126282,0.180908,0.400670,0.307892,0.390577,0.098518,0.045336,0.828350,0.048158,0.356937
0.019662,0.038917,-0.181442,-0.465295,-0.184404,-0.253398,-0.134578,0.106813,0.123171,0.061537,0.045171,0.233188,-0.117154,0.644871,0.017887,0.031438
0.030978,-0.220490,-0.027021,0.449640,0.137164,-0.166869,0.598848,0.098231,0.309242,-0.197281,0.195919,0.082348,-0.404089,1.163366,0.135917,0.144069
0.088584,0.088681,-0.107968,0.308429,-0.137864,-0.005563,0.307429,0.115635,0.118295,0.128566,0.150660,0.112101,0.153374,0.294138,-0.089838,-0.213036
-0.057209,0.047812,0.350812,-0.252341,0.082823,-0.300877,0.168417,-0.119083,0.035819,0.008110,0.123029,0.197306,-0.227470,1.144385,0.012372,-0.194789
0.018069,0.179771,-0.223931,0.341512,-0.207626,-0.089764,0.261399,0.162888,0.076481,0.226394,0.433894,0.337851,-0.139701,0.943664,0.117768,0.037671
-0.121730,-0.067549,-0.005217,0.329599,0.105459,0.048091,-0.000611,0.221135,0.163331,-0.143903,0.099190,-0.054169,-0.086715,0.361731,0.041995,0.038891
0.172418,-0.271839,0.024465,0.582901,0.005739,-0.039641,0.354362,0.243119,0.287065,0.267138,0.161103,0.190039,-0.426944,0.936872,0.037125,0.354405
0.133094,0.127240,0.174041,0.683146,0.400859,-0.025864,0.525980,0.126092,0.403155,-0.012563,0.369053,0.325353,-0.214755,2.053703,0.375699,0.277494
0.007105,0.212163,0.308077,-0.050875,0.160348,-0.030180,0.160842,0.119310,0.297778,0.309839,0.263350,0.050272,-0.233499,1.205568,0.159467,0.176738
-0.135522,-0.002655,0.029867,0.328590,0.119214,-0.075035,0.013403,0.091913,0.412861,0.105237,0.384632,-0.231021,-0.117430,0.543043,0.360341,-0.002331
0.010290,0.078925,-0.043649,1.445417,0.304827,0.047965,0.155131,-0.111374,0.069097,-0.427459,0.199693,-0.054618,-0.328981,0.188877,0.264511,-0.056281
-0.029030,0.372159,0.427476,-0.028439,0.493850,0.123565,-0.039115,-0.064663,0.305179,-0.085482,-0.028944,0.158485,0.342658,0.603737,-0.075881,0.338608
-0.064126,-0.339800,-0.062744,0.173892,-0.155237,0.006448,0.300820,0.305393,0.084298,-0.413498,0.277587,-0.289890,0.247493,0.419016,-0.075037,-0.229248
0.099940,0.289493,-0.113846,0.459641,0.177385,0.239943,0.316011,-0.169182,-0.099812,-0.214924,-0.079808,-0.062334,-0.002093,-0.411815,-0.185620,0.117863
-0.003147,-0.280700,-0.024428,1.662254,-0.170822,-0.176199,0.051119,0.013200,0.024530,-0.021354,0.098737,-0.158060,-0.174704,0.043443,0.252737,-0.105657
0.142640,-0.257175,0.086147,0.288455,0.137906,0.284699,0.230216,-0.223106,-0.284016,-0.051741,0.439353,0.176822,0.032050,-0.410791,-0.213627,0.045334
0.010359,-0.044651,0.244333,0.271370,0.246700,-0.165685,0.280084,0.361431,0.371557,-0.108879,-0.083460,0.021721,-0.318238,1.254359,0.366812,0.136206
0.060446,0.051022,0.261459,0.204693,0.323038,0.151530,-0.052761,0.380865,0.407971,-0.058245,0.091755,0.204061,0.094346,0.659182,0.167619,0.131427
0.204676,0.281978,0.220896,0.007621,0.158486,0.336326,0.370633,0.262459,0.232186,0.473133,0.175732,-0.039734,0.071751,0.409307,0.013500,0.174582
0.159891,-0.052080,0.273542,0.566848,0.355769,0.045243,0.676378,0.132412,0.560095,0.120333,0.453659,0.159330,0.193583,2.010770,0.048713,0.475877
-0.008142,-0.296823,-0.050642,0.183775,-0.113178,-0.070319,0.198871,-0.237619,-0.181026,0.087351,0.156976,-0.104111,0.051519,-0.303111,-0.180461,-0.182033
0.152155,0.217439,0.049724,-0.037970,0.096233,-0.031032,0.351115,0.359928,-0.114031,-0.205646,-0.048599,0.268718,-0.094732,0.792854,0.078781,0.117008
-0.309374,-0.053872,-0.070738,0.235092,0.284689,-0.289245,0.111905,-0.024795,0.046396,-0.334791,-0.156499,0.113758,0.027091,0.400789,0.124907,-0.298128
-0.128018,0.121483,0.305572,-0.487658,-0.081135,0.159591,-0.167740,-0.162586,-0.088237,0.080590,0.127329,0.167968,0.122735,0.146665,-0.015975,-0.317721
0.131410,-0.289973,0.210995,0.376491,0.164473,0.042530,-0.011008,-0.071297,-0.067496,0.087192,0.168872,0.188268,-0.135598,0.961544,0.124572,0.139922
-0.115651,-0.046608,0.098137,0.145850,0.012077,-0.124003,0.416604,0.203749,0.260348,0.234890,0.025153,0.160741,-0.529220,1.464796,0.418048,0.157585
0.107303,0.093161,0.083403,-0.057055,0.056139,0.226755,0.439766,-0.053933,0.207043,-0.100043,-0.018138,0.080870,-0.008828,0.584763,0.249528,0.167159
-0.109422,0.002201,0.145702,0.212968,0.168279,-0.108815,0.036538,-0.198661,-0.067815,0.195686,0.287102,0.008080,-0.297862,1.309780,-0.086238,0.061687
-0.171953,0.189874,0.052135,0.439535,0.209117,-0.056198,0.750680,0.324326,0.202438,-0.157297,0.138486,0.138684,-0.100632,0.634449,0.368102,-0.280939
-0.054149,-0.012465,0.033395,0.147259,0.065097,0.197612,0.130706,0.342151,0.116009,0.113654,0.330571,0.116261,-0.014248,1.519322,0.182457,0.538954
-0.025496,-0.054582,-0.137099,0.967506,0.121727,-0.198935,0.216154,0.312603,-0.220281,-0.648647,-0.272065,-0.052955,-0.304547,0.419473,-0.013744,-0.066637
0.009651,0.113327,0.058240,-0.186264,0.162434,0.088513,0.268741,0.252957,0.260643,-0.086873,0.251216,0.274709,-0.040093,1.081135,0.140770,0.168465
-0.011609,-0.135692,-0.006991,-0.131438,-0.199256,-0.326442,-0.055350,-0.053434,-0.018902,-0.031370,-0.019929,-0.185544,-0.002857,0.500007,0.084985,0.039733
-0.163435,0.052852,-0.218946,0.070075,-0.223817,-0.036405,0.130902,0.078414,-0.153752,-0.158649,0.208236,0.023624,-0.149474,0.956919,-0.044416,0.205395
-0.116969,-0.249592,-0.180671,0.021873,-0.069706,0.128732,-0.209887,-0.117434,-0.194224,0.097563,-0.199824,0.210390,-0.145328,0.208289,0.104220,-0.106521
0.233575,0.151792,0.099677,0.125584,0.262497,-0.153820,0.061895,0.015038,0.233428,-0.027450,-0.183959,0.040587,-0.099400,0.527459,0.087444,0.144384
-0.022591,0.317931,0.049938,1.389398,0.306897,0.464336,0.566037,0.176811,0.309431,-0.305580,0.341212,-0.039107,0.128594,0.181861,0.007739,0.020960
0.155407,-0.132725,0.111988,0.020224,-0.064649,0.010998,0.428079,0.230820,0.243121,-0.061390,0.349270,0.052612,-0.026400,1.685964,0.012960,0.334702
-0.025098,0.076451,0.154369,0.139181,0.110319,-0.252942,0.744480,0.290362,0.312506,-0.274153,0.124419,0.234092,-0.161350,1.193780,0.286651,0.217030
-0.001050,-0.196871,-0.081810,0.121211,-0.135435,-0.093612,-0.071124,-0.157218,-0.226501,-0.248862,-0.078038,0.040871,0.117158,-0.319844,-0.087639,-0.019835
0.050380,0.132212,0.049304,-0.150714,0.200297,-0.053968,-0.030899,0.156185,0.076998,0.031979,-0.225375,0.223780,-0.057895,1.441125,0.031684,0.036973
-0.170782,0.032192,0.159165,-0.032376,0.102847,-0.031427,0.097804,0.036733,0.064851,0.107546,0.010161,0.371418,-0.307158,2.511814,0.378239,0.573836
-0.402049,-0.046804,-0.218039,0.771923,0.102075,0.057588,0.078157,0.000641,0.054069,-0.632873,-0.021879,-0.038360,-0.038204,-0.106381,0.052020,-0.271413
0.031173,0.205653,0.336929,0.217643,0.245868,-0.021717,0.798413,0.072472,0.367935,-0.439867,0.384978,0.132948,-0.087956,1.596509,0.378307,0.135980
-0.153614,-0.072289,-0.115047,0.030754,-0.087918,0.205907,-0.016467,-0.013689,0.175283,0.094972,-0.161772,0.091853,-0.068147,0.245517,-0.034208,-0.048404
0.021244,0.031371,0.056135,0.211794,0.235272,-0.056899,0.615172,0.059243,0.391149,-0.268755,0.262942,0.008076,-0.002637,1.747937,0.176745,0.198347
0.057570,0.312538,-0.084664,0.514659,0.203388,0.108689,0.444637,0.157282,0.414118,-0.326808,-0.036777,-0.115465,-0.088834,0.664610,0.258054,0.550150
0.133426,-0.009240,0.466417,0.182200,0.431564,-0.013042,0.494288,0.175096,0.602732,-0.020635,0.333197,-0.105431,0.145116,1.207330,0.103723,0.440915
0.083871,0.071121,0.205881,0.128391,0.041595,0.124538,0.082548,-0.171673,0.103131,-0.010297,0.316751,-0.035336,-0.035722,0.040010,0.042221,-0.195176
0.066429,-0.005782,0.067463,-0.407999,-0.127017,-0.133044,0.249123,0.152347,0.113509,-0.097499,-0.135260,0.052487,0.132353,0.580259,0.272786,0.113095
-0.211103,-0.281704,0.113645,-0.199190,-0.138568,-0.135167,-0.078512,0.135108,-0.348579,0.190547,-0.321555,0.175240,-0.382669,0.156186,0.122263,0.024194
-0.229689,0.188859,-0.015385,0.749560,0.048097,0.128340,0.154153,0.095012,0.195793,-0.120130,-0.214415,0.040901,0.007927,0.076447,-0.028534,-0.023903
-0.144443,-0.071623,0.178251,1.611956,0.345645,0.165019,0.229418,0.132966,0.328766,-0.051392,0.534884,-0.012271,-0.202114,0.766023,0.190491,0.183920
0.032469,0.234912,0.153872,-0.243421,-0.084819,0.009550,-0.039112,0.219475,0.261457,0.008630,0.102276,0.122534,0.100689,0.743425,0.246753,0.402098
-0.047318,0.003570,-0.054676,0.652358,0.094981,0.026440,0.180681,0.145067,0.232493,0.083586,0.301689,0.274312,-0.104699,0.835261,0.199898,0.073963
0.158243,-0.293314,-0.289730,0.924614,0.315847,0.077981,0.205085,0.155790,0.190162,0.099165,0.077318,-0.266149,0.036303,-0.123720,-0.042527,0.062199
-0.337615,-0.116750,0.138770,0.198754,-0.147838,-0.364951,-0.103797,0.251088,-0.008285,-0.041707,0.057704,0.078471,0.382835,0.453131,-0.007589,-0.018241
-0.196839,-0.021698,0.122334,0.340607,-0.225904,-0.119865,-0.039132,0.146084,0.199919,0.050427,-0.091741,0.016539,-0.170558,0.582010,0.310296,0.241781
0.018271,0.016721,0.050042,0.226235,0.069203,0.015588,0.273815,0.334570,0.013923,0.054095,0.157574,0.066411,-0.250232,0.750888,0.025838,-0.103093
0.072600,-0.013810,-0.075883,-0.158952,0.150485,0.073519,0.116832,0.085649,0.012716,-0.057216,-0.148422,0.179803,-0.050665,0.319227,-0.073555,-0.158752
-0.159118,-0.028373,-0.106655,0.241459,-0.055393,-0.082496,-0.104755,-0.089741,-0.059862,-0.303958,-0.158634,-0.007577,-0.057040,-0.347686,0.075397,-0.221465
-0.192356,0.156669,0.400491,-0.499988,0.029277,-0.160844,0.179190,0.262675,0.479289,0.212011,0.266452,0.472421,-0.157946,1.948111,0.328639,0.144108
-0.080150,-0.032209,-0.009127,-0.064974,-0.070867,0.070178,0.076662,-0.002809,-0.036436,0.053379,0.054347,-0.040213,-0.013101,1.106429,0.067037,0.184025
-0.011085,-0.007694,-0.090579,0.102538,-0.089949,-0.320274,0.120485,0.104683,-0.274069,0.221437,-0.208365,0.184605,-0.547622,0.859881,0.127295,0.177890
-0.038482,-0.090508,-0.256183,0.208261,-0.139066,0.017255,0.304721,-0.004822,0.013460,-0.168865,-0.004039,-0.100064,-0.200700,0.427324,0.116029,-0.021846
-0.043814,0.100494,-0.020553,0.182002,0.129466,0.239485,0.107908,-0.258785,0.247909,0.102491,-0.007454,-0.185711,-0.313596,0.065771,0.070822,-0.161459
0.046978,-0.068721,-0.129098,0.986451,0.032013,0.183365,0.422804,0.312818,0.377389,-0.417156,0.120729,-0.098730,0.087433,-0.345719,0.118731,-0.158071
-0.242829,0.251280,0.235720,1.299501,0.229510,-0.063267,0.268249,0.371139,0.341813,-0.389793,-0.242381,0.027550,-0.045816,0.909078,0.420932,0.297287
0.145224,-0.206219,-0.118918,-0.045545,-0.146454,-0.100287,0.218396,0.128212,-0.036225,0.175239,0.160367,0.089206,0.100290,0.863001,-0.155921,0.270570
0.001033,-0.011522,0.041509,0.154283,-0.070667,0.141232,-0.036839,-0.124026,-0.006904,0.219258,0.133609,0.112481,0.087471,-0.178077,-0.115924,-0.104918
0.187160,-0.000862,0.030240,0.325313,0.290186,0.086485,0.632745,0.313106,0.099968,-0.323618,0.295061,-0.190634,-0.234972,0.828826,-0.316981,0.016771
0.163821,0.029495,0.281980,0.151752,-0.013973,-0.003022,0.362737,-0.068205,-0.143997,0.041756,0.039339,0.014025,-0.255064,0.903679,-0.036542,0.281093
0.059338,-0.099543,0.003451,0.519308,-0.064532,-0.036000,0.170238,0.099799,-0.011379,-0.171986,0.192603,0.098273,-0.176478,1.040150,0.309326,0.166420
0.007750,-0.059789,0.258196,0.108321,0.150578,-0.062619,0.380334,0.103478,0.120503,0.142206,0.160142,0.150467,-0.282724,0.870458,0.132561,-0.086796
0.011318,0.227638,0.091102,0.299603,0.086268,0.029410,0.301212,0.321951,0.125511,0.124960,0.137080,-0.197395,-0.197546,0.786093,-0.103416,0.080554
0.205648,0.072386,-0.072976,0.127911,0.112092,0.137660,0.088057,0.128244,-0.178884,-0.056356,0.376119,-0.007192,0.087247,-0.199862,0.013008,0.320702
0.194276,0.067316,0.260537,-0.762492,-0.090040,-0.148909,0.041792,0.100254,0.357733,0.210979,0.080207,0.038540,0.128940,1.549631,-0.208265,0.367078
-0.119829,0.014744,0.153855,-0.123030,0.071544,-0.139514,-0.170652,-0.130045,0.312379,-0.003757,-0.119674,0.292093,-0.015986,1.331994,0.099676,0.188979
-0.215357,0.005893,0.028103,-0.196472,0.150010,-0.295669,0.103637,0.177879,-0.102046,-0.252525,-0.104181,-0.075808,0.238243,0.018154,-0.006419,0.264409
-0.030701,-0.200498,0.187539,0.262631,0.167018,-0.114686,-0.192171,-0.028072,0.141886,0.217023,0.194264,0.006058,0.169118,-0.050381,0.054375,-0.147029
0.012592,-0.167815,-0.011019,0.224220,-0.075195,-0.055533,-0.100942,0.201708,-0.090344,0.042329,0.127800,-0.066877,-0.004325,0.413869,0.080495,0.091765
0.051540,-0.153861,-0.073099,0.291017,-0.194625,-0.231657,0.406221,0.125728,0.196189,-0.166963,0.338208,-0.141992,-0.088319,1.696651,0.225041,0.375906
-0.265137,-0.224697,-0.239890,0.088009,-0.343211,-0.220764,-0.187066,-0.058543,0.082342,-0.224669,-0.007381,-0.025535,-0.109418,0.082852,0.192294,-0.491391
-0.366611,0.015971,-0.009626,-0.078842,-0.172341,-0.181739,0.061888,0.093345,0.289482,0.347392,0.334610,0.185774,0.009025,1.275328,0.147398,0.011882
-0.196068,0.070327,0.186496,0.107938,0.055212,0.093325,0.037649,0.194320,0.168541,-0.078392,0.352943,-0.097355,0.068708,0.218565,0.315805,-0.191182
-0.039340,0.174462,0.053412,0.199673,0.034951,0.113331,-0.027305,0.152695,0.156245,0.031854,-0.085110,-0.075480,-0.231363,0.296058,0.302779,0.047996
-0.013227,0.114195,-0.046712,0.672156,0.199972,-0.085659,0.373549,0.069966,0.299231,-0.117062,0.084207,-0.144558,0.192638,0.046234,0.034952,0.175915
-0.216026,0.098924,0.366185,0.379814,0.340159,0.120553,0.221126,0.182086,0.429140,0.214631,0.168290,0.403127,-0.201433,2.191038,0.096575,0.450413
0.226097,0.041430,-0.141288,-0.139978,-0.178908,-0.232821,0.367119,0.108038,-0.146701,-0.037690,0.043060,0.092237,-0.155923,1.185905,0.055384,0.183683
-0.243055,0.144702,0.263042,0.010920,-0.090531,-0.043119,-0.172074,0.061719,0.391090,-0.176443,0.099477,0.274498,-0.114990,1.096752,0.048120,0.016774
0.038158,0.073018,0.180640,-0.138811,-0.056594,-0.115811,0.346923,0.240445,-0.092523,-0.254901,0.376660,0.073648,-0.135651,0.661317,0.080929,0.192140
0.107844,0.024718,0.199621,0.115566,0.324109,0.113445,0.042560,-0.111633,0.148878,-0.078921,0.028769,-0.211999,0.421087,-0.136071,0.070434,0.189665
-0.137968,0.001605,0.021168,0.454505,0.072336,-0.011767,0.347332,-0.022829,0.005453,-0.236934,-0.176962,0.094276,-0.160245,1.032493,0.247259,0.243970
-0.239341,-0.262311,0.109693,0.204491,-0.038067,-0.266139,-0.415448,-0.077562,-0.112285,0.355662,0.037433,0.113064,0.147463,0.003085,-0.148872,-0.222388
-0.130807,0.105436,0.083970,0.557863,0.072924,-0.322780,0.292628,0.278897,0.356489,-0.509379,-0.128253,0.195628,0.089158,0.271852,0.172377,0.040486
-0.009499,0.300226,-0.001672,1.063271,0.051971,-0.053817,0.239262,-0.086325,0.305414,-0.396923,0.020140,-0.098454,-0.266381,0.022851,0.248126,-0.479386
0.304104,0.015457,0.048590,-0.245644,-0.150218,-0.159677,0.501202,0.552643,0.330686,0.149363,0.148388,-0.010178,0.008046,1.593396,-0.039007,0.294569
-0.131130,0.073569,0.586804,0.118293,0.061993,-0.268863,0.478910,0.279023,0.384679,0.222847,-0.010511,0.408785,-0.211303,1.857161,0.065115,0.211628
-0.010372,0.084791,0.173447,-0.029534,0.233100,-0.033510,0.028692,0.223500,0.119716,0.164768,0.048009,0.130510,0.057175,0.812928,0.216742,0.359227
-0.033127,0.148556,0.185559,0.054086,0.045886,0.020974,0.211294,0.039836,0.300317,0.092994,-0.133163,0.125444,-0.189685,1.140398,-0.113523,0.019642
-0.221093,-0.124332,0.029166,-0.140303,0.109987,-0.150920,0.469331,0.456406,0.357187,-0.120365,0.244015,0.012745,-0.157930,1.877489,0.317540,0.303694
-0.053395,-0.111749,0.188817,1.259554,0.157291,0.207444,0.154721,-0.047581,0.288413,-0.321974,0.095003,-0.161851,-0.103094,0.500259,0.425592,0.306652
-0.109208,-0.284929,-0.119317,0.259297,-0.126980,0.140198,0.236121,-0.145552,-0.199758,-0.117755,0.138257,-0.143803,-0.052608,0.442838,0.095872,0.087284
-0.131600,0.311731,0.212574,0.359760,0.155903,-0.021593,0.609404,0.597131,0.534159,-0.254011,0.090693,0.119869,0.145556,0.989389,0.240510,0.298786
-0.162254,0.234960,0.053253,1.447438,0.033697,0.014227,0.399046,-0.079256,0.285275,-0.918116,-0.119563,-0.103411,-0.155285,0.438704,0.077639,-0.002733
-0.055836,0.113550,-0.026179,-0.198300,-0.132337,0.082784,0.539529,0.244484,0.084663,0.133909,0.417425,0.118233,-0.053763,1.165912,0.279583,0.140870
-0.207620,-0.158625,-0.219258,0.510422,-0.139088,-0.212155,0.121552,0.385208,0.174627,-0.066629,0.151880,-0.078079,-0.242406,0.622569,0.242124,-0.236034
-0.147107,-0.236909,-0.115050,0.271436,-0.249356,-0.022159,0.132317,0.036855,-0.121735,-0.216518,0.302928,0.104513,-0.292754,0.557374,-0.059666,0.002662
-0.047770,-0.054916,-0.086859,-0.035495,-0.247889,-0.145392,-0.039244,0.054166,-0.342719,0.005498,0.036803,0.048269,-0.183066,0.061567,0.129452,-0.207744
-0.032774,-0.202011,0.099774,0.465702,0.121929,0.017568,0.257987,0.169050,0.056066,0.210839,0.104947,0.248111,-0.267604,1.187539,0.250877,0.280514
-0.094286,0.007223,-0.032178,-0.350918,-0.141755,-0.036968,-0.263382,-0.102760,-0.190062,0.060623,-0.377936,-0.040968,-0.133813,-0.173883,-0.241771,-0.303937
-0.334929,-0.209629,0.163197,-0.054163,-0.214862,0.058451,-0.504148,-0.056587,0.076100,0.536639,-0.084961,0.107790,-0.216774,0.879432,-0.053439,0.317844
0.132828,-0.319132,0.184376,0.084037,0.067795,-0.082345,-0.215581,0.161158,-0.183620,0.010203,0.049788,0.181923,0.290930,0.357513,-0.068541,-0.026034
-0.325743,0.296114,0.379803,0.095795,0.314153,-0.071428,0.362172,0.341644,0.227842,-0.171431,-0.186790,0.175140,0.055642,1.552434,0.205684,0.223934
-0.091712,-0.095245,0.154677,0.326398,0.134448,-0.072294,0.206807,-0.015993,0.403587,-0.041782,0.161907,-0.040857,0.013782,1.262976,0.259920,0.285982
0.053105,0.116337,0.238899,0.081153,0.035454,-0.086835,0.094442,0.056222,0.412122,0.183618,0.228919,0.181877,-0.250536,1.115956,0.176592,0.247113
-0.094779,0.067195,-0.002738,-0.114035,-0.159963,-0.277004,-0.138538,-0.225286,0.154030,-0.047057,-0.152292,0.189179,-0.057452,0.257715,0.025426,-0.175997
0.041294,-0.169365,0.297040,-0.080680,0.028101,0.010745,-0.121377,-0.161988,-0.029693,0.093449,-0.037884,0.091974,0.016600,-0.178812,0.112092,-0.162517
-0.283765,-0.071150,0.183732,0.105784,0.161570,-0.051819,-0.022164,0.059632,-0.136623,-0.186470,0.073747,0.090698,-0.089231,0.993734,0.592703,-0.065260
-0.137126,-0.130502,0.115117,0.532920,0.022284,-0.132692,-0.096849,0.258389,0.241462,0.119974,0.211312,0.041409,-0.019434,0.002774,0.081728,0.006013
-0.174587,0.289004,-0.089707,0.710745,0.429114,0.095938,0.154350,-0.144973,-0.098619,-0.023528,0.209720,-0.231188,0.115636,0.660423,0.231590,0.089299
-0.100179,-0.096119,0.181981,0.444061,-0.023586,-0.080169,0.454608,-0.231385,0.181536,-0.240717,0.100349,0.142001,-0.125629,0.153303,0.194860,-0.069084
0.176929,0.148976,0.173218,-0.105773,0.196945,-0.082281,0.337106,0.305106,0.026809,-0.081347,-0.016643,0.017788,0.034227,0.884496,0.030541,0.398812
-0.148237,-0.056437,-0.097511,1.351091,0.124556,0.151199,0.335553,-0.019082,0.231877,-0.416252,0.276421,-0.258562,-0.204087,0.120508,-0.004953,-0.150808
-0.362243,-0.311874,0.007705,0.203007,-0.167559,-0.136898,-0.156528,-0.128778,-0.039930,-0.044887,0.115764,-0.282729,-0.389982,-0.148642,0.017524,-0.226497
0.026136,-0.356328,0.058874,0.684933,0.190224,-0.397570,-0.255620,-0.086256,-0.174375,-0.266744,0.100972,0.325721,-0.337087,-0.099803,0.145174,-0.087789
0.054213,0.157717,0.037597,0.653366,0.093213,-0.081596,0.331615,-0.114594,-0.067495,-0.120051,0.149678,-0.040170,0.185834,0.193586,-0.031721,-0.003583
0.143130,-0.008681,0.100443,0.717737,0.077994,0.317831,0.555169,0.147460,0.388289,0.014002,0.270345,0.211997,-0.054229,0.824507,0.441864,0.259600
0.319366,0.222846,-0.253187,-0.073863,-0.293816,0.296427,-0.016626,-0.253771,-0.247573,0.144031,0.135929,0.047430,-0.011898,-0.323868,-0.135670,0.055191
-0.137929,0.156312,0.152696,0.123813,-0.079498,-0.009428,-0.137686,0.086596,0.124630,-0.173900,0.080547,-0.063417,-0.112194,0.207425,-0.028936,0.132134
-0.090439,0.001706,-0.028235,0.214463,-0.180119,0.120119,0.068681,0.049311,-0.129443,0.125571,0.064659,0.264279,-0.146353,-0.102731,0.118740,0.375351
-0.067253,-0.005015,0.092481,0.554476,-0.023013,-0.130167,0.112263,0.273057,0.222629,0.078476,0.284268,0.154913,-0.299003,0.680597,0.155541,0.572542
-0.047941,-0.106111,0.378656,0.084133,-0.110737,-0.006140,-0.028543,0.326152,0.376554,0.226304,0.169528,0.146142,0.107870,0.898972,0.196097,0.065355
0.159922,0.160481,0.122631,-0.071405,0.200971,-0.253767,0.286886,0.269923,0.288744,0.130600,-0.140148,0.507370,-0.115974,1.497473,-0.041219,0.201768
0.110776,0.106009,0.041658,0.149736,-0.131436,0.295203,-0.035660,-0.272008,-0.018299,0.100543,0.066923,-0.043703,-0.043829,0.017493,0.049460,0.193139
0.208686,-0.276258,0.004717,0.162797,-0.051796,0.073899,-0.010508,0.143158,-0.005341,0.297554,0.255215,0.086187,-0.112892,0.494648,-0.021999,0.281770
-0.236291,-0.192562,0.097912,0.273070,-0.090429,-0.128501,0.002447,-0.052990,0.337249,0.081867,0.197562,0.197341,-0.253344,1.176466,0.163533,0.144258
0.042020,-0.038748,-0.202374,0.075377,-0.007461,-0.107345,0.373988,0.310200,0.120818,-0.509809,0.016392,-0.084407,0.076745,0.408100,0.118439,-0.031549
