0.093499,-0.123896,-0.417925,0.167738,0.021652,0.009407,-0.005258,0.277304,0.074908,-0.277045,-0.020360,-0.366634,-0.465393,-0.035508,0.259014,-0.300791
-0.440124,-0.073471,0.509722,-0.057061,0.533670,-0.264309,0.235165,0.232114,0.395932,0.119825,-0.091640,-0.188095,0.289806,0.108261,0.056032,-0.134484
-0.249770,0.192426,0.371017,0.440683,0.007135,0.017724,0.323022,-0.237209,0.118334,-0.070572,0.202001,0.168434,-0.030256,-0.351785,0.288311,0.369864
0.071226,0.006090,-0.128289,-0.328213,-0.609224,-0.153482,0.626277,0.044508,0.094070,-0.248037,0.506426,0.306978,-0.313497,0.082331,-0.173213,-0.380543
0.150224,-0.133084,-0.363895,-0.478433,-0.478889,0.323511,0.236034,0.077561,-0.140077,0.428267,-0.102514,0.504352,0.146301,0.184207,0.046604,-0.234861
-0.173370,0.316490,0.296089,0.566376,0.285008,-0.090485,-0.040463,0.087273,-0.025714,-0.191475,0.019343,0.171465,-0.185195,-0.189418,0.040099,0.432414
-0.178365,-0.004849,0.180206,0.226680,0.143910,-0.016516,-0.029575,0.224787,0.055167,-0.125402,-0.240400,-0.096156,-0.006781,-0.343760,-0.269053,0.178176
-0.231755,-0.324521,0.721834,0.425396,0.071382,0.027130,-0.337805,0.023195,0.428832,0.293912,0.458326,-0.204995,0.053704,0.077259,-0.371795,-0.133137
-0.273010,-0.303656,-0.256840,0.465650,-0.377296,0.086194,-0.207211,-0.092715,-0.318424,0.025970,-0.238304,0.025706,0.230672,-0.442509,-0.075850,-0.052231
-0.781049,-0.005205,0.248427,0.377361,0.046713,0.189252,-0.007675,-0.335742,-0.134860,-0.454254,0.026552,-0.099425,-0.070937,0.006883,0.222098,0.264199
-0.124857,0.028387,0.000286,0.062894,0.140553,-0.194412,0.090107,-0.100813,0.320964,0.231059,0.064558,-0.446889,-0.076754,0.185384,0.096062,-0.135960
0.168094,-0.140190,0.217257,0.530962,-0.081156,0.185761,0.235218,0.114990,-0.037807,-0.326304,-0.188061,0.039613,-0.175276,-0.190761,-0.071673,0.046060
0.104452,-0.022429,-0.407478,-0.308471,-0.092129,0.026044,-0.072499,0.216031,-0.272700,0.156640,0.314159,0.002528,0.018419,-0.228639,-0.004000,-0.196844
0.056830,-0.081622,-0.009981,0.467661,-0.363482,0.040825,0.004001,0.222267,-0.148983,-0.302644,0.197066,0.096458,-0.232676,-0.335504,-0.173054,0.201375
-0.054979,0.014490,-0.029688,-1.029491,-0.068394,0.276896,-0.092704,-0.168351,-0.177152,0.049480,-0.029464,0.046440,-0.017211,0.247730,0.226591,-0.348687
0.202633,0.020638,-0.076769,0.325330,0.251868,-0.289455,0.128224,0.372989,0.023515,-0.228484,0.074723,0.001100,-0.081998,-0.022267,-0.119291,-0.119840
0.525534,0.129696,-0.081739,-0.173978,-0.440141,-0.054000,0.501702,0.534254,0.448320,0.087007,0.216360,-0.126639,-0.052719,0.276727,0.077289,0.084275
0.253858,0.342289,0.407229,0.328248,0.180353,0.113874,0.114612,0.426710,-0.021817,0.184393,-0.269124,0.335905,-0.150544,0.048805,0.256067,0.164395
-0.217515,-0.099764,-0.162533,0.450305,0.089329,-0.223526,0.114375,0.124205,-0.148100,-0.721714,-0.003228,-0.546933,0.032260,0.010030,-0.020959,0.182218
-0.223467,0.247077,0.268955,-0.031568,0.154139,-0.159466,0.250202,-0.099047,0.130174,0.229524,-0.185924,-0.116012,0.200133,-0.274356,0.125635,0.348106
-0.019432,0.321613,0.218479,0.192053,0.050854,-0.004950,0.161565,0.186691,0.243500,-0.286784,0.178421,0.052277,0.240215,0.081589,0.115607,-0.144706
0.205647,0.437394,0.033322,-0.184892,-0.124065,0.338487,-0.017692,-0.346679,-0.203769,0.151336,-0.199734,0.518441,0.070130,0.075872,-0.259944,0.379100
0.063536,-0.191177,-0.082407,0.322160,0.056574,-0.054808,0.036286,0.215554,-0.089012,0.008372,-0.063168,0.111443,0.008572,0.124342,0.157308,-0.172001
0.109529,0.092535,0.274597,0.019582,-0.116542,0.054006,0.595400,-0.021088,0.289528,0.183577,0.106998,-0.005306,0.233798,0.934807,0.149396,0.200897
0.020083,0.100436,0.267700,1.071821,0.328010,0.404994,0.204751,0.099478,0.380758,0.077717,-0.083994,0.396080,-0.066951,0.180627,0.235005,0.729995
-0.455484,0.230206,0.531132,0.174417,0.062474,0.321763,0.099317,0.169886,-0.297821,-0.380722,0.070858,0.129340,-0.067219,0.288363,-0.041908,0.253661
0.126918,-0.036125,0.077027,0.428419,-0.211726,-0.042558,0.370090,0.218655,0.309255,-0.083973,0.380361,-0.064489,0.090895,-0.168984,0.038929,-0.026705
0.172276,0.181875,-0.011098,-0.335426,-0.016592,0.005737,-0.162300,-0.178757,-0.188007,-0.315507,0.057402,-0.153184,-0.093129,0.051521,0.286068,-0.003552
-0.266475,0.014896,0.532526,-0.116575,-0.291361,0.108956,0.320476,-0.138915,-0.236964,-0.453187,-0.253623,0.326033,0.026734,0.304863,0.121889,0.270800
0.206448,-0.420274,-0.138935,-0.079574,-0.563916,-0.630335,0.152412,-0.134557,0.096753,-0.454639,-0.306069,-0.052225,-0.178408,0.084053,0.470305,-0.184755
-0.633421,0.031551,0.101344,-0.274603,0.179461,0.161881,-0.175091,-0.489504,-0.146383,-0.107770,-0.000828,0.047930,0.194920,-0.537771,-0.398586,-0.090780
-0.316088,-0.121138,0.089410,-0.098396,0.098607,0.269202,-0.091267,0.357151,0.077417,-0.410129,0.130344,-0.177637,-0.329128,0.074870,-0.029469,-0.070983
0.235425,-0.060883,-0.299318,-0.580819,0.008084,-0.189213,0.252835,-0.316766,0.198353,0.333063,-0.316819,0.005467,0.201691,0.335612,0.184569,-0.392378
0.615566,-0.314135,-0.249459,0.144255,-0.044267,0.080511,0.273358,0.293602,-0.177122,-0.061716,-0.226524,-0.369708,-0.109325,0.157421,0.232552,-0.392114
-0.172356,-0.140907,0.069392,-0.097089,-0.236337,0.193300,-0.370671,0.045308,-0.123835,-0.267135,0.188064,0.152188,-0.329021,-0.267259,0.068862,-0.129056
0.289287,0.425454,-0.134093,0.061995,-0.323218,-0.077738,0.314312,-0.318909,-0.167192,-0.167577,0.162542,-0.122463,-0.094420,0.047240,0.123517,0.241605
-0.007554,-0.095271,0.058706,0.325497,-0.075341,-0.011579,0.357074,0.384588,0.265275,0.059333,0.204461,0.133587,-0.136887,0.006538,0.681749,0.069161
-0.343955,-0.074836,0.135829,0.010514,0.231683,0.067608,-0.292353,-0.174764,-0.023427,-0.088153,-0.350609,-0.008161,0.371548,-0.328475,0.234686,-0.075608
-0.236838,-0.041186,0.106004,-0.245392,0.248392,-0.077443,-0.044830,-0.068289,0.121209,-0.069880,-0.382974,0.200218,0.130489,0.150053,-0.097162,-0.104736
0.149801,0.609999,0.369970,0.274370,0.438659,-0.082907,0.354003,-0.113640,0.244803,-0.248146,0.052273,-0.042901,0.009342,0.022680,-0.069041,0.215912
-0.010168,0.144116,0.190259,1.073072,0.000909,-0.084452,0.621476,-0.061384,0.219084,-0.259177,0.053898,0.310589,-0.093811,0.554928,0.327958,0.505525
0.123574,-0.317478,0.034434,0.558079,0.001103,-0.055065,-0.044649,0.398155,0.091561,-0.195765,-0.135290,-0.268236,-0.471022,0.181976,0.184326,0.316262
-0.305728,0.058975,-0.111805,0.064538,0.447027,-0.115145,-0.105572,0.006652,-0.059890,-0.185104,-0.070479,-0.189085,-0.056082,-0.271918,0.258703,0.083112
0.517419,0.060228,0.169752,-0.015726,0.287885,0.039089,0.484489,-0.598123,0.781233,0.312728,-0.632571,0.339023,0.188704,2.509269,0.424392,0.403189
0.341457,0.112235,-0.064672,0.077432,-0.503934,0.047493,-0.259951,0.179425,-0.094970,-0.344202,0.262224,-0.138694,-0.612208,0.276993,0.124355,0.019041
0.132669,0.203229,0.094270,0.860344,-0.002336,0.005804,0.591960,0.471380,0.258280,0.330883,-0.017409,0.331156,0.055690,0.452155,0.524714,0.597823
-0.155296,-0.106849,0.314767,-0.135069,0.197264,0.066419,0.120732,-0.021323,0.002376,-0.411272,-0.212402,0.217851,0.211553,0.674235,0.131822,0.189233
-0.021400,0.386106,-0.061380,0.376735,-0.124136,-0.038567,0.140558,0.170349,0.081379,-0.016327,0.433037,-0.127788,0.228604,-0.040946,0.107842,0.197675
0.395348,-0.055505,-0.175984,0.008146,0.107288,-0.032651,0.248178,-0.106225,0.216046,-0.025985,0.079804,-0.024193,0.009462,0.310123,-0.151506,0.065787
-0.284418,0.575805,0.561615,0.344532,0.384614,-0.229896,0.320303,-0.012136,0.422272,0.374620,0.085564,0.488207,-0.055616,0.218080,0.349052,0.329789
0.165905,-0.354044,-0.393270,0.375637,0.008572,-0.145399,-0.163117,-0.211525,-0.068018,-0.152566,0.123148,0.264282,-0.471849,0.039924,0.326872,0.161602
-0.255189,-0.123530,-0.118811,-0.147367,0.240726,0.015609,-0.217909,-0.286614,-0.029805,-0.043590,0.051516,0.117989,0.095622,-0.407764,-0.403276,0.131407
-0.205636,0.215625,0.314063,-0.524578,0.045561,0.378515,-0.326455,-0.102469,-0.128348,0.216967,0.297077,0.367051,-0.103771,-0.213539,0.190386,-0.029065
0.044409,-0.207830,0.012875,-0.096089,0.059047,-0.085824,0.128743,-0.131378,-0.061707,0.086711,-0.122400,-0.289841,-0.044944,0.062879,0.160272,-0.235021
-0.073449,-0.103905,-0.392309,0.172237,-0.153699,0.195689,-0.181447,0.051213,-0.258026,-0.175167,-0.014843,-0.209039,-0.041715,-0.156352,-0.240434,0.037350
0.490172,-0.483545,0.199668,-0.431034,-0.431977,-0.011738,-0.302494,0.064227,-0.372471,0.272983,0.222766,-0.171654,-0.315090,-0.130170,0.415857,-0.087916
0.135628,-0.256048,-0.296897,-0.813710,-0.141405,-0.348072,-0.138056,-0.304786,-0.143173,-0.327841,-0.316199,0.120236,-0.045014,0.078514,-0.356831,-0.456958
0.014798,-0.131185,-0.234893,0.252784,-0.351625,0.110404,-0.132993,0.037324,-0.265470,0.218177,0.064670,0.278841,-0.264300,-0.054743,0.040089,0.301291
0.764758,-0.095265,0.076414,0.261913,-0.252937,-0.433593,0.357558,-0.109208,-0.071719,-0.079664,-0.080288,0.166747,-0.084813,0.386909,0.244993,-0.018510
-0.222012,-0.277711,-0.167705,-0.021183,-0.080735,-0.087062,-0.184098,-0.048714,-0.070678,0.235403,-0.228189,-0.353912,0.064670,-0.412270,0.234423,0.161357
-0.287945,0.511043,-0.131569,0.416232,-0.118981,0.020234,0.326743,0.181991,-0.201930,0.368125,0.144041,-0.041756,0.036085,0.001063,0.078869,0.115112
0.371404,-0.077126,0.331704,0.653736,-0.038110,0.056676,0.284176,0.037613,0.207415,0.197250,-0.003355,0.351267,-0.466305,0.271035,0.356453,0.300415
-0.037534,-0.312531,-0.044083,-0.463728,-0.179804,-0.260677,-0.111431,0.131642,-0.134462,-0.655072,0.238557,-0.190049,-0.042279,-0.378341,-0.254857,-0.243406
0.641292,0.272278,0.300244,0.426080,-0.095033,-0.205662,0.329833,0.277031,0.201842,0.188615,-0.043593,0.063983,0.194753,0.469257,0.168320,0.317763
-0.065290,0.657310,0.363082,0.257287,0.188601,0.254843,0.185386,-0.094615,-0.056847,-0.458359,-0.038765,0.799538,-0.220210,0.690822,0.007298,0.571523
0.070125,0.263024,0.328530,0.339714,0.050770,-0.263064,0.936316,0.211793,0.426906,-0.085185,0.085082,0.031571,0.171286,0.256350,0.705818,0.281635
0.232386,-0.482251,-0.432013,0.527819,0.163787,-0.122701,0.033776,-0.136526,-0.066749,-0.168879,-0.266246,0.096995,-0.090947,0.055130,0.701245,-0.025199
0.455091,-0.303529,-0.251616,-0.238841,-0.177200,-0.312027,-0.064578,0.472322,0.060226,0.382171,0.056560,-0.268904,-0.216631,-0.089461,-0.119716,-0.541785
-0.804429,0.008197,0.009976,-0.051042,0.041688,0.049963,-0.222660,-0.230368,-0.558674,-0.265335,0.142360,-0.024970,0.199406,-0.654821,0.381734,-0.231057
0.125778,-0.239609,0.128585,-0.559418,0.118379,-0.272478,-0.435849,-0.047409,-0.187914,0.223729,-0.229869,-0.298690,0.442400,-0.037598,-0.031958,0.043909
-0.208417,-0.342902,0.012870,0.010507,-0.373282,0.061391,-0.061211,-0.348944,-0.148280,-0.708397,0.308116,-0.247803,-0.124617,0.129761,-0.070977,-0.286880
0.381474,-0.077424,-0.335908,0.341239,-0.076074,-0.003229,0.057380,-0.005364,0.024286,-0.263832,-0.287834,0.242528,-0.599078,-0.064276,0.040531,0.005897
0.329703,-0.479362,-0.554448,0.011316,-0.443589,-0.121891,-0.147794,-0.002109,-0.015214,-0.247945,0.005811,-0.269489,-0.131384,0.009777,-0.116627,-0.207910
0.178623,0.208800,0.285668,0.522956,-0.017514,-0.009009,0.295082,0.353560,0.149249,-0.238771,0.101072,0.270197,-0.319736,0.348474,0.224508,0.280310
0.511154,-0.339693,-0.445323,-0.411957,-0.365281,-0.385941,0.195250,-0.139108,-0.088560,0.321683,-0.010210,0.285931,-0.057749,0.519237,0.488938,-0.072033
0.123545,0.166459,0.145187,0.069050,-0.044049,0.220762,0.134792,0.250122,-0.270904,0.138441,0.025926,0.205599,-0.127150,0.205743,0.377760,0.094199
-0.117622,0.125929,-0.112510,-0.111043,-0.103541,-0.124087,0.621798,0.251586,0.088797,0.186609,0.181638,0.022915,-0.009868,-0.204088,0.438308,-0.084600
0.492120,0.102246,-0.007702,0.010872,-0.059377,0.218484,0.112099,-0.180426,0.154109,0.152094,0.102503,0.143269,-0.180208,0.267152,0.204483,0.128711
-0.032047,0.094648,0.433393,0.140536,-0.139212,-0.134646,0.074535,0.165320,0.002334,-0.157121,0.061736,0.015381,-0.231418,0.410830,0.312951,0.235271
0.736722,-0.036575,-0.061507,-0.297299,0.031386,-0.402148,0.154268,0.226740,0.034196,-0.048016,0.130067,0.017764,0.051082,-0.157535,0.295808,-0.152453
-0.040888,0.399111,-0.164778,0.058209,-0.211303,0.243238,0.117393,0.256010,-0.427590,-0.288300,0.397514,0.032044,-0.217343,-0.007173,-0.296613,0.120737
0.265709,0.120400,-0.026138,0.400399,-0.012103,0.425383,0.131775,0.434662,-0.331674,-0.361364,0.295911,0.314026,-0.286655,0.110031,0.471437,0.078783
0.019390,0.010424,0.420451,0.675327,-0.213888,0.185726,0.165383,0.049332,0.293943,0.335025,0.186320,0.115797,-0.357835,0.029866,-0.306619,0.351943
-0.206359,-0.156672,0.137304,0.173673,-0.159925,0.082585,0.037142,-0.385792,0.292506,0.353740,-0.095505,0.309004,-0.294436,-0.145018,0.142712,0.000291
0.113903,0.720430,0.249145,-0.033381,0.399157,-0.015748,0.531770,-0.289553,0.627703,-0.380003,0.198882,0.510924,0.237204,0.816647,-0.548163,0.417567
0.332655,0.247681,0.092914,0.325824,0.244600,0.557311,0.147827,0.277514,-0.026146,0.150795,0.137031,0.346183,-0.046874,-0.147293,0.221114,0.223735
0.589647,-0.323833,0.359120,0.055995,0.338543,0.052383,-0.113720,-0.032346,0.003226,-0.068146,0.092194,-0.213530,-0.001580,0.580646,0.457261,-0.088250
0.515053,0.297952,0.593549,0.913757,0.610191,0.457358,0.046538,0.511758,0.798772,0.520243,0.312274,0.140430,-0.454299,1.245235,0.348685,0.686712
-0.077097,0.571479,0.543668,0.040899,-0.002299,0.166156,0.441846,-0.097073,0.481539,-0.375537,0.494295,0.394490,-0.099621,0.576308,0.792242,0.274833
-0.041547,0.788273,-0.048021,-0.228206,0.713203,0.084162,0.385456,-0.247910,0.117255,-0.008022,-0.141106,-0.070039,0.417186,0.528529,0.147384,0.455875
-0.670924,-0.526411,0.374011,0.623813,-0.162534,-0.275766,0.163050,-0.106785,0.176845,0.083682,0.000426,-0.353312,0.138848,-0.019684,-0.226444,-0.250906
0.089334,-0.320746,0.242587,-0.074262,0.149248,0.319407,-0.151075,-0.012705,-0.154286,0.074074,0.266960,-0.181746,-0.193627,0.438364,-0.026849,0.199985
0.146323,0.263684,0.226723,0.342237,-0.396032,0.157168,0.091229,0.182500,0.140868,-0.380819,0.073957,0.531617,-0.323213,0.329228,0.345766,0.766102
0.079334,0.207166,-0.303647,0.097657,-0.120839,-0.350608,0.440842,0.184987,-0.131467,-0.463929,0.547636,-0.186583,-0.291421,0.328498,-0.244005,-0.015479
0.276555,0.203684,-0.034271,0.227778,-0.026700,0.024576,0.542749,-0.156261,0.567834,0.139350,0.050892,0.348864,-0.101963,0.173747,0.491381,0.505274
0.598595,-0.619673,-0.147531,-0.089573,-0.096121,-0.172945,0.084110,-0.160507,0.209193,0.095817,-0.416924,-0.164540,0.231728,0.121717,0.467288,-0.044112
0.631036,-0.162358,-0.158754,0.015725,-0.574273,-0.321875,-0.017585,0.394211,-0.115617,-0.216728,0.062533,0.248738,-0.459503,0.047172,0.360956,-0.168577
0.182191,-0.263264,-0.315500,0.140194,-0.704642,-0.244846,-0.127334,-0.014715,-0.118714,0.187291,0.413353,0.060449,-0.461916,-0.058189,0.072413,-0.265532
-0.256469,-0.243222,0.157914,-0.174969,-0.022213,-0.054694,-0.013912,-0.687230,-0.313575,0.111534,0.035145,0.215696,-0.136582,-0.040757,-0.259938,0.141922
0.187772,-0.331960,-0.056558,0.587327,-0.084773,-0.040761,-0.184237,0.181185,0.036182,-0.232013,0.433574,0.191812,-0.616708,0.190731,-0.142656,0.324186
0.138385,0.243153,0.145534,-0.166285,-0.125091,0.373989,0.047845,-0.251520,0.319580,-0.033636,0.132826,0.304806,-0.072901,0.444764,-0.092826,0.454746
0.259476,0.521531,0.303054,0.119371,0.212843,-0.026763,0.433725,0.117391,0.408588,0.298045,0.171027,-0.052851,0.259985,0.453700,0.381341,0.540023
-0.097030,-0.307173,-0.424082,0.019126,-0.594483,0.166979,0.162427,-0.178258,-0.480034,-0.542665,-0.045153,0.154566,0.058348,-0.060261,0.004510,-0.174727
-0.311178,-0.773020,-0.273209,0.209632,-0.366244,0.067829,-0.091918,0.288476,-0.465605,-0.208078,-0.256390,-0.201431,0.053785,-0.362981,0.318826,-0.290041
-0.071659,0.240684,0.736704,-0.135914,0.124679,0.076065,-0.002884,0.100972,-0.058032,-0.228322,0.110993,0.410439,0.347902,0.270526,0.350510,0.251135
0.001486,-0.323291,-0.626542,-0.287533,-0.256639,0.060443,-0.084394,-0.041422,-0.491366,-0.362494,-0.317514,-0.036163,0.123434,-0.138266,-0.322933,-0.360889
0.466686,-0.251407,-0.218794,-0.172794,0.119649,-0.105160,-0.162320,0.035629,0.195784,-0.118266,-0.196538,0.116419,-0.242394,0.424735,-0.075341,0.183345
0.418586,-0.087412,-0.128440,0.554900,-0.559073,0.129169,0.376278,0.164925,0.170588,0.169785,0.236033,0.293252,-0.359951,-0.521602,0.177118,-0.145358
0.391144,0.060069,-0.149264,0.283858,-0.020979,-0.085023,-0.024621,0.163452,0.140962,-0.133441,0.147446,0.265860,0.138756,0.530498,-0.195855,0.274548
0.690696,0.772487,0.930437,1.061713,-0.039494,0.268637,0.685160,0.356376,0.637412,0.118879,0.486516,0.518571,-0.105305,1.978048,1.052016,0.942245
0.620146,0.393524,0.656131,0.735129,0.167460,0.025468,0.329352,0.636887,0.838388,0.484337,0.072659,0.272955,0.005247,0.920602,0.466039,0.594099
0.514878,0.958077,0.925351,-0.256821,-0.006975,0.026562,0.462448,-0.217138,0.998319,0.087329,0.312459,0.694739,-0.487784,1.630455,0.459956,0.692363
0.563879,1.130382,1.138147,0.821121,0.631980,0.196979,1.000813,0.116994,1.115904,0.010229,0.444673,0.372424,0.500010,1.984420,0.981231,1.162987
0.408535,0.126684,-0.038095,0.558925,0.104264,0.116969,0.319704,0.513037,0.372634,0.293238,0.022528,-0.192946,-0.197509,0.195879,0.356449,0.337345
-0.358191,-0.080600,-0.126689,-0.266878,-0.145167,-0.232983,0.019187,0.027701,-0.032636,-0.350119,-0.289567,0.027281,-0.114475,0.251993,-0.369253,-0.128857
0.249318,0.437982,0.040565,1.057183,-0.129782,0.503995,0.139129,0.035059,0.162745,0.043779,0.394776,0.215201,-0.276561,0.366417,0.134704,0.493482
0.247142,-0.387323,-0.221294,-0.139710,-0.632117,0.219218,-0.252368,0.087915,-0.390368,0.110393,-0.451236,0.159469,-0.371705,-0.098435,0.039049,-0.167575
-0.033637,0.447468,0.401361,0.293580,0.145364,0.075408,0.032666,-0.148470,0.200880,-0.372493,0.250646,-0.011535,-0.513451,0.321442,0.108467,0.422405
0.456579,0.364134,-0.106804,0.813141,0.532295,0.277123,0.153152,0.073964,0.405401,0.292706,0.110695,0.542523,0.102335,0.634123,-0.060664,0.375343
-0.231205,-0.200162,0.002523,0.204850,0.395029,-0.136343,0.005697,0.159289,-0.284860,-0.066105,0.090919,-0.215839,0.210755,-0.064281,0.191575,-0.053786
-0.408397,0.403741,0.047381,0.605885,0.184625,0.021965,0.336760,0.319046,-0.104949,0.198961,-0.106137,-0.218932,0.127809,-0.213719,-0.163640,0.244627
0.030243,0.228102,0.243284,0.741294,-0.259146,0.136400,0.222387,0.478931,0.247167,0.226021,0.748649,-0.083393,-0.167314,0.066764,0.072764,0.405163
-0.017920,0.077002,0.014371,0.642593,0.207892,-0.053738,0.386114,-0.075397,0.007684,-0.402059,-0.022524,0.012807,-0.079482,0.207114,0.418548,0.224489
-0.044077,0.434244,0.388512,1.179130,0.161296,0.278288,0.539025,-0.033975,0.718843,-0.260076,0.118467,0.268753,0.334739,1.297935,-0.070390,0.946229
-0.043876,0.293808,0.299639,-0.019549,0.115575,-0.068078,0.033809,0.044224,0.032060,-0.264811,-0.134281,0.193575,0.072278,0.000362,0.379683,0.058581
0.430330,0.133231,0.037831,0.358599,-0.073926,0.141258,0.201767,0.154723,-0.047662,-0.319025,-0.080604,-0.071048,-0.402850,0.078118,0.310105,0.172474
0.149818,-0.067859,0.291214,-0.108370,0.021524,-0.447427,0.244604,-0.289562,0.158096,0.357257,-0.573827,0.093046,0.429381,0.446003,-0.141977,0.091732
0.242192,-0.135648,0.101927,-0.071291,-0.390184,-0.100429,0.133765,-0.283975,-0.147475,-0.065278,-0.017970,0.163801,0.106713,0.042225,-0.218379,-0.036589
0.218853,-0.218338,0.146408,0.640614,0.333259,0.013306,-0.000718,-0.100358,-0.270839,0.341143,-0.140151,0.223575,0.348854,0.149341,0.470621,0.390858
0.110113,0.106513,0.419095,-0.193589,0.651049,0.232004,0.247236,0.070534,0.448346,0.382032,-0.195444,0.366372,0.394469,1.002424,0.419993,0.164206
0.899004,0.167917,0.193253,0.389899,0.051090,0.003661,0.475952,0.085482,0.817869,0.219013,-0.509069,0.232748,-0.288103,1.650797,0.721869,0.860179
-0.041367,-0.122451,-0.146406,0.430605,-0.142106,-0.102861,-0.115286,0.278026,0.043583,-0.441366,0.179490,-0.321989,-0.336917,0.430179,-0.050396,0.030789
-0.336043,0.145916,-0.244326,-0.206338,-0.132995,0.165112,0.095266,-0.629897,0.145477,0.047399,-0.141341,0.223693,0.274395,-0.063634,-0.267940,0.168713
0.414296,0.995781,0.785020,1.498186,1.006909,-0.002668,0.511764,0.702171,1.063238,0.506414,0.171892,0.122545,0.178668,1.444839,0.464928,1.050489
0.089937,0.559208,0.224136,1.037160,-0.370981,0.153537,0.330813,0.305361,0.265296,0.002593,0.597561,0.326555,-0.289497,0.159794,0.029387,0.528566
0.482930,0.339204,0.086119,2.331054,0.108604,0.529954,0.575575,0.717308,-0.084830,-0.110146,0.107092,0.127554,-0.269800,0.623494,0.221311,1.146062
0.116596,0.396301,0.202176,0.019836,0.195680,0.099190,-0.233299,0.045522,0.123750,0.160777,0.061487,0.555012,0.072342,0.068749,-0.021007,0.143751
0.454395,-0.038323,-0.383233,0.051675,-0.322870,0.175346,-0.064946,-0.097333,-0.141754,0.045990,-0.108817,0.424146,-0.303176,-0.048324,-0.035439,0.100445
0.056117,-0.257009,-0.120652,-0.308964,-0.144926,-0.059252,-0.324119,-0.174598,-0.112387,-0.170281,0.158154,0.014759,0.341090,-0.173492,-0.535207,-0.675038
-0.447148,-0.068925,0.279296,0.451296,0.016998,0.352091,-0.411290,-0.284828,-0.053237,-0.364479,0.062206,0.309056,0.060915,0.004086,0.076217,0.070256
-0.223542,-0.060154,-0.087729,0.222223,0.281593,-0.114257,0.183381,0.127612,-0.203149,-0.424545,0.009066,0.124017,0.419198,0.031881,-0.283513,0.063138
0.242040,-0.500991,-0.604514,-0.060122,-0.326983,-0.143214,0.260597,-0.343708,-0.080291,-0.110566,-0.237713,0.075048,-0.602710,-0.157462,0.279552,-0.201351
-0.061821,-0.145133,0.510113,0.207450,-0.010665,-0.008883,0.107840,0.063740,0.002470,-0.001952,-0.576201,-0.094458,0.241479,0.208525,-0.032055,0.116209
0.352395,0.817947,0.517616,0.700473,-0.141480,0.380162,0.753723,0.165725,0.830940,-0.030193,0.007191,0.489478,-0.271917,2.234679,0.212448,0.800768
0.313184,0.369351,0.446006,0.260280,-0.028962,0.233191,0.266689,-0.009642,0.382271,0.497518,0.097161,0.154666,-0.214387,0.685850,0.346141,0.630888
0.870966,0.131007,-0.030419,0.378476,-0.509374,-0.092008,0.603934,0.188364,0.196928,-0.280104,-0.044656,0.281899,-0.196140,0.729575,0.294104,0.153486
0.677846,0.225676,0.750505,0.922067,0.438067,0.167995,0.484207,0.141824,0.942991,0.030724,0.142150,0.347774,0.049978,2.011131,0.485950,0.668864
0.060046,0.057980,0.132304,0.774185,0.476328,0.334996,0.148113,-0.004508,0.448162,0.247598,-0.165220,0.266077,0.010189,1.004202,0.741874,0.678481
-0.035773,-0.045116,0.649391,0.022492,0.421973,-0.140699,0.285904,-0.318236,0.818112,0.318153,-0.160326,-0.078786,0.569980,0.541446,0.503857,0.022057
0.230787,-0.163934,-0.381221,0.414989,-0.530936,0.067595,-0.062403,-0.119390,-0.079271,0.289898,-0.116386,0.088509,-0.146781,-0.129202,0.343893,0.302846
-0.153044,-0.008349,0.071481,0.344283,-0.075231,0.526825,0.165454,0.252647,-0.233260,0.133737,0.324051,0.016852,0.011694,0.158303,0.603899,0.254810
0.254361,-0.213196,0.214867,0.408882,0.256360,0.030380,0.075988,-0.049169,0.084755,0.005352,0.055807,0.228595,-0.227517,0.233248,-0.183651,0.323999
-0.062717,0.084808,0.082371,0.246133,-0.309003,0.199975,-0.312413,-0.394107,-0.117643,0.340196,0.028957,0.368441,0.185218,-0.543651,-0.309637,0.065150
-0.082380,0.293436,0.563393,1.079141,0.498320,0.588150,0.450620,0.056321,0.519570,0.111645,0.167742,0.282926,0.248488,0.873647,0.677841,0.907406
0.535481,0.319162,0.914795,1.081013,0.137715,0.355273,0.347398,0.338411,0.750034,0.317399,0.290092,0.231122,0.246393,0.847228,0.574647,0.632809
0.116369,0.805161,0.166533,2.901452,0.721991,0.445472,0.509615,1.248988,0.056092,-0.296648,0.528604,0.171513,-0.230992,-0.059594,0.155857,1.360782
0.007322,0.123122,-0.139674,0.209200,-0.006208,0.089147,0.111037,-0.218234,-0.250043,-0.249481,-0.351728,0.362896,-0.424041,0.195371,-0.207841,0.438608
-0.301168,0.406174,0.490126,0.299151,0.084210,0.136824,-0.042358,0.344936,0.033161,-0.145193,0.432950,0.303424,0.223696,-0.071482,-0.321987,0.474206
0.504168,0.127544,-0.435186,-0.438233,-0.262283,-0.571869,0.061299,-0.412654,0.286750,0.132951,-0.179924,-0.119054,-0.214503,-0.033423,-0.437234,-0.455087
-0.280163,0.252732,0.696697,0.141144,0.794169,0.192830,-0.157252,-0.208019,0.113441,0.816155,-0.055463,-0.172487,0.477472,0.161355,-0.261923,-0.087885
-0.257961,0.000867,0.190451,0.644831,0.023892,0.555327,-0.021416,0.095566,-0.125185,0.031305,0.053067,0.374536,-0.175899,-0.154949,0.254752,0.322556
-0.301597,0.120023,0.396849,0.080624,0.266501,0.066934,0.084297,-0.079151,0.264505,-0.059147,0.008103,-0.177374,0.138776,0.308998,0.039250,-0.084481
0.075795,-0.243063,0.055263,0.051436,-0.225209,0.084721,-0.029453,0.044554,-0.267099,0.080606,-0.058027,-0.184847,-0.097007,0.024139,-0.002676,0.123615
0.596858,0.211303,-0.208555,-0.489642,0.133363,-0.031418,0.235042,0.259215,0.199233,-0.133592,-0.054015,-0.170552,0.369376,0.477288,-0.092439,-0.388178
0.493572,0.381391,0.106819,1.158004,0.333142,0.044885,0.288327,0.463032,0.152553,0.181519,0.115898,0.228573,0.173445,0.706955,0.455898,0.441730
0.512301,-0.204946,-0.526612,0.180918,-0.208029,-0.368303,0.245840,0.312348,0.270843,-0.102187,-0.425914,0.355109,-0.329470,0.785142,0.325455,0.321334
0.081241,0.254297,0.242856,0.184760,-0.206090,0.152548,0.071566,-0.051222,0.198028,0.288157,0.330635,0.047266,0.017690,0.687539,0.402245,0.374684
0.960694,-0.114621,-0.309568,0.032250,-0.221470,0.057830,0.305453,0.212627,0.029865,-0.362723,-0.115873,0.174634,-0.125567,1.043113,0.213730,0.076418
0.246102,0.303185,0.423535,0.313245,0.595124,0.163335,0.396773,0.365505,0.214102,0.078695,0.435690,0.138325,-0.180498,1.440963,0.559983,0.604283
0.483782,-0.173458,0.141002,0.754180,0.289493,0.407914,0.161660,0.163529,0.077605,0.020165,0.114198,0.106825,-0.001261,1.233873,0.207597,0.222559
0.501238,0.315478,-0.284731,0.176020,0.081206,0.215299,0.283351,-0.004738,0.057678,0.043367,-0.334224,0.144187,-0.031262,1.206295,0.382051,0.183705
0.309064,-0.601932,-0.391229,0.478798,-0.101051,-0.144405,-0.142071,-0.011591,-0.045954,-0.502165,0.000864,-0.171210,-0.263512,0.565748,-0.166157,0.254552
-0.044525,0.215630,0.389166,-0.576295,0.007268,-0.310197,-0.110333,-0.388079,0.156321,-0.432457,0.038032,0.018151,0.059332,0.391421,-0.108116,0.076319
0.080690,0.117017,0.777175,0.429067,0.695251,0.478081,0.188939,0.255497,0.751576,0.589631,-0.197956,0.029772,0.447280,0.951939,0.646036,0.494225
0.625078,-0.293774,-0.006009,0.440593,0.274046,-0.140963,0.340195,0.000246,0.106744,-0.162701,-0.008274,0.259346,-0.044236,1.400469,0.368391,0.044840
-0.007361,0.922802,1.132629,3.552281,0.747588,1.135131,0.504835,1.049685,0.286771,-0.013483,0.704377,0.386057,-0.566939,0.371216,0.228226,1.830008
0.341530,-0.010871,-0.361130,0.193994,-0.264607,-0.041226,0.380921,-0.193720,0.012805,-0.325288,-0.273769,0.114031,-0.316539,0.282153,0.111614,0.079062
-0.050682,0.095784,-0.227726,0.226011,-0.048529,0.063253,0.049114,-0.409164,-0.020466,-0.282515,0.152206,0.566115,0.024261,0.059169,0.460973,0.304999
-0.529646,-0.277662,0.235375,0.553323,0.486323,0.112070,-0.411687,-0.468148,0.056529,0.149282,-0.207742,-0.011832,0.591060,-0.060897,-0.772832,0.140658
-0.184817,0.007642,0.161691,0.181451,0.079256,0.055876,0.086881,-0.103653,-0.227561,0.200937,-0.139258,-0.375318,0.051130,0.215405,0.082502,-0.053347
-0.152900,0.668633,0.689493,0.233724,0.515631,-0.011807,-0.091056,0.115641,0.233403,0.372351,0.548310,0.049698,-0.032600,-0.182747,0.069290,0.440371
-0.230598,-0.298958,-0.101661,0.642033,0.171317,0.208373,0.034653,-0.048139,-0.230457,-0.050647,-0.054790,0.169056,0.229382,0.138577,-0.417846,0.115207
-0.242556,0.398990,0.305122,-0.243028,-0.012348,0.126938,0.163377,-0.398232,-0.226768,-0.067996,0.328220,0.410971,0.242783,-0.086137,-0.500571,-0.146527
0.200572,-0.265671,-0.202873,-0.104768,-0.005359,0.031904,-0.188288,-0.086025,-0.190469,0.358779,-0.027665,-0.101278,-0.151355,0.095386,-0.373131,-0.119933
0.644436,0.200746,0.210205,0.680445,-0.081902,0.002522,0.242268,0.282748,0.377632,-0.349100,-0.225822,0.049502,0.033105,0.261281,0.295881,0.550631
-0.496285,0.204683,0.298066,0.541088,0.044923,0.141777,0.313499,-0.069865,0.360001,-0.007264,0.133845,0.550656,-0.012713,-0.079720,0.328215,0.309663
0.170881,0.202846,-0.016746,0.235311,-0.053807,0.307414,0.191826,0.376908,-0.039683,-0.225663,0.079980,0.461628,0.077705,-0.062333,0.416158,0.558870
0.420874,0.370266,0.314361,0.002187,-0.137663,-0.346749,-0.051806,0.398674,0.119781,-0.288907,0.563899,0.057284,-0.422696,0.124900,-0.168211,0.045609
0.084417,-0.205422,-0.318257,-0.054078,0.283170,-0.192883,0.073636,-0.204313,0.109494,0.084912,-0.113939,-0.026491,-0.043385,0.153227,0.199568,-0.076849
-0.101426,-0.119089,-0.120981,0.289340,0.234795,-0.140687,0.105597,-0.083008,0.213709,0.006500,0.255064,0.161636,0.072689,0.363190,0.159765,0.298250
-0.127084,0.130770,0.009292,0.806224,0.341873,0.328861,0.046860,0.169755,0.186471,-0.009384,0.036517,-0.123930,-0.008337,-0.152381,-0.163782,0.515426
0.340222,0.144424,0.000978,0.571012,0.522385,0.076159,0.498802,0.254456,0.619845,0.273935,-0.078029,0.108710,0.213248,0.666807,0.353733,0.429686
0.481880,-0.215307,0.413501,0.592169,-0.335233,0.267287,-0.112169,0.218267,0.056481,-0.116613,-0.299771,0.337421,-0.394202,1.573169,0.330857,0.560897
0.335362,1.075506,0.846579,1.468853,0.430345,0.266416,0.629878,0.609394,0.332710,-0.066056,0.353198,0.331548,-0.166230,0.872737,0.460174,1.132387
0.283994,0.039673,0.382917,-0.153962,0.363753,-0.054704,0.373196,-0.265100,0.359847,0.233486,-0.432150,0.101255,0.322507,1.247990,0.376876,0.273289
1.192105,0.653455,0.749281,0.342467,-0.021691,0.328001,0.648342,0.332207,0.712207,0.092672,0.277560,0.378987,0.200775,2.546682,0.572984,0.841431
0.522966,0.302496,0.128268,0.113953,0.333823,-0.443854,0.196577,0.524462,0.187501,-0.009380,0.227311,0.214335,0.240798,0.589445,0.017172,0.295909
0.131999,0.183027,0.118599,-0.089306,-0.100812,0.009340,-0.050849,-0.215132,0.105434,-0.460012,0.023886,-0.263366,-0.020114,0.003885,-0.072919,0.336284
-0.518282,0.231495,0.448667,0.382071,0.201352,0.299609,0.231915,0.225667,0.285557,-0.115381,0.241474,0.055884,0.218626,-0.064088,0.273561,0.329705
-0.083209,-0.090141,-0.002699,0.709442,0.153113,0.402015,0.230560,0.253284,0.032288,-0.321173,-0.302583,0.247047,-0.083216,0.258520,0.454774,0.508038
0.513287,-0.169581,-0.077960,-0.234491,-0.150713,-0.128232,0.029906,-0.100833,-0.169732,0.104685,0.120369,-0.011575,0.048539,0.081960,-0.510230,0.010265
-0.139098,-0.200527,-0.269387,-0.044972,-0.190835,0.007619,-0.522756,-0.001831,0.035947,-0.073038,0.033805,0.210896,0.018298,-0.147116,0.212147,-0.106525
0.052082,-0.821558,-0.468947,-0.806618,-0.499803,-0.151280,-0.049661,-0.514840,-0.331102,0.006060,-0.783847,0.056108,-0.304431,0.070155,0.044321,-0.771377
0.584367,-0.143033,-0.318654,-0.329428,-0.427947,-0.149364,0.126417,0.193459,-0.177509,-0.266193,-0.077267,0.127933,-0.601583,0.087955,0.160038,-0.188404
-0.202308,-0.019493,0.332983,-0.077585,-0.105528,0.012334,-0.053491,-0.154563,-0.059040,-0.250143,-0.161607,0.284757,-0.079039,-0.121092,0.125071,-0.040635
0.838474,0.219543,-0.279175,0.353885,-0.005127,-0.372396,0.181084,0.103220,0.117566,-0.288386,-0.222832,0.363734,-0.021507,0.236652,0.022553,0.165003
-0.298367,-0.324101,0.061462,-0.370029,0.046190,-0.339199,-0.043647,0.033059,0.135416,-0.039907,-0.081953,0.218834,0.002851,0.087048,0.113593,-0.333745
0.066830,0.315866,0.458911,-0.190836,0.364535,-0.149331,-0.015460,-0.018240,0.025435,-0.373463,0.138021,-0.344891,0.490782,0.362659,-0.272123,0.175236
-0.010062,-0.069647,-0.019683,-0.186439,-0.019457,0.116754,0.284554,-0.341865,0.062918,-0.220650,-0.101900,0.091314,0.144501,0.305930,0.278114,-0.317950
-0.147413,0.082795,-0.381291,-0.463802,0.146273,0.069999,0.092356,0.083172,-0.233866,-0.282287,0.239806,-0.213936,0.005494,-0.387161,-0.291473,-0.466645
-0.134595,-0.653500,0.061668,0.434755,-0.111027,-0.003486,0.295552,0.176533,-0.096409,-0.018497,-0.243731,-0.214427,0.188097,0.060598,0.062309,-0.205735
0.333739,0.051347,-0.749098,0.198663,-0.269222,0.180646,0.055195,0.042236,-0.439568,-0.363401,-0.112647,0.445779,-0.586268,0.292971,0.420536,-0.036282
-0.276764,0.368329,0.114548,0.628112,0.304957,0.259645,-0.004205,0.090621,0.271253,0.301788,-0.094331,0.291247,0.019255,-0.030262,0.032670,0.513848
0.112211,0.223651,0.179920,0.099484,0.110988,0.438865,-0.039688,0.205979,-0.239864,0.076175,0.282746,0.206382,-0.084422,-0.029715,0.357751,-0.113027
0.368814,-0.033671,0.496850,0.468585,0.188518,0.195974,0.048546,0.379042,0.254630,-0.079015,0.405360,-0.068755,-0.383858,0.336258,0.488685,0.332017
0.457881,0.159015,0.208808,0.765271,0.503316,0.460218,0.117142,0.086011,0.390568,0.078462,0.155261,0.377916,-0.017428,1.090374,0.247336,0.655906
0.125121,0.153070,0.150449,0.007166,0.190605,-0.172658,-0.305761,-0.115357,0.488508,-0.262138,0.152829,0.197338,-0.127785,0.257500,-0.044523,0.195545
-0.409755,-0.123346,0.228930,0.047226,0.565413,-0.024718,-0.336786,-0.245866,-0.135910,-0.322004,-0.001876,-0.449725,0.080594,-0.232743,0.128840,-0.358401
0.384690,-0.265416,-0.086031,0.009887,-0.072492,-0.531325,-0.103826,-0.132660,-0.052657,-0.466689,-0.120088,-0.194565,-0.133712,0.040046,-0.239140,-0.028136
0.669983,-0.187289,-0.273895,-0.430174,0.044842,-0.099381,0.046691,-0.034298,0.206771,0.117120,-0.106461,-0.278256,-0.143414,0.517651,0.330885,-0.146573
-0.004988,-0.013805,0.454876,0.216714,-0.182444,0.157326,0.041421,0.210428,-0.017678,0.099202,0.308229,-0.019715,0.067460,0.403241,0.056959,0.180048
0.650816,-0.467737,-0.344353,-0.011607,-0.775140,-0.127716,0.025032,0.013634,-0.227213,-0.415837,0.014632,-0.238236,-0.448477,-0.104793,-0.282656,-0.157011
-0.144247,0.044422,0.417263,0.156423,0.173164,0.370431,-0.022374,-0.535195,-0.306599,-0.321200,-0.185773,0.474874,-0.215134,0.434179,-0.464644,0.309693
-0.168998,0.176841,0.273298,0.803478,-0.099286,0.273202,0.128557,-0.138939,0.068617,0.046705,0.206770,0.506384,-0.253896,0.212320,-0.348727,0.652378
-0.022421,-0.111528,-0.064309,-0.408167,-0.158398,-0.134992,-0.000889,-0.451699,-0.342674,-0.139806,0.167153,0.251623,-0.263513,0.156828,0.529762,-0.121035
-0.158372,0.083380,0.294282,0.332866,0.049096,0.086629,-0.144358,0.160142,-0.105730,0.018006,0.110158,0.142378,-0.078709,0.062498,0.518455,0.331320
0.073351,0.006133,0.022172,-0.001396,0.132610,-0.025524,-0.392708,-0.227062,0.057780,0.027763,0.179574,0.222270,-0.139848,0.313950,0.287687,0.206540
0.294244,0.303523,0.422133,0.653718,0.179966,0.482764,-0.196194,0.476343,0.175665,0.329094,0.562019,-0.208708,-0.048533,0.162270,0.077076,0.344897
-0.013266,0.059200,0.267585,0.139819,-0.091650,-0.179401,0.342627,-0.022073,0.013303,-0.413896,0.405358,-0.106533,0.022261,0.158349,-0.066321,0.052032
0.730133,-0.136521,-0.150324,-0.252298,-0.388134,-0.149255,0.114182,0.092416,-0.361418,-0.224773,0.239085,-0.044713,-0.523139,-0.064063,0.277390,-0.341494
0.026681,-0.269034,-0.249225,0.472926,-0.372464,0.020036,-0.233100,-0.144348,-0.061968,-0.446376,-0.129834,0.280937,-0.118657,-0.159619,-0.789399,0.095583
0.411479,0.406221,0.311341,-0.210368,-0.567240,0.023622,0.704700,-0.451621,0.154326,-0.442145,-0.150389,0.646031,0.417782,0.285452,0.326087,0.074911
-0.445365,-0.017606,0.244813,-0.162760,0.023610,0.106435,-0.263940,-0.426512,-0.060202,-0.179884,0.153512,-0.192254,-0.024617,-0.007515,-0.319368,0.025322
0.095419,0.052584,0.317969,0.552399,-0.408898,0.045267,0.078697,-0.331033,-0.018791,0.122722,0.216255,0.408891,-0.276968,0.428308,0.033353,0.338767
0.069639,-0.270303,-0.040415,-0.187038,-0.079374,0.244519,0.049661,0.262008,0.057246,-0.252167,0.427789,0.435288,-0.231911,0.458053,0.857052,0.203323
-0.360867,-0.190455,-0.112345,-0.004734,0.321563,-0.219365,0.385648,0.129789,0.188788,-0.423417,-0.364043,-0.241418,0.478485,0.298634,0.282284,-0.368312
0.079917,0.288160,0.186961,0.139148,0.180355,-0.203737,0.367585,-0.091697,0.241139,0.108606,0.013899,0.061611,-0.194328,0.516233,-0.083661,0.069071
-0.010064,-0.092185,0.361156,-0.244812,-0.285979,0.108075,-0.188476,-0.085453,-0.078140,-0.158566,0.137323,0.099538,-0.169242,0.296251,-0.079207,0.240267
-0.162677,0.108852,-0.342229,-0.246084,-0.120380,-0.213073,0.224508,-0.033193,-0.241020,-0.572289,-0.060722,0.433065,0.034742,-0.146349,-0.237877,-0.099890
0.311750,-0.771640,0.024477,0.280314,-0.447002,0.033305,0.041314,-0.057127,-0.008203,-0.296074,-0.450444,-0.047124,-0.170593,0.080328,0.508094,0.118684
-0.012480,0.151489,0.362048,0.335474,0.622286,0.345219,0.103782,0.150863,0.508039,0.230361,0.228570,0.017615,0.320110,0.053506,0.037649,0.094189
-0.310727,0.065314,0.048676,0.563822,-0.164908,0.033242,0.268188,-0.095973,0.179387,-0.403238,0.312485,-0.060814,0.088555,0.011818,-0.157788,0.337793
-0.023586,-0.284504,-0.400103,-0.070202,0.066129,-0.243110,-0.052386,-0.145436,-0.159918,0.016815,-0.071139,-0.037525,-0.130656,0.088368,0.159445,-0.074211
0.141832,0.123537,0.461302,-0.222902,-0.057948,-0.090597,-0.094697,0.025768,-0.029651,0.059884,0.179723,-0.002187,0.187592,-0.314650,-0.103116,-0.158409
0.026966,-0.721482,-0.125550,0.013959,0.004022,0.116221,0.099213,-0.246107,-0.131830,-0.338434,-0.181347,-0.023024,0.258697,0.300139,0.141204,-0.078519
0.250803,-0.507369,-0.066234,0.063761,-0.121031,-0.034913,-0.280306,-0.168465,-0.320268,0.002466,0.204512,-0.488109,0.213628,-0.226395,-0.029916,-0.433731
-0.059369,-0.380937,0.016810,0.163956,0.377198,0.005854,-0.161191,0.073915,0.319087,0.082329,-0.349279,-0.256795,0.210225,0.215166,0.108729,0.080922
0.274406,0.177044,-0.470211,0.156864,-0.634963,-0.153592,0.249938,-0.370703,-0.031397,-0.244167,-0.242728,0.160299,-0.480804,0.246091,-0.506164,-0.029744
0.379260,0.191580,-0.198365,1.044185,0.400106,0.177832,0.081469,0.150290,0.097384,0.438022,0.390139,0.251898,-0.280949,0.083110,0.491142,0.815941
0.001524,0.149443,0.187659,-0.026417,-0.069826,0.273016,0.184503,-0.081038,0.000631,0.381713,0.159890,0.279564,0.039385,-0.072314,0.044198,0.144007
0.481689,-0.079053,-0.241878,0.049192,0.206157,-0.087539,-0.116269,0.508332,0.098964,-0.124369,-0.212408,-0.227137,-0.319654,0.151158,-0.073851,-0.138488
0.042142,0.014563,0.167200,-0.102611,0.276840,0.108650,0.164034,-0.040396,0.095158,0.077668,-0.200870,0.034908,0.184273,0.220544,0.629060,-0.198318
-0.080220,0.795376,0.242302,0.116327,-0.135796,0.174725,0.369665,0.160037,0.126715,0.205690,0.449750,0.200685,-0.098455,0.261466,-0.128457,0.346411
0.012090,0.191692,0.367586,-0.144155,-0.145331,-0.016002,-0.172436,0.064994,-0.212403,-0.090591,-0.124750,0.046153,-0.143563,-0.166665,0.377429,-0.035720
0.125433,0.132682,-0.286100,-0.103479,0.082141,-0.231624,0.216455,0.048148,0.125687,-0.084864,0.135038,-0.207544,0.102214,-0.085232,0.177952,0.056560
0.075742,-0.227216,-0.079874,-0.430719,-0.184675,0.091830,-0.051884,0.022559,0.255642,0.269889,-0.011810,-0.065391,-0.160932,-0.031791,0.518294,0.086675
0.159139,-0.348136,-0.490790,0.430345,-0.086242,0.004769,-0.093023,0.125092,-0.339969,-0.144417,-0.160459,-0.251969,-0.470514,0.456268,-0.300965,-0.063647
-0.380612,-0.175559,0.565701,0.234362,0.117515,0.011300,0.057016,0.090191,0.071384,-0.056087,0.139234,0.229638,-0.250780,-0.231661,0.365943,0.106435
-0.199321,0.113238,-0.032971,0.099241,-0.265759,-0.054870,0.169435,-0.208959,0.038498,0.075933,-0.017324,0.066525,0.376781,0.072910,-0.177308,0.248590
-0.052961,-0.255792,0.018086,0.086147,-0.270161,0.006207,-0.172691,-0.270240,-0.176127,-0.223340,-0.053340,-0.055025,-0.001521,0.008384,-0.085631,-0.139114
-0.337044,0.353007,-0.008390,-0.696938,0.006170,0.145002,-0.141776,-0.060318,-0.327393,0.030663,-0.143473,0.181596,0.082648,-0.505913,0.068503,-0.175904
-0.308608,0.049415,0.320925,-0.167794,-0.202727,-0.227994,0.086564,-0.263179,0.095398,-0.130846,0.337498,0.117440,-0.065747,0.240495,0.414876,0.151627
-0.101990,0.198097,0.008428,-0.966200,0.344413,0.067438,-0.128664,-0.030446,0.053855,0.246409,-0.131043,-0.125064,0.199283,0.584958,-0.173505,-0.353440
0.327629,0.129635,0.042674,0.532819,-0.024821,0.564777,0.099991,0.189408,-0.217737,0.133056,0.285384,0.009483,-0.164071,-0.098975,0.692442,0.288031
-0.056067,-0.117674,-0.030401,0.107200,-0.073301,0.000677,0.090610,-0.592966,-0.002166,-0.130975,-0.451620,0.230908,0.171535,0.463274,-0.150062,0.322620
0.093900,0.114290,-0.005270,-0.343752,0.162795,-0.168168,-0.119176,-0.010400,-0.140399,-0.381096,0.071092,-0.529468,0.395694,-0.228954,-0.181680,-0.203858
-0.198129,0.076027,-0.118241,0.115841,-0.214636,0.333972,0.185983,-0.246518,-0.055510,-0.113819,-0.082779,0.130566,-0.142672,-0.107820,0.286723,-0.047008
0.294941,-0.299878,-0.121691,-0.087140,0.218096,-0.256781,-0.358269,0.085795,0.006644,0.157628,0.030990,-0.345909,0.126133,0.225534,-0.103340,-0.250668
-0.383860,-0.071792,0.257079,0.726152,0.182857,0.338410,-0.045856,0.301328,-0.249996,-0.290369,0.073116,0.346278,-0.196215,0.086940,0.287481,0.415557
0.169756,0.103397,-0.099942,0.177674,0.160157,0.007322,0.287411,0.538028,-0.067475,0.478783,0.178327,-0.156361,0.558423,0.135681,-0.357284,-0.021574
0.076091,0.267274,0.442052,-0.003247,0.125636,0.072372,-0.131517,-0.217399,0.191983,-0.295935,0.441901,0.100389,0.043908,-0.129982,-0.113303,0.010077
-0.232206,-0.182535,0.205046,0.121736,-0.119435,0.058690,0.036732,-0.255074,0.086673,0.191549,-0.430667,0.143098,-0.151573,0.242456,-0.012731,-0.132047
0.220305,-0.216708,-0.214319,-0.169389,-0.133796,-0.067707,0.325145,-0.043202,0.016747,-0.176557,0.126796,0.550363,0.212281,0.037929,0.284398,0.061910
-0.217989,-0.063557,-0.060632,0.177904,0.039086,0.003568,0.071311,0.180099,-0.020028,-0.272130,0.118463,-0.264035,0.352265,-0.222279,0.423159,-0.035023
0.038590,-0.071914,-0.192127,0.162661,0.071086,-0.248736,-0.062318,0.131677,0.227560,0.007748,0.028300,-0.000866,-0.060581,0.161695,0.538243,0.130719
-0.507146,0.040954,0.188449,0.184019,0.073949,0.335189,0.225537,0.038497,0.008718,0.009265,0.298248,0.084149,0.165756,-0.247978,-0.160319,0.213989
-0.493963,-0.367408,-0.095493,-0.074190,0.072383,0.177467,-0.070132,-0.084196,-0.085584,-0.073380,0.015946,0.133820,0.070233,-0.135399,-0.151198,-0.426225
-0.128477,0.193690,0.639796,0.344196,0.215151,0.078339,0.269361,0.054980,0.403725,0.125679,0.085933,0.142401,0.048664,0.276078,0.243760,0.337799
0.117440,0.395033,-0.103028,-0.133407,-0.249986,-0.142957,-0.126262,-0.293560,0.055824,-0.034693,-0.209370,0.035595,-0.394956,0.437996,-0.339927,-0.007539
-0.236142,-0.065876,-0.269425,0.207866,0.529026,0.240420,0.090906,0.748071,-0.177662,0.021523,0.343200,-0.465184,0.236160,0.031016,-0.210783,-0.299289
0.185967,0.260744,0.135821,0.162345,0.083002,0.227627,0.230308,-0.092149,-0.048731,0.325261,0.093921,0.324925,0.174856,-0.055426,0.323328,0.050283
0.039387,0.266665,-0.063033,-0.138019,-0.119597,0.116747,0.485941,0.089489,0.252351,0.031193,0.039058,0.552916,0.368758,0.218602,-0.000360,-0.146755
0.516689,-0.407392,-0.386212,-0.495591,-0.400238,-0.465883,0.265878,0.112221,-0.129895,0.580019,-0.410715,-0.172752,0.216486,-0.019423,0.338322,-0.264574
-0.000612,-0.207207,0.032917,-0.480309,-0.031326,-0.044635,-0.084075,0.060316,-0.299912,-0.031841,-0.174325,0.021082,0.042893,-0.062159,0.505852,-0.462006
0.059969,0.602871,0.214220,0.455753,0.290069,0.244594,1.095440,0.359420,0.306074,0.038888,0.443675,0.302724,0.326413,0.084648,0.427682,0.123772
0.018580,0.416094,0.290668,0.765215,0.187619,-0.185671,-0.263421,0.023599,-0.161422,-0.188266,0.120386,0.300588,-0.436693,-0.279852,0.145331,0.537748
-0.005409,-0.262220,0.081734,0.360713,-0.006306,-0.022624,-0.563314,0.184801,0.165472,-0.330957,0.165208,-0.323323,-0.234519,-0.174160,0.013199,0.225051
-0.061055,-0.043978,-0.044388,-0.072042,-0.073512,-0.099629,-0.053497,-0.086488,-0.240802,-0.337840,-0.145994,-0.018462,-0.106021,0.248349,-0.079693,-0.156407
-0.028296,0.191408,0.186638,-0.030390,0.019371,0.618680,-0.230068,-0.108383,0.069234,0.017380,0.053436,0.187104,-0.314107,0.026648,-0.340047,0.227482
0.072202,-0.048431,0.117563,0.051777,-0.116409,0.028634,-0.152929,0.197971,-0.020251,-0.049539,0.253064,0.307542,-0.177320,-0.078732,-0.122231,0.390001
0.524200,-0.210570,-0.244380,-0.491746,-0.196104,0.009219,0.050765,0.011399,0.199263,-0.210838,0.092050,0.303286,0.296686,0.234520,0.321179,-0.217337
0.451968,-0.000020,0.064852,-0.336764,0.072472,0.047587,0.053992,-0.357599,0.193902,-0.109534,-0.263636,0.187152,0.152254,0.227122,0.109793,-0.044723
0.077369,0.145788,0.245130,-0.923365,-0.055435,-0.158880,-0.219729,0.073372,-0.028661,-0.015923,0.028395,0.155242,-0.058043,0.398875,-0.001430,-0.400122
-0.099058,0.402723,0.321009,-0.136066,-0.326990,0.130542,-0.122514,-0.032316,0.140255,0.240116,0.636844,0.184427,-0.157744,0.150143,-0.102252,-0.016338
0.342301,-0.208838,-0.167131,0.449685,-0.114720,0.082197,0.058266,0.126432,0.073572,0.001936,0.092893,0.025599,0.269903,-0.140817,-0.037273,0.415571
0.359843,-0.389526,-0.165431,-0.048614,-0.338224,-0.133389,-0.200782,-0.231754,-0.054604,-0.043389,-0.171839,-0.020963,-0.246177,-0.058671,0.233631,0.020956
-0.148756,0.460205,0.325943,0.111228,0.176604,0.169214,0.299546,-0.065656,-0.355360,0.152300,0.082807,0.450422,0.377902,0.017091,0.148099,-0.066961
-0.058059,0.913992,0.765917,0.598751,0.192895,0.413382,0.293002,0.349624,-0.067583,-0.002125,0.413358,0.390864,-0.518855,0.407239,0.194292,0.557211
0.097778,0.152665,0.194297,0.272775,0.354991,0.003288,0.302593,0.095024,0.261337,-0.024085,-0.194901,0.166156,-0.036191,0.299457,-0.325926,-0.040310
-0.153603,0.256683,0.595707,0.105052,0.097727,0.188857,0.083859,0.168489,0.153547,0.090739,0.608669,0.138406,0.001575,0.039427,0.005470,0.152852
-0.020984,-0.077756,-0.217832,-0.018542,-0.204615,-0.283813,0.198886,-0.319582,0.104411,0.078213,-0.367989,0.141621,-0.131142,0.091652,0.180212,-0.033294
0.464060,0.177621,0.276280,0.518638,-0.030273,0.018799,0.115435,-0.005388,0.347238,-0.036567,-0.092127,0.043776,0.010731,0.100153,0.156931,0.607034
-0.020647,-0.136340,0.112355,-0.032417,0.289176,-0.071707,0.048298,-0.120004,0.303031,0.224671,-0.361164,0.150700,0.258858,0.182669,0.564300,0.006668
-0.440196,0.307213,0.373076,0.289995,0.150293,0.266363,0.048010,0.094206,0.227674,-0.101549,0.019506,0.131070,0.013302,0.103839,-0.390121,0.014646
-0.338260,0.126870,0.356848,0.164858,0.438687,-0.103478,0.158088,-0.250080,0.217079,0.006847,-0.138180,-0.066186,-0.131435,-0.116297,-0.331662,0.151790
-0.340248,-0.272136,-0.025368,0.219006,0.239169,0.325492,-0.356511,0.200435,-0.052707,0.166321,-0.017513,-0.311539,0.083489,0.149792,0.250128,0.085295
0.106873,0.423715,0.637929,0.522459,-0.206682,0.548079,0.207572,0.244792,0.105045,-0.071135,-0.034164,0.266277,-0.553394,0.015375,0.395997,0.536429
-0.188584,-0.070827,0.191982,0.301558,-0.114638,0.043273,0.413197,-0.030229,-0.175754,-0.025092,0.089958,0.378810,-0.157609,0.206197,0.565528,-0.013553
0.319183,0.043151,0.367693,-0.434098,0.290177,0.264674,-0.399782,0.023351,-0.163577,0.760506,0.442756,-0.068400,0.389015,-0.151375,-0.024013,-0.313800
0.205342,0.355442,0.343456,0.814672,0.327021,0.187187,0.003799,0.313256,0.032561,0.559667,0.184677,-0.073517,0.114568,-0.111755,0.154537,0.467549
-0.338015,-0.017512,-0.204021,-0.012901,-0.063822,-0.178102,-0.109637,0.252104,-0.000740,-0.079879,0.009732,-0.223867,0.102769,-0.282251,-0.173487,-0.269060
0.522766,-0.107606,-0.257494,0.330054,-0.105031,0.050670,0.474300,0.165267,0.233529,-0.036736,-0.100690,0.288475,0.048237,-0.124799,0.202642,0.239811
0.055087,0.176692,0.090312,-0.576065,-0.181162,-0.325902,-0.073025,-0.175069,0.042033,-0.096949,0.181137,-0.557595,-0.178766,-0.036073,-0.353697,-0.262624
-0.024932,-0.200595,-0.046842,0.106534,-0.604483,0.169578,-0.028454,0.046485,-0.135693,0.218166,-0.231022,0.169357,0.020190,0.120011,0.136072,0.057389
-0.158775,-0.113312,0.229633,-0.234903,0.151492,0.038658,0.188987,-0.170873,0.065405,-0.112156,0.052277,-0.100977,0.124349,-0.084727,0.228433,-0.231750
0.183916,0.054687,-0.335575,-0.194484,0.274347,-0.324481,0.126004,0.148891,-0.022307,-0.068893,-0.299114,0.151835,0.394530,-0.031958,0.081509,-0.093972
0.134798,0.019831,0.333932,0.013205,0.108225,0.190914,-0.167868,0.483803,0.000022,0.049097,0.233005,-0.162837,-0.437093,0.154702,0.323601,0.257527
-0.134817,-0.604164,-0.113220,-0.756249,-0.289247,-0.050639,-0.317574,0.116682,-0.319541,0.011870,-0.342220,-0.429298,0.466296,0.332581,-0.184490,-0.664160
0.348664,-0.054534,-0.002660,0.077260,-0.022307,0.092093,-0.156649,0.157729,-0.086240,0.284479,-0.282395,-0.316567,-0.074668,0.009659,-0.312099,0.043717
0.474321,-0.199777,0.064967,0.370265,0.333263,0.151521,0.024756,-0.150549,0.295421,-0.088140,0.136745,0.165648,-0.084884,0.773003,-0.019946,0.197578
-0.069080,0.706081,0.536180,0.043377,0.269264,-0.232945,0.027799,-0.264274,0.490706,0.134617,0.025550,0.346663,-0.041587,0.082572,0.051965,0.405581
-0.124251,0.280144,0.647744,0.389261,0.347600,0.189839,-0.049707,-0.241825,0.229442,0.011413,-0.105658,0.151064,-0.120657,0.281394,0.023393,0.502459
0.297479,0.068852,0.253848,0.162938,0.019939,-0.048957,0.014412,-0.108407,0.398755,0.045584,0.220128,0.347220,0.090792,-0.205322,-0.028686,-0.014848
0.386461,-0.564304,-0.110846,0.509642,-0.224726,-0.149530,-0.167356,-0.246260,-0.164317,-0.656667,-0.320809,0.183442,-0.399392,-0.100005,-0.149312,0.201307
0.234746,-0.082446,-0.046429,0.108704,-0.087535,0.294433,0.057837,0.377272,-0.425283,-0.164427,0.402643,0.090369,-0.118267,0.227639,-0.144055,-0.064849
-0.135962,-0.194779,0.173945,0.726297,-0.344444,-0.032019,0.270670,0.060676,-0.008890,-0.172758,0.019883,0.103253,-0.094486,0.185449,0.686352,0.174568
-0.182641,0.189807,0.299351,-0.364391,-0.003737,-0.021207,-0.033323,-0.395370,-0.057617,-0.269599,-0.123280,0.114581,0.473130,0.177532,-0.385720,0.007374
0.004212,0.105494,0.009933,0.426874,0.040929,0.054409,0.216432,-0.115276,0.005819,-0.403787,-0.264000,-0.011135,-0.177533,0.016720,-0.210419,0.007709
-0.123504,0.174535,0.028340,-0.243538,0.280175,-0.174747,-0.128648,0.225183,0.289721,0.369766,-0.208535,-0.326224,0.018896,0.245345,-0.217880,0.062301
0.211737,0.067212,-0.175508,0.319276,-0.117819,0.155171,-0.193076,0.318613,-0.065950,-0.158469,0.106888,-0.231616,-0.004394,0.166976,-0.184092,-0.232926
0.130302,-0.579791,-0.831314,-0.160460,0.264266,-0.118144,0.128240,0.044741,-0.159113,-0.049898,-0.693125,-0.080013,0.209953,0.162242,0.569626,-0.129141
0.125406,-0.069124,0.149682,-0.137214,0.411606,-0.157774,0.012152,0.046124,0.197080,-0.320672,-0.011187,-0.252437,0.324015,0.120004,0.148623,-0.088475
-0.509111,0.097603,0.494575,0.050815,0.057506,0.056166,0.245421,0.216565,0.259769,0.124322,-0.073190,0.237148,0.040384,-0.104806,0.461580,0.071764
0.329459,0.160165,-0.228704,0.540074,-0.104864,0.203606,0.297717,0.498831,-0.027644,-0.161598,0.688985,0.223630,-0.217761,-0.079759,0.259248,0.445647
-0.211223,-0.030437,0.070749,-0.129001,0.126635,-0.183288,-0.017014,-0.008467,-0.059629,-0.180747,-0.019161,-0.314798,0.273637,-0.156416,-0.344843,-0.373411
-0.246901,-0.215860,0.156742,0.104963,-0.291253,0.201177,-0.280990,-0.451903,-0.227803,-0.654532,0.325263,0.198871,-0.222755,-0.044650,0.060635,-0.023540
0.058439,0.394089,0.418215,-0.255132,0.202951,0.001243,0.097861,0.032351,0.114397,-0.294378,0.715727,0.241803,0.733624,0.251468,0.002100,0.399203
-0.252254,-0.230221,0.270365,0.327444,0.229479,0.177073,-0.226047,-0.202614,0.571785,-0.247013,0.252716,0.048023,0.244649,-0.205597,-0.050692,0.122443
-0.094859,0.085970,0.167807,0.097124,-0.253158,-0.202629,-0.214220,-0.608270,0.132889,0.271117,-0.210705,0.386937,0.452169,-0.183293,-0.288523,0.074049
-0.200270,-0.065084,-0.531057,-0.209921,0.159624,-0.039916,-0.116046,-0.452224,-0.289758,-0.011355,0.041903,-0.193211,-0.002872,-0.260053,-0.382675,-0.034854
0.111497,0.016183,0.175982,0.153761,0.403730,-0.123128,0.141443,0.074985,0.219744,-0.115371,0.076384,-0.271910,0.066210,0.047190,0.133416,0.261426
0.053041,-0.353537,-0.308290,0.323148,-0.366694,-0.040897,0.145050,-0.297785,0.150262,-0.024604,0.209085,0.374913,0.084902,-0.237653,0.227243,0.216112
0.147760,0.225094,-0.070554,-0.545750,-0.634058,-0.169567,0.580960,-0.070704,0.217540,0.043776,0.324564,0.118281,0.020463,0.469534,0.433340,-0.401348
0.470128,-0.271923,-0.081352,0.533555,-0.103414,-0.127539,0.202423,0.053229,0.002290,-0.031995,0.039259,0.225922,0.022698,0.020184,0.058582,-0.083986
0.221356,-0.380014,-0.149236,0.184959,-0.084313,-0.253600,0.063933,0.185641,-0.123283,-0.400691,-0.077571,0.355348,-0.056625,0.027154,0.330773,0.180567
-0.193677,0.117998,0.043564,0.155117,-0.519487,-0.027273,-0.038417,-0.393395,-0.039860,-0.676517,0.122014,0.179435,-0.212883,-0.200349,-0.103338,0.061404
-0.565714,-0.165272,-0.353783,-0.099033,-0.314182,-0.156663,0.260641,-0.306989,-0.571054,-0.115134,-0.134273,-0.253532,-0.059722,0.210540,-0.338590,-0.528442
0.338062,-0.426153,-0.675064,-0.154544,-0.121901,-0.124950,-0.028891,-0.149779,-0.201996,0.140165,-0.513077,0.086020,-0.439328,-0.200928,0.110645,-0.292113
-0.054092,-0.241347,0.071320,0.231583,-0.089925,0.090162,-0.003260,0.038717,0.186460,-0.043323,0.262432,-0.059690,-0.373968,-0.082797,0.324242,-0.022526
-0.049663,-0.437462,-0.124669,-0.701487,-0.305403,-0.219987,0.005614,-0.146895,-0.022259,0.237452,-0.554756,0.128751,0.306123,0.117709,-0.592690,-0.229999
0.497622,-0.430377,-0.371655,-0.560809,-0.197526,-0.093357,-0.561721,-0.284083,-0.437042,0.028407,-0.540455,0.118291,-0.060639,-0.284274,0.005064,-0.273160
0.027706,-0.156970,-0.032211,0.042819,0.163990,-0.062994,-0.177746,-0.029149,0.018893,0.047700,-0.435011,-0.126751,0.169570,-0.088200,-0.032396,0.203751
-0.422292,-0.156287,-0.147821,0.338893,-0.052010,0.198928,-0.007433,-0.127140,-0.076586,-0.613669,-0.100575,-0.419210,0.038873,-0.083668,-0.409832,0.022316
0.241517,-0.130208,0.146278,0.181267,-0.735449,-0.179342,-0.018802,-0.091044,-0.270010,0.076055,-0.156742,0.239859,-0.104638,-0.414178,-0.069303,-0.066126
-0.153928,-0.345137,0.274592,0.087581,0.208967,-0.094428,-0.119205,0.327948,-0.178587,-0.374888,0.255219,-0.184839,-0.396991,0.128759,0.124788,0.012027
0.400975,0.251451,-0.379618,0.257241,-0.387347,-0.050713,0.260519,0.008937,0.061383,0.168670,0.150208,0.139928,-0.235735,0.322579,-0.337638,-0.026560
-0.256333,-0.256019,-0.159141,0.229437,0.028557,-0.213121,-0.205151,-0.302751,-0.077985,0.093845,-0.198726,0.024714,0.047553,-0.028028,0.066989,0.263167
-0.435695,-0.198028,0.442705,0.137577,0.542316,-0.044476,-0.048005,-0.586246,0.129255,0.144228,-0.284790,0.049629,0.581291,0.135976,-0.159296,0.106451
0.267267,0.208268,0.401799,-0.154326,-0.285807,-0.144420,0.362949,-0.062756,0.292073,-0.021800,0.260591,0.129409,0.067063,0.337531,0.225365,0.002442
-0.304096,-0.134219,-0.056351,-0.110911,0.210273,0.071714,-0.191772,0.101242,0.010526,-0.094179,-0.202509,0.265684,-0.033432,0.111002,0.428492,-0.275537
0.420843,-0.202823,-0.127321,0.424161,-0.160749,-0.326846,-0.136859,-0.039106,-0.165016,0.078869,-0.119164,-0.002452,0.063969,0.005879,-0.376513,0.294700
0.355472,-0.131196,0.153665,-0.156377,-0.052531,-0.289134,-0.159974,-0.042333,-0.096433,-0.213794,-0.146897,-0.075003,-0.283806,0.222189,0.352992,-0.106999
0.036661,-0.095562,0.159368,0.317876,-0.051365,0.218639,0.152336,-0.321427,-0.035949,-0.629992,-0.098672,0.539140,-0.001999,-0.094393,0.288545,0.158001
-0.329229,-0.079476,0.164519,-0.037586,-0.347021,0.171539,-0.111315,-0.218127,-0.233966,-0.526607,0.278772,0.204265,0.072301,-0.281434,0.075000,-0.123296
0.350417,-0.109046,-0.107663,0.192017,0.265399,0.026191,0.206180,-0.215224,-0.158529,0.288456,-0.448062,0.259265,0.265856,0.205067,0.096417,0.110026
-0.750192,0.287116,-0.120363,-0.012953,0.178482,0.111725,0.220867,-0.161377,-0.018197,-0.337355,0.130944,0.083474,0.367074,0.324510,-0.243109,0.113634
-0.004595,0.199317,0.799337,0.242217,-0.086578,-0.054565,0.143516,0.262222,0.020206,-0.042884,0.301761,0.013499,0.038317,-0.074958,0.150969,0.148792
0.052733,0.283844,0.323661,-0.255905,0.183258,0.056974,0.037687,-0.099417,0.244376,-0.018469,0.091056,-0.423210,-0.175690,0.448384,0.188811,-0.070558
0.222447,-0.156443,-0.411082,-0.291966,0.141282,0.048390,-0.130984,-0.534899,-0.127714,-0.059955,0.022522,-0.017919,0.306323,0.375712,0.115852,-0.093234
0.384283,0.061728,-0.003615,0.869116,-0.233859,0.387218,0.204467,0.256610,0.262758,-0.013184,0.341209,0.682289,-0.384807,0.043794,0.061179,0.219814
0.294407,0.220333,0.193234,-0.097475,0.241985,0.483403,-0.087159,-0.144331,0.195646,0.059398,0.332960,0.333655,0.403166,0.032349,-0.114446,0.170295
-0.248238,-0.041962,0.343272,0.160377,-0.473944,0.075684,-0.055813,-0.119942,-0.199135,-0.431405,0.449002,0.318917,-0.677925,-0.416929,0.217595,0.059329
0.112500,-0.225146,-0.106398,-0.028864,0.363661,0.275445,-0.182273,0.253149,0.031804,0.126017,0.339036,-0.049608,0.144727,-0.070771,-0.020975,0.134899
0.340323,-0.424363,-0.117489,0.325072,0.001440,-0.250292,-0.256572,-0.145827,0.078780,-0.128517,0.026349,-0.122906,-0.419143,-0.270204,0.031303,0.090961
0.113486,0.023628,0.225459,0.450635,0.202144,0.485009,-0.326332,-0.132526,-0.438695,0.020240,-0.054573,0.050773,0.174599,-0.193858,-0.460039,0.568332
0.003676,-0.078068,0.231254,0.265781,0.764860,-0.141344,-0.219401,0.054375,0.353634,0.421209,-0.276525,-0.033188,0.006479,0.245804,0.234765,-0.076729
-0.474550,0.139118,0.291153,0.144049,-0.056738,0.539611,0.352838,0.026766,-0.156294,-0.218005,0.436073,0.081017,0.060063,-0.077472,0.253756,-0.152387
0.315624,0.022696,-0.093889,-0.009311,-0.285058,0.138093,0.054661,-0.025623,-0.014690,-0.030772,0.263430,0.082726,-0.449578,0.196704,-0.225371,0.124136
0.179598,0.259497,0.124300,0.485044,-0.200389,-0.085620,0.181381,0.085138,0.322334,-0.067620,0.304306,0.183027,-0.203995,-0.208276,-0.043545,0.378165
0.011333,0.143150,-0.028493,0.403499,-0.478548,0.203329,0.472294,0.155139,-0.058108,0.344644,0.064755,0.448564,-0.046025,0.211904,0.370066,0.210003
0.564370,-0.143386,-0.401854,0.606463,0.055116,-0.013904,0.010753,0.075481,-0.005706,0.070294,0.184313,0.504893,-0.111158,0.040305,0.163115,0.252958
0.251376,0.187395,-0.312643,-0.501509,-0.369228,-0.092763,-0.041360,-0.368614,-0.302841,-0.216515,-0.041507,0.453732,0.000996,0.234828,-0.195984,-0.064360
0.374818,-0.240238,-0.097019,-0.489860,-0.234878,-0.171108,0.018087,-0.172488,-0.250256,0.225719,-0.004070,0.067134,-0.020593,0.069512,0.062102,0.013167
0.119059,0.251867,-0.032408,0.337863,-0.060738,-0.278422,0.211577,0.482488,-0.023323,-0.058251,-0.144403,-0.264518,-0.598267,-0.067388,-0.055795,0.216975
-0.136319,0.373056,0.225134,0.036105,-0.073141,0.200919,0.107606,0.197338,-0.088396,0.139124,0.291578,-0.020208,-0.171857,-0.191737,-0.119556,0.168095
-0.455979,-0.184910,0.163114,0.076403,-0.362029,0.530860,0.006019,0.007030,-0.284771,-0.095049,0.093413,-0.073349,-0.015611,0.051051,0.206851,0.156485
0.666459,0.235290,-0.021978,0.344780,0.023392,-0.150375,0.248602,-0.162755,0.554948,-0.059054,-0.057035,0.629191,0.203260,0.439845,0.234212,0.545228
-0.551023,-0.095136,0.447956,-0.244585,0.319138,-0.152724,-0.245079,-0.442576,-0.203012,0.242121,-0.229714,-0.183505,0.079874,-0.258535,-0.200337,-0.151885
0.099069,0.123062,0.254357,0.157083,0.236373,-0.016272,0.104379,0.035131,0.161753,0.427698,-0.077411,0.298894,-0.132479,0.056044,-0.098173,0.222874
0.657743,-0.211436,-0.371071,-0.090051,-0.164378,-0.398431,0.398109,0.010410,0.073839,0.013702,0.024234,-0.084025,0.027058,-0.034026,0.114509,-0.163471
0.465783,-0.040717,-0.157076,0.175067,0.017414,0.138023,-0.137561,0.294599,-0.131926,0.284031,0.319404,-0.125248,0.037563,-0.105008,0.073685,-0.240689
-0.121576,0.406881,0.012421,-0.028582,-0.475803,-0.222506,0.340876,0.056690,-0.071321,-0.270628,0.468999,-0.041550,-0.016533,-0.142849,0.334225,0.090053
-0.009326,-0.123335,-0.151845,0.220295,0.246120,0.193476,0.097038,0.178208,-0.063026,0.318881,0.026112,-0.147709,0.160089,-0.098882,0.506294,0.098476
-0.281920,0.103924,0.588655,0.209374,0.389004,0.118023,-0.129114,0.364182,0.120176,0.074753,0.193313,-0.068799,0.228797,-0.090329,-0.187290,0.201786
0.053693,-0.066973,0.081729,0.493078,-0.092642,-0.387466,0.276533,0.016948,0.249270,-0.123467,-0.319325,0.014084,-0.148616,0.021852,0.057186,0.031921
0.108775,0.100281,0.115213,0.132161,-0.450135,0.188293,-0.117363,-0.093727,-0.273734,-0.118849,-0.360368,0.231377,0.202496,-0.057186,0.158384,0.244086
-0.151506,-0.188774,0.190381,0.506515,-0.088645,-0.099611,-0.156392,0.233776,0.031851,-0.077367,0.024727,0.096959,-0.460168,0.113688,0.579821,0.271583
0.323812,-0.058917,-0.376889,-0.408346,0.293097,-0.093036,0.030783,-0.400270,-0.055356,0.077575,-0.199694,0.119995,0.016794,0.725208,0.152983,0.268122
-0.094562,-0.231706,0.252329,-0.472233,-0.045763,-0.427007,-0.049643,-0.103904,0.311920,-0.154332,0.364301,0.074690,0.176125,0.070022,0.004802,-0.043461
0.212713,-0.057862,-0.492668,0.049683,-0.196281,0.176457,0.082372,-0.041458,-0.079643,-0.312290,0.041179,0.191250,-0.283242,0.352126,0.019841,-0.130309
