-0.002573,-0.005001,0.237934,-0.003411,-0.003192,-0.003785,0.004784,0.014772,0.001024,0.002440,0.112293,0.036392,-0.014563,-0.007778,0.004082,-0.007313
0.001289,-0.002100,0.001268,0.002189,-0.000558,-0.001201,0.002958,0.003771,0.000121,-0.003513,0.003632,0.002302,0.000366,0.128526,0.001280,-0.005951
0.035997,0.002896,0.000754,0.004318,0.000375,-0.007715,0.002451,-0.003461,0.335479,0.005493,-0.000812,0.003749,0.001287,-0.014154,-0.001809,0.000089
-0.004098,-0.000739,0.074370,-0.006110,0.000229,-0.008606,-0.002644,0.008114,0.068100,0.037944,-0.025997,0.010917,-0.005007,0.010981,-0.002125,-0.007805
0.003749,0.121312,0.004590,0.016425,-0.009068,-0.000333,0.029857,0.001092,0.003113,0.016978,0.000684,-0.003364,0.000754,-0.002071,0.000228,0.000274
0.022188,0.000699,-0.001260,-0.006012,-0.004040,-0.004368,-0.005135,0.099433,0.135377,0.116003,0.019732,-0.002436,0.006564,-0.000717,-0.001923,0.033781
0.114616,0.003950,0.002033,0.000135,0.050458,-0.074692,0.003704,0.003180,-0.003183,0.086225,0.141211,-0.097213,0.003096,-0.004380,-0.001524,-0.000799
0.015639,0.000020,0.019762,-0.002608,0.002529,-0.013461,0.082823,0.026655,-0.000686,0.004547,-0.002767,0.002205,-0.003640,0.100162,-0.003603,-0.010546
-0.000718,0.008669,-0.004902,0.203115,0.003343,-0.014183,0.010133,-0.000909,0.224425,-0.008990,0.000926,-0.001320,0.001962,0.013954,-0.000821,-0.004339
-0.005247,-0.002857,0.000285,-0.001428,0.007437,0.002050,-0.007030,0.001426,-0.001668,0.000940,-0.000086,0.004215,0.336500,0.004366,-0.004807,0.002207
-0.000137,-0.003511,-0.001770,0.004067,0.001203,0.000233,-0.000259,-0.001798,0.003866,-0.001809,0.001003,0.001096,-0.002665,0.000142,0.002735,-0.007979
0.018815,0.013322,-0.004719,0.017673,0.002969,0.011395,0.080551,-0.005760,0.007311,0.011710,0.044524,-0.009711,0.014428,0.024491,0.021706,-0.017416
0.000500,0.006686,0.092994,-0.006039,-0.001622,-0.001798,-0.001562,-0.002219,0.001326,-0.004360,0.001246,0.003034,0.178019,0.000505,0.001815,0.029662
0.075247,-0.001605,0.004864,-0.001115,0.006177,0.013831,0.002069,0.001903,-0.002138,0.018380,0.017228,-0.044030,-0.002887,-0.002712,0.001853,0.019403
0.000725,0.001190,0.076513,0.002003,-0.000422,0.007758,0.000583,-0.005495,0.000599,0.000967,-0.014711,-0.001454,0.000034,0.238892,0.001164,0.015912
0.028505,-0.005340,0.006081,-0.000965,-0.000752,0.025564,-0.020782,0.024053,0.008193,-0.010507,0.282040,-0.050477,0.035106,0.000103,-0.003515,-0.004539
0.001771,0.166215,0.002428,0.060284,0.112345,0.000686,-0.001726,0.009641,-0.002784,-0.000041,0.003522,-0.000365,-0.000659,0.001365,0.026702,-0.046349
0.019316,-0.001748,-0.002824,0.073062,-0.009093,0.002688,0.001601,-0.004684,-0.026144,0.041661,-0.002003,-0.000593,0.346554,-0.001775,0.000167,-0.000636
-0.005934,0.000343,0.000127,0.192762,0.141346,0.056463,-0.004313,0.040279,-0.016679,0.001218,-0.082043,-0.000654,0.000659,0.000596,-0.064833,-0.000600
0.112603,-0.001324,-0.001794,-0.016879,0.002312,0.003752,-0.018468,0.006297,0.000722,0.143444,0.291856,-0.066429,-0.006055,-0.001206,-0.003080,0.000740
0.001778,0.002674,0.014104,-0.045136,-0.009965,-0.035178,0.001465,0.002726,0.001159,-0.007795,0.692866,-0.091718,-0.001781,-0.004499,0.008183,-0.001775
-0.001018,-0.013656,-0.001459,-0.008522,0.000166,-0.000461,-0.005881,0.129435,0.152126,0.025029,-0.000736,0.002301,0.010647,-0.000125,0.000368,-0.000600
-0.004074,0.073225,0.081472,0.029332,0.184598,0.009541,0.016189,0.003685,0.000053,0.009594,0.002306,-0.000422,-0.002252,0.000859,-0.000244,-0.000957
0.001903,-0.000440,-0.001881,0.066298,-0.020617,-0.001769,-0.004348,0.014503,0.004852,0.286395,-0.031007,0.046882,-0.039486,0.000233,-0.009769,0.000270
0.001769,-0.002892,0.016858,0.013519,-0.000115,0.001885,0.006358,0.000163,0.001379,-0.037911,0.212660,0.155718,0.001241,-0.000317,0.002771,-0.000191
-0.002688,0.000316,0.010120,-0.003933,-0.004546,0.003871,-0.000310,0.002122,0.002096,0.049913,0.129770,0.005312,0.003090,0.236863,-0.003498,0.000478
0.000830,0.006902,-0.016330,-0.028234,-0.002883,0.314962,-0.020279,-0.001094,-0.001538,0.000683,0.017040,0.038372,0.046321,-0.007281,-0.007047,0.000328
0.021823,-0.000601,0.004047,0.081943,0.040438,-0.002842,0.061794,0.018989,-0.013017,0.058347,-0.026484,0.016973,0.008787,-0.002658,-0.001544,-0.010229
-0.005084,0.005117,-0.001296,0.003967,-0.031977,-0.009560,0.068825,0.120786,0.070105,-0.000863,-0.002743,-0.002465,0.000892,0.084984,-0.005938,-0.004368
0.277395,-0.003584,0.000314,-0.013338,-0.001439,-0.006428,-0.003448,0.004346,0.340016,-0.003476,-0.003024,0.016007,-0.005306,-0.009583,0.000129,-0.001172
-0.002654,0.008233,0.255034,0.003290,-0.000382,0.001907,0.000197,0.001896,0.001587,-0.001094,-0.172659,-0.001643,-0.002226,0.007193,0.004955,-0.005000
0.000076,0.069285,0.023497,0.040351,0.010564,0.004838,0.001540,-0.001904,0.000423,0.049818,0.016248,0.043664,-0.028480,0.003378,0.080759,0.009004
0.011522,0.001291,0.001651,0.029956,0.001158,0.018114,0.026948,0.016771,0.000133,0.075481,0.014210,0.015606,0.003625,0.003962,0.015935,0.010073
-0.001397,0.002798,-0.001407,0.014318,0.002351,0.052696,0.034677,-0.008770,-0.020104,0.007825,-0.002298,-0.006224,0.081078,0.010198,0.026420,-0.001057
0.004560,0.023340,0.004397,0.002728,-0.000227,-0.013323,0.097938,-0.003985,-0.000050,-0.000934,0.003923,-0.000754,-0.007057,-0.000553,-0.002541,0.001172
0.002323,0.001172,0.017391,-0.001044,0.003554,-0.001200,0.030295,0.030953,0.005412,0.009318,0.004707,-0.004168,0.001131,-0.001780,0.002369,0.007491
-0.002594,0.004478,0.018569,0.114737,-0.000770,0.004341,0.009952,-0.000444,-0.003299,0.001855,0.066677,0.024206,-0.003252,0.000802,0.049264,-0.004228
-0.000107,0.188511,0.001131,0.006612,0.088848,-0.001100,-0.001656,0.001622,0.001842,-0.001564,-0.011142,0.006502,0.001175,-0.001324,0.022654,-0.008485
0.001069,0.062784,0.013220,0.024363,-0.001383,0.035627,0.030198,-0.012285,-0.022711,0.003864,0.012705,-0.012511,0.000595,0.001962,0.021829,-0.000477
0.005464,0.022488,-0.002671,-0.005486,0.411739,-0.000637,0.000661,-0.001251,-0.001367,0.001679,0.000314,0.002410,-0.002450,-0.001543,0.042649,-0.012662
0.000641,0.013752,0.017425,-0.002299,0.135291,0.006255,0.013521,0.100251,0.001533,0.001258,0.069591,0.084967,-0.005989,-0.001057,-0.007623,-0.008787
0.075008,0.000268,-0.001028,-0.007164,0.001651,0.021496,-0.000653,0.000617,-0.000300,0.003006,0.002157,-0.002129,-0.000116,0.000261,-0.005439,0.005512
0.002809,0.000928,-0.027197,-0.012899,-0.000952,0.029163,-0.002852,0.005543,0.000765,0.013023,0.261757,0.037155,0.026626,-0.031249,-0.001356,0.000311
0.003687,0.009720,-0.000997,0.121050,-0.001016,0.001177,0.004946,-0.004379,-0.002471,0.082884,-0.003394,-0.000037,0.134676,-0.003506,-0.002444,-0.000028
0.264425,0.000673,-0.000284,0.003926,-0.001698,0.000345,-0.000434,-0.002605,0.000189,-0.041119,-0.018335,0.002721,0.000662,0.016833,0.005770,0.081015
-0.018853,0.011251,0.021124,-0.005867,0.004717,0.027282,0.007671,-0.162667,0.005366,0.057846,-0.024910,0.003022,0.000279,0.001029,0.005637,0.134806
-0.002258,0.011361,0.000411,0.010089,0.013034,0.071296,0.009441,0.010605,0.012616,0.155350,0.026750,0.012185,0.052966,-0.020204,0.000476,0.008319
0.083954,-0.002479,-0.000172,-0.001575,0.056824,-0.002725,-0.001454,0.005303,-0.022315,0.053168,0.248194,-0.080175,0.004316,-0.003646,-0.001869,-0.000044
0.056430,0.001441,0.029092,-0.005803,0.000018,0.005209,-0.000205,0.041427,0.000404,0.032081,0.009792,0.001876,0.002694,0.005225,-0.001556,0.000755
0.006626,-0.004542,-0.038308,0.153993,0.001218,0.006896,0.000486,-0.000961,0.094418,0.004835,0.015399,0.009151,0.013767,0.000901,-0.003459,0.000547
0.007913,-0.020764,0.026518,-0.012568,0.000961,-0.018236,-0.003579,0.003824,-0.003695,-0.002406,0.000177,-0.018954,-0.001021,0.003253,0.318482,0.044044
0.041566,0.000361,0.001655,-0.003462,-0.001645,0.051582,0.034302,-0.001993,0.026388,0.018391,0.007718,-0.025528,0.001868,-0.004735,0.002290,0.016336
0.395174,0.000109,0.004358,-0.003538,0.006176,0.003109,0.052173,0.020904,-0.004603,-0.022152,-0.002587,0.048381,-0.004645,0.000074,-0.003267,-0.000269
0.000459,-0.007760,-0.002351,0.035090,0.044269,0.175865,-0.001769,0.026854,0.001577,-0.000366,0.016433,0.007877,0.005878,0.010126,-0.101004,0.000261
0.057896,0.002018,0.004788,-0.007195,0.001009,-0.008862,0.006464,-0.002958,0.397933,0.002048,-0.005608,-0.002242,0.000971,0.228509,0.002436,-0.020191
-0.001649,0.062043,0.004954,0.003805,0.186609,0.012233,0.036474,0.002400,-0.000298,0.003294,-0.000090,0.012618,0.001355,-0.000130,-0.029243,0.001162
-0.002021,0.001229,-0.002224,-0.000810,0.000423,0.125962,0.005874,0.087888,0.003466,0.019256,-0.197280,0.002349,-0.000262,0.000616,0.001410,-0.001402
-0.006947,0.387904,-0.003888,0.005746,0.000684,0.004425,-0.001202,0.052931,-0.006788,-0.003358,-0.004508,0.001253,-0.006204,-0.002035,0.003496,-0.002164
0.052757,-0.012136,-0.002364,-0.003431,0.000570,0.039945,0.083496,-0.001869,0.026888,0.021280,0.000134,-0.004208,-0.001808,0.002834,0.000115,0.013176
0.011950,-0.013067,-0.000622,0.152469,0.000564,-0.006815,0.005612,-0.001582,0.078446,0.002498,0.121207,0.015951,-0.001389,-0.006740,-0.009582,0.003151
0.002496,0.004697,-0.004593,0.057681,-0.003143,-0.012621,0.004486,0.004646,-0.008867,0.065093,-0.010151,-0.001573,0.130490,0.018051,-0.012436,0.000421
0.000343,0.165335,0.000749,0.028347,0.048053,-0.000203,0.000480,-0.000512,-0.023437,0.002163,-0.001160,-0.000852,0.000912,-0.001063,0.011275,-0.043604
-0.007574,0.047930,-0.002147,0.008603,0.005278,-0.000374,0.055202,-0.011062,0.161467,0.001290,0.001749,-0.002358,-0.014039,0.006044,-0.001015,-0.018795
0.000786,-0.231461,0.033031,0.012229,0.001528,0.150725,0.010987,-0.000990,0.000287,0.014063,0.017804,0.021105,0.001212,-0.000778,0.012081,-0.005069
-0.009283,-0.009013,0.025055,0.055115,0.001564,0.054975,0.044127,-0.004995,-0.004343,0.001400,-0.001844,-0.038129,-0.011680,0.000031,0.027127,0.002049
0.017253,0.115986,0.037427,0.057911,0.000691,-0.000452,0.007632,0.011770,-0.002335,0.065950,-0.004693,-0.000998,0.001547,0.005013,-0.006147,0.034059
0.026450,0.001715,-0.000398,0.000576,0.040036,-0.009616,0.102321,0.019570,-0.002354,0.001166,-0.002909,0.000518,-0.003095,0.000329,0.002024,0.002019
-0.003375,-0.000206,0.054042,0.020928,0.030479,0.032498,0.003735,0.029738,-0.000637,0.001991,-0.007524,0.000289,0.022350,0.148945,-0.008910,0.000465
0.001303,0.077602,0.028523,0.015919,0.007369,0.011857,-0.002532,0.030468,-0.003524,0.008386,-0.015047,0.012305,0.078252,0.001576,-0.023094,-0.034861
-0.016439,0.083182,0.002535,0.050940,0.110990,0.112706,-0.007861,0.013820,0.000743,-0.005032,0.078851,0.000256,0.000557,0.001525,-0.051080,0.000636
0.003031,0.005009,0.024896,0.000174,0.000597,0.076797,0.046579,-0.009235,-0.035149,0.008287,-0.001473,-0.035497,-0.002960,-0.004305,0.019251,0.001487
0.005585,0.001741,0.009064,0.000461,0.889164,-0.001132,-0.006439,0.000901,0.002096,-0.008744,0.204283,0.007320,0.013244,-0.000920,0.013305,-0.052121
-0.003127,0.019276,0.035826,0.009039,0.034855,0.017697,0.002962,0.028332,-0.000560,-0.001868,0.027506,0.015773,-0.001012,0.000662,-0.004495,0.036262
0.000716,-0.014119,0.003424,0.250893,-0.002151,-0.045239,0.000622,0.000032,0.003896,0.002718,-0.000698,-0.020015,0.000924,-0.000110,-0.001814,0.000437
-0.000810,0.000919,0.024664,-0.020606,0.000389,0.047772,0.010557,-0.001613,0.000613,0.012328,-0.015694,0.001698,0.012470,0.008510,0.023679,0.006030
0.007063,0.001206,0.001440,-0.010950,-0.031249,0.107767,-0.006651,-0.004509,-0.000255,0.003742,-0.147028,0.434434,-0.011932,-0.000069,0.001246,0.002467
0.014454,-0.029754,0.002575,0.039526,0.599290,-0.005636,0.002362,-0.008749,0.020745,0.002437,-0.008162,-0.004283,-0.001087,0.054711,0.007345,0.009773
-0.001319,-0.000144,0.009783,0.037226,-0.003836,0.009254,0.026019,0.063779,0.027009,0.010652,0.033179,0.043911,0.000023,0.004991,0.001668,0.011658
0.152111,-0.028325,0.004200,0.000407,0.051551,0.053139,0.039742,0.030738,-0.004416,-0.010900,0.002401,0.016682,-0.003305,-0.001223,0.000669,-0.006793
0.002255,0.049030,-0.002627,0.002231,0.058454,-0.000705,-0.001585,0.002733,-0.010495,0.006807,0.023287,0.000904,-0.001193,-0.000032,0.063912,-0.092471
0.000091,0.110859,-0.001802,0.132374,0.169365,-0.003036,-0.009595,0.024697,-0.004836,0.000497,-0.010473,-0.001881,0.001214,-0.001619,-0.025259,-0.004209
0.062204,0.020859,0.000329,-0.002463,-0.006685,0.036944,0.048835,-0.018674,0.039274,0.013047,0.005076,-0.027249,-0.002336,-0.000193,0.002301,0.017497
0.029747,0.000000,0.023081,0.030331,-0.025114,0.067875,-0.007493,0.031126,0.018338,-0.001369,0.004400,0.029216,0.000594,-0.000545,-0.009543,0.004442
0.006013,-0.000378,0.022547,0.019332,0.001505,0.030969,-0.003781,0.072026,0.048020,0.000086,0.025667,0.010735,-0.005950,0.000072,0.002548,0.002307
0.000529,-0.029111,0.030723,-0.000733,0.007987,-0.002281,0.004462,0.042470,-0.015147,-0.002405,-0.012943,-0.000920,0.009776,-0.001314,0.213630,0.004550
0.000712,-0.000541,-0.008151,0.056692,0.015405,-0.008637,0.046264,-0.009898,0.020712,0.025240,0.005107,0.005591,0.012745,0.010229,-0.000093,0.010269
0.000963,-0.002880,0.006331,0.021846,0.000534,0.073438,0.036371,-0.004644,-0.030154,0.006582,0.014465,-0.000369,0.009026,0.000335,0.037400,-0.003243
-0.002441,0.207283,0.001371,-0.001538,-0.000532,-0.003766,0.000969,-0.000003,0.005316,0.000896,-0.002622,-0.000436,0.057395,0.027568,-0.005050,-0.001013
-0.012765,0.001066,0.000146,0.033005,0.003595,0.001446,0.012301,-0.010914,0.000645,0.068582,0.045621,0.008091,0.001286,0.001751,0.022575,0.012679
0.001046,-0.004004,-0.000157,0.002496,-0.003097,0.131166,0.048953,-0.005859,0.002594,0.061897,0.006918,-0.001732,0.031556,0.006015,-0.002288,0.009384
0.103022,-0.009333,-0.002196,-0.004208,0.014339,0.088904,0.006711,0.003180,-0.049829,0.026641,0.012063,-0.051761,0.001614,0.005403,-0.009296,0.000805
0.029927,0.056803,0.027289,0.008584,0.006135,0.011913,-0.000112,0.021339,-0.078296,0.124434,-0.018356,0.001655,0.021987,0.000109,-0.015617,-0.002638
0.001046,-0.001233,0.033962,0.064689,0.010373,0.096365,0.006617,-0.006395,0.001085,0.014244,-0.002014,-0.004093,-0.005913,-0.007967,0.094844,-0.004675
0.041373,-0.012378,0.032594,-0.000229,-0.005623,-0.000892,0.003870,0.062248,0.020605,-0.004144,0.071558,0.002980,0.001723,0.020954,0.000232,0.017146
0.002374,0.008502,0.002315,-0.017238,0.000507,-0.008510,-0.001148,-0.002423,0.004193,-0.032127,-0.001829,0.006705,0.192721,-0.004363,0.002505,0.065199
0.028469,-0.000629,-0.012715,-0.002246,0.051012,-0.003321,0.005531,0.027373,-0.003543,0.081351,-0.010480,0.001197,-0.003070,-0.003060,0.020803,-0.000641
0.017605,0.008097,0.001251,-0.002295,0.018211,-0.000900,0.066122,0.030832,0.000354,-0.000297,-0.022125,-0.001430,-0.000060,-0.000172,0.005590,0.019202
0.030424,-0.009987,0.067966,0.000707,0.063553,-0.000004,0.002694,-0.000943,0.000208,0.009679,-0.002293,-0.000066,0.001733,0.012854,0.010779,0.000501
-0.004521,0.007186,0.016015,0.015001,-0.001443,-0.004148,0.032102,0.078265,0.061432,0.015496,0.024060,-0.000759,-0.007730,-0.003248,0.002203,0.009081
0.014160,-0.034654,-0.005932,0.142298,0.000006,0.008358,0.009234,-0.003093,-0.002243,0.003957,-0.001390,0.234692,-0.000326,-0.002648,0.070687,0.005818
-0.003310,0.005347,-0.004613,0.005978,0.007073,0.209350,-0.017551,0.018362,-0.002211,0.002269,0.000024,0.001443,-0.006690,0.001576,-0.011276,-0.014435
-0.014465,-0.013034,-0.001977,0.045528,0.000893,0.022045,0.004755,-0.006898,0.003951,0.097817,0.015848,0.004970,0.001988,-0.000618,0.035347,0.010877
0.043628,0.002697,0.011217,0.043666,0.006196,0.005100,0.004730,0.001832,-0.007015,0.008591,0.032880,-0.014137,-0.001160,-0.001225,0.021507,0.006369
0.003114,0.000685,0.001632,-0.001031,0.005201,0.000149,0.087501,0.041920,-0.001945,0.000237,-0.017699,-0.021802,0.036323,-0.000570,-0.000215,0.000822
0.006769,-0.011189,0.003916,0.017446,0.024061,0.037440,0.010051,-0.001986,-0.001396,0.063090,0.041353,0.002054,-0.001748,0.013150,0.013814,0.019817
-0.006771,-0.006415,0.025362,0.026559,0.001136,0.076808,0.032869,-0.007193,-0.021363,0.018963,0.057421,-0.028064,0.003043,0.010255,0.027662,0.002282
0.000536,0.001038,0.016387,0.010798,-0.000962,-0.007239,0.003455,0.080278,0.057278,-0.001027,0.018116,0.014661,0.000672,0.001806,0.016744,0.006191
0.035880,-0.001013,0.027932,0.000268,0.016133,-0.002088,-0.007731,0.016762,0.034432,0.001994,0.126738,-0.059918,0.007794,0.001427,0.001051,0.058726
-0.000010,0.017826,-0.061441,0.023772,0.006351,0.003614,0.069555,-0.009797,0.135025,0.079583,0.036381,-0.003890,0.000463,-0.002944,0.017712,0.000158
-0.004343,-0.004563,-0.149738,-0.002361,0.009128,0.043869,0.030808,0.047509,-0.021773,0.004605,0.037999,0.032590,-0.000091,0.003213,-0.000751,0.049959
-0.001985,0.001779,0.113843,0.002999,-0.008846,-0.001183,0.000445,0.045009,0.000431,0.006933,-0.001929,0.001142,0.003862,-0.006877,0.000673,0.092324
0.007666,-0.002566,0.051226,0.009514,0.015125,0.007186,0.045876,0.052259,0.001523,0.032162,-0.062314,0.034058,0.009603,-0.018940,0.004873,0.007117
-0.001755,0.019003,-0.001771,0.089600,0.003358,-0.004252,0.053124,0.013081,0.022026,-0.001149,0.000383,-0.001102,-0.000191,0.008416,-0.004793,-0.000118
0.003574,-0.004552,0.005810,0.013624,0.001695,0.055076,0.031247,-0.000882,-0.024764,0.013749,0.047656,0.000848,0.015897,0.001706,0.019252,-0.001034
0.059277,0.000356,0.000461,0.037741,0.097979,0.046344,0.062634,-0.006985,0.000373,0.015298,0.002849,0.007887,0.072495,0.002524,0.021404,0.019595
-0.000623,-0.010047,0.006579,0.078381,0.027928,0.020438,0.069494,0.030359,-0.002957,0.002251,0.073300,0.002258,0.013211,-0.005668,-0.000122,0.064032
0.026231,-0.000942,0.001433,0.000823,0.019585,-0.005417,0.040790,0.039251,0.003695,0.069155,0.053334,-0.193340,-0.001015,-0.013854,0.009877,-0.002739
-0.002543,0.091373,-0.000950,0.006457,-0.015951,-0.000140,-0.001522,0.005565,-0.001221,0.077363,0.000075,-0.001554,0.070571,0.009889,0.000755,-0.002235
0.037452,-0.007219,0.011138,0.028193,0.037953,-0.000462,0.021580,0.041830,0.078816,0.001780,0.011500,0.014745,-0.014245,-0.004173,0.020671,-0.007105
-0.001301,0.015732,0.020305,0.017746,0.029721,0.052829,-0.004832,0.034813,-0.000062,0.000316,0.001709,0.010322,0.000493,0.000247,0.030759,-0.009703
-0.005086,0.002288,0.032058,0.014020,0.068824,0.002392,0.071632,-0.013206,0.003404,0.045530,0.028712,0.014928,0.000408,0.000531,0.022486,0.018826
0.032481,-0.001401,0.006220,-0.004149,0.003147,0.000878,-0.007048,0.001744,-0.013042,0.091689,-0.006283,-0.003150,0.039174,0.002579,-0.000378,-0.013766
0.000377,-0.001525,0.045253,-0.003690,0.006851,-0.002334,0.047115,0.019441,-0.000868,0.002996,0.007076,-0.000032,-0.001607,0.032777,0.018299,0.006276
-0.007525,0.078813,0.002691,0.043587,0.027038,0.002144,-0.007730,0.001700,-0.002260,0.009362,-0.019692,0.007005,0.024689,0.002025,0.007837,-0.004740
0.000699,0.005225,0.001883,0.005764,-0.005817,0.038767,0.038947,-0.010659,-0.012761,0.041156,-0.000222,-0.012404,0.016135,0.000704,0.000812,0.009401
0.040045,0.000967,0.001879,-0.005480,-0.004697,-0.012789,0.068684,-0.025806,0.000151,0.084653,0.002105,-0.016646,0.048927,-0.000741,0.002167,0.009415
0.000609,-0.000729,-0.009049,0.021237,0.032404,-0.003337,0.001088,-0.000042,0.097021,0.004144,0.057232,0.058003,-0.000215,0.007515,0.001034,0.028686
0.070606,-0.014170,-0.004796,-0.000284,-0.018296,0.052387,0.028923,0.053264,-0.001949,-0.001613,-0.024583,0.011646,-0.005854,-0.002934,0.043695,0.019039
0.003122,-0.002148,0.000902,-0.006410,0.007925,-0.001759,-0.000271,0.129454,-0.002444,0.010080,-0.058651,-0.007932,-0.007137,0.004313,0.192438,-0.010131
0.001632,0.042922,-0.002653,0.017376,0.059476,0.009594,-0.005861,0.050320,0.001274,0.003061,0.097648,0.061004,0.007347,-0.003971,0.034923,-0.007877
0.066929,-0.001105,-0.018162,0.023651,-0.021408,0.002292,0.034485,0.000680,0.001308,0.002599,0.070115,-0.035872,0.001952,0.002187,0.002594,0.024976
-0.001761,0.044615,0.000015,0.020395,-0.004677,0.316974,-0.000028,-0.010055,-0.005953,0.004423,0.011789,-0.001526,-0.002340,0.013352,0.021265,0.021351
0.189317,0.013944,0.035182,-0.000493,0.030969,0.013668,-0.003656,0.019882,-0.016056,-0.003996,0.059334,0.004260,-0.003169,-0.007520,0.017118,0.002276
-0.000539,-0.001881,0.027636,0.000884,0.002923,0.004365,0.067802,0.028028,0.000753,-0.004489,-0.042312,0.010249,0.014019,0.002792,-0.002139,0.004372
0.019159,-0.001375,0.000788,0.008502,0.034595,0.016404,0.010787,-0.011440,-0.000284,0.056604,0.021725,-0.004790,0.020934,0.000234,0.018103,0.001114
0.006087,-0.005572,-0.009299,-0.009880,0.330179,0.026065,0.122823,-0.006865,0.010579,-0.004326,0.000078,0.007757,-0.004518,-0.006578,0.012629,0.006088
0.002193,-0.001752,0.022385,-0.002258,0.073961,0.018771,0.056124,0.020158,-0.000456,-0.010912,-0.017188,0.027839,0.010173,0.110469,0.000910,0.000435
-0.005907,0.001622,-0.001248,0.006879,-0.011053,0.007548,0.024020,0.019070,0.001387,0.055975,0.065137,0.006425,0.030148,0.003428,0.002668,0.000681
0.079775,0.005757,-0.000543,-0.002016,0.003520,0.060259,0.054876,-0.003362,-0.126750,0.016465,0.014309,-0.008596,-0.005086,0.001227,-0.002372,0.002639
0.012760,0.089041,-0.000207,0.000499,0.002445,0.007708,0.080449,0.052237,0.019020,0.002277,0.021066,-0.001438,0.077363,0.059225,-0.010179,-0.000811
0.003529,0.045157,0.133089,0.163451,0.012962,-0.001603,-0.004505,-0.001997,-0.019732,0.004660,0.014391,0.096074,-0.001084,-0.002726,0.003784,0.001411
0.043315,-0.000724,-0.003635,-0.006940,0.014431,-0.020627,0.098843,0.003913,-0.004112,-0.001161,0.002929,0.015881,0.003963,0.007037,0.000980,-0.002769
-0.002517,-0.001371,0.001279,0.000540,-0.001572,-0.001209,0.076336,0.006760,0.003134,0.028816,-0.001412,-0.000079,0.304929,0.000299,0.000599,-0.006666
-0.009105,0.091206,0.029098,0.009824,0.028510,0.019049,0.001424,0.056031,-0.001629,-0.009193,-0.007218,0.003995,0.024635,-0.000343,-0.003775,0.009119
0.008049,0.008946,0.020729,0.013949,0.000239,0.015280,0.043882,0.044688,-0.002242,0.052820,0.071992,0.011617,0.000529,-0.012411,0.000574,-0.000755
0.031717,-0.014588,0.039976,0.007208,-0.003236,0.006043,-0.000910,-0.003843,-0.001411,-0.010913,0.010117,0.015209,0.006196,0.003253,0.104601,0.034682
0.005244,0.147677,-0.001428,0.022447,0.001410,-0.003367,-0.013828,-0.001443,0.000322,-0.001691,0.001494,0.000552,0.001762,0.000749,0.045823,-0.000128
0.001504,0.072841,0.013775,0.019700,-0.022553,-0.018044,0.066033,0.029129,0.000267,-0.008245,0.000524,-0.003234,0.000278,-0.001644,-0.005902,0.018138
0.050866,0.052997,0.000805,0.004898,0.017929,-0.004783,-0.000177,0.004631,0.006007,0.006574,0.006375,0.002506,0.001084,-0.001305,0.007953,0.000323
0.060202,-0.001163,0.005598,0.012034,-0.002567,0.064303,0.000223,-0.001805,-0.004412,0.028057,0.012487,0.012795,0.049829,0.001756,0.014013,0.017270
0.065897,-0.002042,-0.016437,0.014666,-0.006260,0.053403,0.141606,-0.000407,-0.060616,0.001886,0.001181,-0.005579,0.053342,0.000316,-0.019948,-0.012040
0.050658,0.001070,-0.003245,0.013103,0.009000,-0.004336,0.008165,-0.043107,0.004933,0.032030,0.023227,-0.002196,0.000079,0.006852,0.014209,0.003553
0.118790,0.011739,0.005561,0.035170,0.003012,0.039800,0.032817,-0.006855,0.013436,-0.004664,0.021928,-0.005491,-0.006943,-0.000741,0.023352,0.000225
0.001627,0.011447,0.000024,0.016262,-0.001776,0.002789,0.049875,-0.004410,0.007344,0.072006,0.023415,0.009426,-0.003292,0.003843,0.020579,0.015924
0.064346,-0.005480,0.043079,-0.018533,0.003016,0.065059,0.046861,-0.001949,0.009937,0.013226,-0.000633,-0.007044,-0.001011,0.006340,-0.000223,0.004722
0.000592,0.008541,0.028165,0.026365,0.041526,-0.001588,0.005615,0.012810,0.011905,0.017158,-0.001994,0.024523,0.000607,-0.000416,-0.005208,0.002096
0.015809,0.084497,0.035531,-0.009461,0.000810,-0.001119,0.042393,-0.022202,0.000531,0.004403,0.021817,-0.023910,0.003641,0.052184,0.004389,-0.004919
0.002083,0.000014,0.023918,0.005072,-0.007114,-0.002044,-0.008464,0.079999,0.018516,0.004612,0.010146,0.017226,-0.000779,0.002420,0.000083,0.003543
0.083859,-0.011838,0.037606,0.003104,0.001173,0.000669,-0.005408,0.047687,0.010463,-0.032876,0.000954,0.002202,0.007568,-0.000574,0.001822,0.017979
0.003000,0.020350,-0.002265,-0.000638,0.009029,0.009762,0.102928,-0.051258,0.021163,0.021146,0.008368,-0.007277,0.024675,-0.002331,-0.001482,-0.014915
0.045854,-0.007416,0.009209,0.001742,0.008953,0.000467,0.095566,0.052826,0.012773,-0.005406,-0.000712,0.013792,0.000448,-0.002330,-0.010907,0.005195
-0.002906,-0.000897,0.026022,-0.000914,0.001434,-0.000432,0.016825,0.020014,0.001060,0.000209,-0.034171,-0.002041,0.019182,0.001788,0.004848,0.011475
-0.003043,0.007543,0.033543,-0.001909,0.004016,0.006413,0.087398,0.028736,-0.001955,0.000214,-0.055808,-0.028250,0.019052,-0.002222,-0.001045,-0.000995
-0.011114,0.128675,0.005627,0.015603,0.005472,0.013516,0.022408,0.001809,-0.000685,0.078594,-0.006042,0.012675,0.038145,0.000019,-0.052468,0.046606
0.050580,-0.004617,0.002725,0.002293,-0.005151,0.005577,-0.001875,0.077221,0.060434,0.015267,0.011632,0.001168,-0.004487,0.000503,0.002446,0.019639
0.000527,-0.002012,0.043271,-0.004497,-0.004130,-0.002919,0.042777,0.013993,0.019896,-0.000039,0.026904,0.039355,-0.001711,0.013173,-0.000013,0.002232
0.002076,0.000271,0.000261,-0.007271,0.004958,0.013600,0.011196,0.062567,-0.003898,0.004148,-0.045003,-0.002079,-0.002984,-0.002418,0.137153,-0.003866
0.038702,0.003735,-0.002736,0.001238,-0.000521,-0.000864,0.123754,-0.001472,-0.001094,0.014900,0.020600,0.003278,-0.004590,0.011164,-0.002791,0.033498
0.005842,-0.001002,0.001362,-0.004722,0.004416,-0.000367,-0.004191,0.001374,0.006675,0.110917,-0.001575,-0.001151,0.096891,0.000819,-0.003683,-0.009589
-0.013134,-0.013198,0.009121,0.017544,0.020800,-0.000466,0.011228,0.017588,-0.000784,0.146830,0.049768,0.006771,0.025304,0.001720,0.018719,0.012668
0.149001,0.001705,0.031594,0.117019,-0.015387,-0.016209,-0.000321,0.012575,0.005052,0.015919,-0.004391,0.115466,-0.065453,-0.003180,-0.003663,-0.000549
0.002418,0.021749,0.000965,-0.005947,-0.000321,-0.002641,0.077672,-0.043573,0.000799,0.002378,0.001747,-0.020917,-0.002209,-0.002639,-0.001758,0.000478
0.061388,0.042085,0.002192,0.030711,0.030842,0.000901,0.005233,-0.005204,0.058762,0.019686,-0.011756,0.082149,0.002269,0.002136,0.002861,0.001005
0.001570,0.000213,0.013900,0.030198,0.000037,0.002448,0.016795,-0.032683,-0.000862,0.077474,0.023557,0.011938,-0.000509,0.005064,0.034589,0.011217
0.005264,0.012831,0.008511,0.241739,0.024842,0.009791,0.009753,0.016819,-0.001887,0.033427,0.012925,0.008827,0.091127,-0.001933,0.001737,-0.009666
0.072920,-0.002798,0.001911,0.043195,-0.000653,-0.002217,0.068510,-0.004934,-0.007522,0.011352,0.009971,0.012979,0.065838,0.000757,-0.002541,-0.005306
-0.006909,-0.004356,0.040746,-0.014744,0.002052,0.015626,0.094264,0.017294,-0.000316,0.002004,0.012186,0.014642,-0.002974,-0.003503,0.003925,0.001144
0.090066,0.003080,0.002980,-0.005138,-0.001048,0.044324,-0.011433,-0.001426,0.017653,-0.016259,-0.000208,0.001827,-0.000794,0.149984,0.000410,0.054643
0.124704,-0.004930,0.000215,-0.004473,-0.013642,0.001237,-0.008367,0.122763,0.025297,0.009725,0.016420,-0.010196,0.004917,0.001514,0.000762,-0.000567
0.022976,-0.004672,-0.002372,-0.000641,-0.002135,-0.001891,-0.004685,0.077139,0.073669,0.032645,-0.001977,0.000075,0.005179,0.003463,0.000583,0.022689
0.004870,-0.000131,0.012115,0.097334,0.015795,-0.010690,0.008464,0.006626,-0.004518,0.001838,-0.013645,0.000789,0.003817,-0.000118,0.051398,-0.240429
0.003910,0.032742,0.001563,0.033793,0.088513,0.001880,0.000646,0.004595,0.012508,0.003950,0.040841,0.008915,-0.001209,0.043105,-0.002627,-0.000326
0.005250,-0.001652,0.040519,0.000894,-0.000087,0.009812,0.009145,0.053600,-0.003167,0.018042,-0.121681,0.004577,0.020878,0.204253,0.002324,0.041946
-0.005576,0.005774,-0.003178,0.038431,0.085637,0.037277,0.000749,0.054600,0.005048,0.012829,-0.000270,0.004160,-0.004072,0.003365,0.010611,-0.000386
0.003478,0.000685,0.044453,0.000472,-0.000645,0.044988,-0.002000,0.091095,0.017698,-0.002085,0.024275,0.013697,0.001334,0.005803,-0.024844,-0.004922
-0.003535,-0.030397,-0.030295,0.009448,0.000870,-0.063628,0.012964,0.026839,-0.003431,-0.001349,-0.084370,-0.001693,-0.001648,-0.000407,0.247102,-0.000906
-0.008554,0.591453,0.002787,-0.000377,0.004645,0.001226,-0.008960,-0.000205,0.003252,0.000460,0.010590,0.010319,0.006206,-0.003510,-0.005435,0.003515
0.024536,0.002712,-0.001936,-0.001269,-0.000412,-0.008458,0.123888,0.036997,-0.009318,0.000011,0.007902,-0.000280,0.006534,0.003196,-0.000747,-0.000077
-0.005516,0.081601,0.004181,0.026803,0.043543,0.011272,-0.007113,0.031642,-0.000152,-0.004121,0.000261,-0.024033,-0.005141,-0.000307,0.026233,-0.011926
0.057033,0.079461,0.014228,0.024452,0.021404,-0.001082,0.018752,0.039118,0.000788,-0.006691,-0.005836,0.008419,-0.000915,0.000643,0.003958,0.018919
0.003647,-0.000155,-0.001228,-0.000431,0.001778,-0.000109,0.090405,0.027809,-0.000996,0.011940,0.000105,0.015858,-0.001178,0.000665,0.001330,0.000229
0.008057,0.005996,0.011351,0.023478,-0.001148,0.082784,0.018743,-0.013103,-0.001958,0.005237,0.060243,-0.014665,-0.002491,0.002644,0.052931,0.012009
0.009477,-0.006586,-0.000351,0.067344,0.026734,0.000557,0.085206,0.041003,-0.037760,0.005602,-0.001459,0.008324,0.004249,-0.005014,-0.002101,-0.001895
0.000947,0.002181,0.096420,-0.002838,0.021347,-0.003209,0.003968,0.011091,-0.006435,0.000269,0.047905,-0.001365,-0.000966,-0.004889,0.000790,0.082654
-0.000727,0.008201,0.010114,0.005682,0.016956,-0.001212,0.091671,0.020574,-0.000212,-0.002981,-0.011750,0.059227,0.000517,-0.003129,-0.007795,0.014127
-0.002435,-0.014113,0.013383,0.000694,0.008662,0.001587,0.069155,0.033998,0.001533,0.002122,-0.004764,0.001394,0.003202,-0.003868,-0.010289,0.005436
-0.001804,-0.034103,-0.002678,-0.003836,0.044968,0.037993,-0.000367,-0.007864,0.003345,-0.001889,0.003692,0.080576,-0.000311,0.038744,0.097349,-0.003873
-0.000160,-0.002246,0.000418,0.000485,0.000354,0.000342,-0.002474,0.010309,0.014963,0.122206,0.000754,-0.001169,0.208216,-0.000383,-0.001164,0.002082
0.002637,0.001628,0.086888,-0.001611,-0.002534,0.001744,0.001345,0.053558,-0.001254,-0.011570,-0.032201,0.008129,0.041570,0.229941,0.008754,0.001305
-0.003456,0.031581,0.084691,0.017469,0.021395,0.027063,0.000648,0.018274,-0.005310,0.001227,0.001898,0.000488,-0.010431,0.057958,0.028278,0.002249
0.116058,0.010580,0.002349,0.002860,-0.008572,0.113301,-0.006239,-0.000111,0.000241,-0.005330,-0.000405,-0.000063,-0.003503,-0.000654,-0.002798,0.077050
-0.011525,0.024130,-0.001582,0.029280,-0.002338,0.048186,0.074056,0.009267,0.007008,0.066222,0.011488,0.012476,0.001613,-0.000548,-0.001975,-0.000945
-0.001380,-0.020190,0.012582,0.002442,0.012389,-0.015069,0.119925,0.011115,0.009957,-0.000886,-0.019824,0.056396,0.001147,0.001016,0.000613,0.001177
-0.002182,-0.001314,-0.001605,0.097148,-0.011847,0.000449,0.003909,-0.001424,0.180220,0.001850,-0.020094,-0.003976,-0.056713,0.151916,-0.010676,-0.027266
-0.001570,0.000365,-0.006062,0.248124,0.096470,0.011964,0.003071,0.114255,-0.003852,-0.001246,-0.000773,-0.009659,-0.002014,0.001340,-0.040523,-0.022325
0.003555,0.000592,0.000613,0.065507,0.000830,-0.003026,0.003623,0.003217,-0.010739,0.063598,-0.005932,-0.010183,0.231504,0.002837,0.000314,-0.004817
-0.003580,-0.000057,0.002808,0.004403,-0.010237,0.079743,0.064313,0.048203,0.000918,0.065594,-0.016963,0.015110,-0.000648,-0.001415,-0.002009,-0.006345
0.004673,-0.001582,0.018765,-0.003348,-0.001454,0.064385,0.065329,0.028632,-0.000573,-0.002336,-0.000014,0.006756,0.015032,0.067207,0.002957,-0.001277
-0.010456,0.018569,-0.002164,0.034954,0.001822,0.061227,0.003543,-0.012482,0.002201,0.072630,0.110982,-0.007509,0.005658,0.001634,0.067739,0.044611
0.004301,-0.001744,0.011396,-0.001369,0.000933,-0.000431,0.110552,0.028869,0.001663,-0.004232,0.004683,-0.008091,0.000949,-0.004199,-0.004358,0.000976
0.040571,0.008573,0.045918,-0.004597,-0.001487,-0.007669,0.010575,0.041754,-0.000360,-0.000882,-0.001591,0.004880,0.005509,0.038923,-0.002417,0.000266
-0.000801,0.046156,0.005696,-0.010331,0.009563,0.033887,0.047688,0.044045,0.000199,0.058255,0.006180,0.014094,-0.001458,0.003165,-0.000004,-0.000153
-0.008396,0.005393,-0.001718,0.018527,-0.000666,-0.000277,0.003549,-0.001544,-0.006014,0.035830,-0.002998,-0.001243,0.091783,0.005809,-0.001271,-0.002401
0.068148,0.005336,-0.000669,0.001296,-0.001133,-0.005873,0.128640,0.000376,-0.001314,0.012687,0.001289,-0.005390,-0.006120,-0.001620,-0.003753,-0.003587
0.000909,0.000885,0.000514,-0.015005,0.169662,-0.001171,0.001898,-0.003169,-0.001351,-0.017053,-0.024617,0.356702,-0.000451,0.013769,0.006905,-0.000064
0.219928,0.003329,-0.002546,-0.001615,0.002798,-0.000322,-0.004270,-0.004951,-0.001734,-0.041981,-0.000817,0.009257,0.008251,0.323814,-0.000505,-0.002223
0.017830,-0.049101,0.005471,0.014769,0.024522,0.003614,0.014978,0.014607,0.001789,0.019683,0.019766,0.026314,-0.000213,0.001187,0.043681,0.010058
-0.006791,-0.001760,0.059453,0.034441,-0.004031,-0.004280,0.027206,0.014523,-0.002466,-0.003449,0.092245,0.019433,-0.000531,-0.001998,0.076174,-0.016964
-0.008203,0.580889,0.001762,-0.031056,-0.003700,0.004083,-0.005797,-0.001147,-0.001690,-0.001094,0.004419,0.002892,-0.002830,-0.000630,0.045587,-0.112503
0.011321,0.012725,0.026475,0.000827,0.000623,0.067811,0.058845,-0.006861,-0.037190,0.000387,0.011646,-0.023484,-0.000603,0.006356,0.030725,-0.000921
-0.007920,0.007101,-0.003403,0.009772,0.000990,-0.001091,0.010532,-0.002726,0.208330,0.007788,-0.000384,-0.000344,-0.004195,0.208045,-0.003303,0.000671
-0.002987,0.113433,0.000813,0.011301,0.062036,-0.000545,-0.001884,0.010637,-0.001180,0.002540,-0.001388,-0.002822,-0.002490,-0.001296,0.001181,-0.022286
0.000313,0.019787,0.031116,0.043673,0.032337,0.003028,0.020253,0.015943,-0.000307,0.040165,0.006229,0.038941,0.001510,0.000677,0.038314,0.034979
0.001858,0.007490,0.062494,-0.003751,0.021203,-0.009324,-0.004323,0.037115,0.000754,0.006973,-0.042797,0.004893,-0.005697,0.023259,-0.003489,0.011900
-0.000404,-0.005937,0.057810,-0.000362,-0.001273,0.001705,-0.019831,0.025661,-0.000650,-0.007420,-0.029427,0.006281,0.016337,-0.000696,0.004269,0.045835
-0.001906,0.000081,0.045716,0.004937,0.008014,0.007604,0.028902,0.054811,-0.000139,0.000396,0.009003,0.054788,-0.000140,-0.001584,0.061230,0.004287
-0.011673,0.013858,0.010349,0.022211,-0.003832,0.060704,0.011578,0.003510,-0.000832,0.005113,0.025065,0.001278,-0.004779,0.004143,0.045456,0.012450
0.004392,-0.000914,0.009787,0.002017,-0.001980,-0.002431,0.046401,0.065868,0.000657,0.004813,0.032652,0.001828,0.001615,0.001168,0.031370,0.012084
-0.001996,-0.012160,0.028262,0.014856,-0.000074,0.020305,0.042963,0.034824,-0.012580,0.007514,0.033869,0.031258,0.006511,0.001927,0.019519,0.003167
0.002427,0.001338,0.073733,0.000972,0.000048,-0.001225,0.000576,0.015672,0.017478,0.081153,-0.030831,-0.000453,0.067925,0.089343,-0.003652,-0.004427
-0.004608,0.003364,0.046080,-0.005450,0.009343,-0.030624,-0.005482,0.245139,-0.000510,0.008649,0.020313,-0.002604,0.005440,-0.000384,0.000053,0.209847
0.019646,0.109742,0.059345,0.017784,0.004729,0.015987,0.015401,0.016866,0.001092,-0.014940,-0.068221,0.010949,0.002453,0.026751,0.003930,0.007748
0.005345,-0.017434,0.007242,0.004545,0.019655,0.052260,0.036653,-0.009563,-0.075982,0.035337,0.179722,-0.061795,0.000830,-0.003842,-0.000694,0.000051
0.068847,0.015617,0.005663,0.015313,-0.004883,0.015653,0.076047,-0.041254,0.007749,0.019991,0.000149,0.004711,0.004167,0.002881,-0.000866,-0.021503
0.003920,0.000574,0.057951,0.001768,0.000562,-0.020761,0.104150,0.015398,-0.001975,-0.003127,-0.004682,0.021814,0.017651,0.001953,0.000927,-0.000638
-0.001104,0.003657,-0.001011,0.053578,0.000788,0.010031,0.018279,-0.035232,0.005823,0.073715,0.115059,0.010847,0.022797,0.000397,0.039095,0.034126
0.048780,-0.001662,-0.003481,-0.011967,-0.002517,0.058507,0.045797,-0.001351,0.000041,0.008352,-0.001303,-0.003954,0.004424,0.046743,0.000585,-0.000030
0.012029,-0.004589,-0.002111,0.181672,-0.004146,0.129891,-0.008154,-0.006414,0.037758,-0.000449,0.017093,0.009237,0.015069,-0.000881,-0.012095,0.003378
0.001297,-0.006493,0.100304,-0.004047,-0.002700,0.000024,-0.005704,-0.015821,0.007054,0.003382,-0.003523,0.000352,0.179460,0.001224,0.003451,0.043970
-0.001004,-0.005563,-0.008688,0.038476,0.000463,0.007644,0.011170,-0.022408,-0.000066,0.115758,0.017840,0.018698,0.016746,0.004664,-0.004404,0.011297
0.010345,0.053877,0.004370,0.029903,-0.000168,-0.006645,0.006303,-0.013148,-0.031959,0.067738,0.017455,-0.012696,0.004608,0.006342,0.024514,0.023247
0.080466,0.006395,-0.000097,0.000445,0.004911,0.022184,0.008249,0.000631,0.000791,0.012396,0.048903,-0.027643,-0.000418,0.001075,-0.003760,0.006465
0.001083,0.019295,0.005283,0.039796,0.008962,0.000999,-0.003488,0.000021,0.006757,-0.001467,0.011933,0.024566,-0.001100,0.014722,0.061378,-0.000517
0.000291,0.223523,-0.000446,0.037873,0.197059,0.000633,-0.000966,0.003677,-0.000064,-0.009033,0.009446,-0.000185,-0.001021,-0.007877,0.006163,-0.001669
-0.005962,-0.008800,0.005487,0.000533,0.019474,0.017322,0.010113,-0.047504,0.028315,0.177251,-0.041456,-0.001151,0.009036,0.000173,0.056912,0.058666
0.006223,-0.003061,0.000801,-0.011426,0.054820,0.002728,0.128659,0.001855,-0.003321,-0.016092,-0.009607,0.093914,-0.009463,0.002813,-0.000901,-0.000695
0.001459,-0.000616,0.226539,0.000436,-0.002337,-0.005568,0.003613,0.010458,-0.003729,-0.003645,0.107873,0.102567,0.001524,-0.001593,0.006851,-0.017833
0.001198,0.001265,0.101159,0.039440,0.068199,0.036084,0.005554,0.042456,-0.002953,0.003735,0.022242,0.004661,-0.035981,0.004280,-0.012029,-0.008721
-0.000247,0.001894,-0.004508,0.078884,0.001431,0.002682,-0.006006,-0.002805,0.000884,-0.009809,-0.017463,-0.000306,-0.011858,0.315378,-0.001914,0.012875
0.014516,-0.109640,0.000539,0.026124,-0.025171,0.078317,0.024117,-0.000338,-0.033871,0.021263,-0.004111,-0.027276,0.019437,-0.000770,0.001933,0.044858
0.007184,-0.001045,0.013461,-0.000499,0.052451,-0.009213,0.039510,0.057280,-0.000818,-0.000178,0.000121,0.034381,-0.003969,0.002476,0.004415,-0.002913
-0.002532,0.004650,-0.002029,0.002495,0.000582,0.000934,0.098717,-0.004615,0.001072,-0.001528,0.010642,-0.085923,-0.011832,-0.000362,-0.001297,-0.002862
0.002558,0.000673,-0.022066,0.000568,-0.004145,0.000231,0.000633,0.000176,0.000411,-0.000185,0.280671,0.049470,0.000405,-0.000354,-0.005834,-0.016222
-0.002028,0.042660,-0.000784,-0.000054,0.004646,0.025993,0.001027,-0.005288,0.000188,-0.002536,0.001869,0.021938,-0.000874,0.022674,0.096882,0.005212
0.003004,-0.001141,0.000925,0.026817,0.001377,0.059836,0.007237,-0.007415,0.001553,0.094995,0.050254,0.004289,0.000539,-0.001710,0.025486,0.010379
0.002352,-0.007346,-0.000233,0.000382,-0.004538,-0.000559,-0.009618,0.100846,0.139042,0.011950,0.004873,0.002150,-0.000546,0.040022,-0.001993,-0.003075
0.000859,-0.001054,0.004218,0.048452,0.002120,0.027709,-0.001053,-0.000283,0.025031,-0.000554,-0.005144,-0.000360,0.000527,0.019240,0.071231,-0.000506
-0.006261,-0.005790,0.035636,0.024445,-0.001048,0.089898,0.042254,-0.008371,0.010374,0.000683,0.001059,-0.036046,0.001259,-0.001747,0.053692,0.001539
0.112429,0.160912,-0.003114,-0.001355,-0.003481,-0.011355,0.027651,-0.002395,0.000011,0.013313,0.275366,-0.132820,0.002145,-0.004018,0.009360,-0.011170
0.023425,0.010344,-0.004890,0.008291,-0.002917,-0.016826,0.161739,-0.017470,0.000395,-0.015328,0.000465,-0.009555,0.001597,-0.001946,-0.000544,0.003093
0.087817,0.002229,0.003760,0.002872,-0.016215,-0.004174,-0.001420,0.008071,0.000275,-0.002588,0.000055,0.010269,0.000077,0.154252,-0.001395,-0.000753
0.206438,-0.007376,0.010848,0.103162,-0.022444,-0.007566,0.020933,0.001511,-0.016414,0.096148,-0.019971,-0.002880,0.000914,-0.000686,-0.000051,-0.000763
0.000972,0.077580,0.038396,0.107926,0.004567,-0.000589,0.000305,0.000155,-0.006749,-0.003725,0.069605,0.073045,0.004438,-0.017410,0.000918,-0.000127
0.005047,-0.238505,-0.002880,0.009222,0.596222,-0.000562,0.005316,-0.004672,0.003144,0.000774,-0.004364,0.011341,-0.000681,-0.015035,0.068547,-0.004773
0.013703,-0.000728,-0.001336,-0.008668,-0.006542,-0.015944,-0.017879,0.066120,0.006908,0.134733,-0.000513,-0.001477,0.201502,-0.011500,0.001740,0.000636
0.000389,0.054884,0.078365,0.018284,0.036454,-0.014557,-0.005254,0.066324,0.001787,-0.001641,0.062651,-0.005645,-0.018532,0.078412,0.019210,0.016517
0.002710,-0.001326,-0.018067,0.039939,0.010271,0.013981,0.002749,-0.001711,0.025769,0.007518,0.001220,0.028492,0.003599,0.034547,0.065210,0.011936
0.001661,0.005252,0.000669,0.001407,0.000747,-0.003080,-0.000374,-0.002256,0.000659,0.082187,0.024154,-0.003810,0.231047,0.031441,-0.009375,0.021249
0.003511,0.000108,-0.002936,-0.003794,-0.001545,-0.001512,-0.011924,0.087576,0.163163,0.116224,-0.005222,0.004407,-0.001915,0.001072,0.000314,-0.006782
0.002241,-0.195660,-0.000461,0.002870,0.261543,-0.003485,-0.003315,-0.005032,-0.062223,0.008778,-0.011387,0.042162,-0.007467,0.001122,0.044121,0.006152
0.002205,0.000024,0.016581,-0.003383,0.033455,-0.002090,0.149130,0.066637,-0.000797,-0.006189,-0.004264,0.001515,-0.001179,0.000699,-0.015540,0.011054
0.043044,-0.008457,-0.000013,0.001248,-0.001675,0.002542,0.068793,-0.008703,0.006104,0.049605,-0.011670,0.009312,0.053123,-0.000914,0.000855,0.001040
-0.005601,0.006518,0.015282,0.001095,-0.000097,-0.004161,0.092924,0.003524,0.000649,0.000190,0.045817,-0.024235,0.013065,0.009530,0.009902,-0.005273
0.002119,0.171902,0.001482,0.012334,0.055678,-0.000258,-0.011144,0.000022,0.004336,-0.017585,0.012759,0.018569,0.001105,-0.001184,0.019791,-0.009190
-0.001796,0.031704,0.018897,0.033066,0.004142,0.007720,0.014630,0.016192,-0.005167,0.011559,-0.005411,0.036136,-0.000472,0.001478,0.005976,0.018415
-0.010707,-0.001727,-0.001103,-0.028167,0.003424,0.000925,-0.010568,0.041531,0.000080,0.257823,-0.002786,0.000404,0.111127,-0.001313,0.000281,-0.012986
0.254633,-0.003434,-0.000456,-0.004769,0.031136,0.004482,0.067474,-0.000381,-0.043102,0.025536,-0.017284,0.135331,-0.010798,-0.003345,0.002734,-0.013284
0.015591,0.001476,-0.005397,-0.013962,-0.002648,0.612439,0.001511,-0.005021,-0.000740,-0.012930,-0.001077,0.003378,-0.004963,0.000274,-0.021243,-0.001680
-0.000673,-0.001871,-0.002951,-0.000736,-0.000726,-0.000991,-0.004166,0.050779,0.104041,0.050885,0.001350,-0.005273,-0.004320,-0.000307,0.000949,-0.007851
-0.005727,-0.000169,0.002967,-0.005740,0.002180,0.041260,0.001334,0.000850,-0.002801,0.003529,0.012428,0.000561,0.005262,0.031693,0.000633,0.097009
0.108956,0.001503,-0.009094,-0.005516,-0.010455,0.348758,-0.000491,-0.002114,0.102320,-0.004874,-0.020203,-0.001892,-0.000690,0.000837,-0.014096,0.003859
0.001944,0.003099,0.001737,0.040428,0.003777,0.058684,0.082620,0.017736,0.004559,-0.000898,0.016728,0.008397,-0.005095,-0.000327,0.018416,0.009637
0.064833,0.001690,0.028995,-0.006258,-0.012789,-0.000307,0.019297,0.067163,0.000432,0.032088,0.026323,0.001264,0.000071,0.013448,0.001964,0.009415
0.029018,0.013941,0.012004,0.036623,-0.000375,0.036749,0.074674,-0.025722,0.026173,0.004613,0.001280,-0.004313,0.001187,0.009427,-0.013895,0.000715
0.000679,0.000032,0.047095,0.002914,-0.001347,0.001385,0.008402,0.093200,-0.008307,0.001793,-0.013345,-0.008547,0.104835,-0.000500,0.078740,0.001112
0.007851,0.091224,0.093531,-0.002835,0.028595,0.001691,0.003578,0.002381,0.000454,0.009709,-0.010998,0.002398,0.071249,0.005099,0.025012,-0.001203
-0.000931,0.008153,0.300678,-0.001963,0.004785,-0.027078,0.009390,-0.006531,0.005086,0.002769,0.173035,0.078604,0.000494,0.001820,-0.001668,-0.000975
0.067683,-0.001392,-0.003222,0.003969,-0.008887,-0.000357,0.108333,0.000314,-0.003758,0.056694,0.000032,0.003023,0.005980,-0.002272,0.002159,-0.000608
-0.001318,0.011952,0.083968,-0.006492,0.020402,0.004023,-0.002325,0.020422,-0.001911,0.003778,0.007821,-0.004212,0.000111,-0.000926,0.001699,0.003420
0.160933,-0.006309,0.004184,0.003657,0.001132,0.004778,-0.001465,-0.048069,0.000547,0.094782,-0.002622,0.112252,-0.032469,-0.003104,-0.004980,-0.000585
-0.002107,0.117385,-0.001053,-0.009369,0.294514,0.084413,-0.015880,-0.000981,-0.000409,-0.009781,-0.027214,0.075701,-0.000327,-0.001863,0.068098,-0.003429
-0.007615,-0.041257,-0.001437,0.002324,0.363081,0.036374,-0.005097,-0.001669,0.010761,-0.002309,0.000493,0.036464,0.003427,-0.000626,0.144045,0.084596
0.081890,0.017947,0.000478,0.004754,0.001093,0.038273,0.014694,0.004268,-0.009281,0.002370,0.042600,-0.012965,-0.001436,-0.000781,0.036445,0.014171
0.000185,0.004122,0.119252,-0.005410,-0.001066,0.081218,-0.007043,0.005819,-0.001943,0.002126,-0.052593,-0.001314,0.005935,0.000601,-0.000653,0.044614
-0.003224,0.016147,0.002292,0.000537,0.018962,0.006161,0.091913,0.004568,-0.000884,0.041044,0.007839,-0.022591,-0.005136,0.002428,-0.002448,0.000365
0.001440,0.019508,-0.000049,0.025794,0.127808,0.007185,0.002082,0.000051,0.006175,-0.002336,0.017650,0.028232,-0.001394,0.002906,0.044125,0.071024
0.030014,-0.001616,0.007111,0.040097,0.004538,0.006850,0.003313,0.010727,-0.012215,0.160644,-0.006017,0.056570,-0.135347,-0.018256,-0.004072,-0.000335
-0.004381,0.037448,0.022294,0.030736,0.016173,0.002689,0.007693,0.037161,0.005794,0.001141,-0.005713,0.015332,0.018075,0.000069,0.037451,-0.000634
0.069053,-0.000274,-0.008583,-0.000165,0.000929,-0.016758,0.047420,0.083314,0.001249,0.000699,0.000657,-0.000839,-0.003727,-0.000663,-0.009574,0.000042
0.067791,0.000950,0.015044,0.046285,-0.001464,-0.007897,0.008621,0.006395,-0.000285,0.030925,0.032934,0.011340,0.001698,-0.012538,0.047064,0.061950
0.075592,-0.059549,0.002832,-0.001973,0.045290,0.000045,0.001009,-0.022122,0.049763,0.231797,-0.004086,0.002215,-0.005454,0.001377,0.008688,0.003972
0.132620,-0.001125,0.000931,0.000892,0.023966,-0.012616,0.000056,0.004027,-0.000653,0.078179,-0.007326,-0.142475,-0.001613,-0.010531,-0.000598,0.000513
0.068950,0.013377,0.000432,0.003961,0.026917,0.007188,0.005216,0.001834,0.046719,0.056594,0.022919,-0.063578,0.000876,0.007323,0.001556,0.000661
-0.004481,0.021139,0.026138,0.029208,0.094721,0.005083,0.003765,0.026017,-0.000890,0.122663,0.004865,0.036147,0.080096,0.007899,0.013482,0.014563
0.005922,-0.000518,-0.004436,-0.021027,-0.009617,-0.001235,0.002408,0.013333,0.467625,0.016125,0.000236,-0.004367,-0.000735,0.000146,-0.000231,-0.004169
-0.003377,-0.014349,0.000291,-0.001868,0.004018,0.000468,0.001178,-0.003094,-0.002210,-0.010743,-0.022105,-0.000487,-0.012755,0.543707,-0.011518,-0.014465
-0.004974,-0.007322,0.033402,0.012679,-0.008741,0.088033,0.051110,-0.006169,-0.003247,-0.004045,-0.001368,-0.007531,-0.000639,-0.000085,0.037224,0.091757
-0.005212,0.031350,-0.003797,-0.025675,-0.023287,0.136262,0.194732,-0.021943,0.000923,-0.003811,0.000477,-0.033596,0.001002,-0.001590,-0.008789,0.000266
0.007860,0.120664,0.000132,0.025666,-0.000464,-0.003039,0.021895,0.002494,0.122640,0.026847,0.002478,-0.006946,0.001794,-0.001830,-0.005355,-0.003412
0.019869,0.083739,0.010313,0.008330,0.013224,0.001237,0.081008,0.031042,0.020497,0.001292,-0.038504,0.016085,0.014518,-0.000269,-0.001133,0.002632
0.074312,0.008268,-0.005497,0.040911,0.038571,0.001097,-0.003856,-0.021505,0.007059,0.063487,0.010427,0.032776,0.008836,-0.000083,-0.010892,-0.010941
0.024847,0.005360,-0.000316,0.019539,0.014010,-0.021643,0.082609,0.040050,-0.035763,0.000330,0.007347,-0.000155,0.054394,0.000459,0.001459,-0.000249
-0.002266,0.082803,-0.001125,0.000293,0.000637,0.098610,0.117085,-0.105623,-0.025596,0.088956,-0.002595,-0.052821,0.001240,0.001564,-0.000813,-0.006010
-0.000785,-0.000249,0.036711,-0.002294,-0.000461,0.070775,0.080859,-0.022777,-0.026332,0.001961,0.004767,-0.038713,0.000276,-0.003788,-0.000459,0.000311
0.053244,-0.002825,-0.003330,0.002733,-0.001137,-0.029541,0.050807,0.071429,0.002145,-0.012821,0.000976,-0.000745,0.000137,0.012510,0.003057,0.005739
-0.001734,-0.013501,0.050594,0.087890,0.000951,0.000303,0.000844,0.001219,-0.000325,0.025659,0.016313,0.083481,-0.000991,-0.016036,0.035298,0.030971
-0.001367,0.004350,0.077984,0.023508,-0.017845,0.050675,0.048080,-0.005433,0.000510,0.046860,0.027164,0.011144,-0.000238,-0.002380,0.001904,0.004641
0.084946,0.037292,0.002587,0.005126,-0.007258,0.001483,0.003993,-0.009219,-0.008194,0.046043,0.000068,0.000298,0.000941,-0.002698,0.001045,-0.009096
-0.000712,-0.040086,0.000575,-0.002219,0.018096,0.055306,-0.003199,-0.000611,-0.002857,-0.003993,-0.009616,0.189348,-0.006818,0.000776,0.010032,-0.001042
0.000224,-0.011796,0.130769,0.002536,0.015400,-0.026520,0.016857,0.070684,0.008052,0.001366,0.001440,0.000606,-0.008620,0.000527,-0.000846,-0.005694
0.006708,-0.000409,0.051321,-0.001070,0.001054,-0.007028,0.007523,0.003209,0.011003,-0.001096,0.003468,0.001318,-0.003307,0.013936,0.004713,0.176888
-0.000237,0.001043,0.027171,0.019251,-0.000436,-0.000637,0.021235,0.032693,0.057714,-0.001046,0.006290,0.008631,0.002431,0.080169,0.041361,-0.035094
-0.010729,-0.012905,-0.000120,0.109436,-0.001938,-0.013346,-0.001671,-0.000490,-0.007858,0.020679,-0.005327,-0.010959,0.005317,0.132701,-0.001774,-0.000586
0.002664,-0.000315,-0.003384,-0.000810,0.001980,0.002430,0.145248,-0.019501,0.005853,-0.003514,0.000367,0.001584,0.001616,-0.007784,-0.003334,-0.001029
0.030324,0.003797,0.008134,0.001322,0.022133,0.001596,0.013573,0.083931,0.001263,0.015816,0.094240,-0.042676,-0.013152,-0.000565,0.000817,-0.019781
-0.002987,-0.005491,0.005677,0.002840,0.031851,-0.009782,0.006137,0.281701,-0.001405,0.006621,0.001643,-0.004341,-0.002306,-0.002291,-0.074694,0.211564
0.048808,0.002954,-0.001492,-0.005261,0.001125,0.001661,0.003132,-0.002561,0.005423,0.018284,0.000279,0.000192,0.001316,0.077096,0.000552,-0.000083
0.035640,0.003353,-0.010652,0.056120,0.033436,-0.004542,0.001872,0.012348,0.026586,0.025715,0.024054,0.036364,0.002553,0.006537,0.042237,0.007358
0.025035,0.014888,-0.002572,0.027272,-0.010222,-0.077589,0.111170,-0.001502,0.043503,-0.008446,0.002531,-0.018272,0.003036,0.000240,-0.000135,0.000539
0.118337,-0.000652,-0.000175,0.000229,0.052580,-0.000719,0.003463,0.002842,-0.013265,0.058655,0.019833,-0.097814,-0.000192,0.000868,0.006837,0.000428
0.076921,-0.000209,-0.004126,-0.005665,0.017041,0.033617,0.012470,-0.000065,-0.008006,0.015522,0.016669,-0.024209,-0.006124,-0.004909,-0.001833,-0.006870
-0.018334,0.058491,-0.007201,0.000174,-0.002319,-0.001146,0.110897,-0.004304,-0.001247,0.040711,0.002531,-0.010620,-0.000301,0.003076,-0.006252,0.000642
0.114124,0.057946,0.001737,0.109757,0.006873,-0.009086,0.089223,-0.084005,0.021161,0.002369,0.011462,-0.007076,0.000012,-0.001537,0.000766,-0.001539
-0.003448,0.104203,0.000325,0.001962,0.002509,0.001152,0.029563,-0.078029,0.007715,0.070253,0.000125,-0.002990,-0.001769,-0.003077,0.047597,0.056030
0.002385,0.007136,0.040277,0.012076,0.024618,0.022221,0.034922,0.016022,-0.050050,0.010073,-0.001530,-0.035085,0.001567,0.002396,0.020063,-0.009644
0.103576,-0.012376,0.001221,0.005557,0.025700,-0.000960,0.040213,0.002356,-0.001188,0.001992,0.002453,-0.105153,-0.004098,0.001642,0.002268,-0.001292
0.017268,-0.000889,0.012242,-0.005209,0.000294,0.062481,0.087138,-0.002680,0.011208,-0.013269,-0.051975,0.008928,0.001191,0.002189,0.012665,0.002824
0.305197,-0.007556,0.000768,-0.007534,0.005704,-0.011497,-0.007398,0.002103,0.023827,-0.016146,-0.001012,-0.000684,-0.005514,-0.004983,0.007824,-0.001373
0.007046,-0.002156,-0.001233,-0.008347,-0.000286,0.002046,0.007967,0.001877,0.168148,-0.008834,0.004188,0.010132,-0.008276,-0.000999,0.001692,-0.002461
0.010881,0.024401,0.016433,0.007074,0.003026,0.055204,0.044727,0.031905,-0.016555,0.007120,0.006208,-0.005096,-0.001094,-0.000409,0.016982,0.004865
0.025477,0.000942,0.012058,0.007714,0.076363,-0.011742,0.078854,0.018337,-0.005278,0.011417,-0.002718,0.005841,0.011163,0.001333,-0.003278,-0.001034
-0.003038,-0.001618,0.167954,-0.004244,-0.012629,0.008018,0.010753,0.028857,-0.000662,-0.001423,0.051513,0.040115,-0.002766,0.001564,0.002489,-0.000524
0.000955,0.108024,0.006070,0.004899,0.005391,0.022026,0.027908,-0.076351,0.000142,0.031194,0.000919,0.000864,-0.002021,0.000197,0.068553,0.060592
0.028113,-0.005948,-0.008181,-0.001152,-0.001105,-0.013121,0.186115,-0.026040,0.001549,-0.024433,0.008848,-0.003195,-0.004952,0.002055,-0.005381,-0.004671
0.001402,0.000100,0.003419,0.001976,-0.000238,0.000502,0.139145,0.001606,-0.000999,-0.005642,-0.001094,-0.000308,0.000079,-0.004844,-0.004811,0.002792
0.051845,0.007125,0.038542,0.013448,0.056152,0.065006,0.011344,0.031711,0.039014,0.003900,0.000274,0.002338,0.023790,-0.001043,0.003151,0.038653
-0.033094,-0.000505,0.000130,-0.008922,-0.012533,0.069505,0.014353,-0.025446,0.001175,0.161039,-0.000262,0.000481,-0.001614,0.000481,0.002422,0.015484
-0.004012,0.003811,0.095385,0.001996,-0.002226,-0.001828,-0.005924,-0.005097,0.001785,0.005808,0.000062,0.000031,0.088282,0.002980,0.000039,0.027293
0.006808,-0.002399,-0.000362,-0.015730,0.006861,-0.028330,-0.003821,0.008131,0.002313,-0.004608,-0.014723,-0.010671,-0.000659,-0.001061,0.316436,-0.005487
-0.001661,0.036682,0.013764,0.029458,0.012256,-0.011996,0.039169,0.063107,-0.000207,0.005919,0.012679,0.005007,-0.003601,0.007248,0.013535,0.009705
0.002993,-0.002672,-0.001014,0.253865,-0.003079,-0.006829,0.001033,-0.000451,0.062083,-0.010186,-0.001224,-0.028561,0.001920,0.022409,-0.016017,0.002084
0.000807,-0.002312,0.032834,0.002122,-0.000670,0.094861,0.042729,-0.010816,-0.007587,0.007755,0.000339,-0.006138,-0.006859,0.000533,0.061262,0.002936
0.000426,0.005854,0.067047,0.005314,0.003430,0.001608,0.005765,0.000627,0.000664,0.000353,0.000663,-0.002110,0.001643,-0.001310,0.002756,0.971853
0.001525,-0.000272,-0.010783,0.013251,0.001877,-0.000982,0.066941,0.031185,-0.009996,0.026502,0.008398,-0.003331,0.049272,0.034962,0.001498,-0.001187
-0.005389,-0.005789,-0.001444,-0.001309,0.003128,-0.029652,0.136752,0.004980,-0.000709,-0.021228,0.000388,0.004906,0.002893,-0.000542,0.003926,-0.000044
-0.003872,-0.003082,-0.013650,-0.004481,0.001433,0.002357,0.125786,-0.007608,0.003184,-0.006107,0.042107,-0.063295,0.004968,0.005062,0.002542,-0.001779
-0.004570,0.000405,-0.000083,-0.068438,0.000484,0.004395,-0.003850,0.016565,0.004015,0.045306,0.004279,0.005977,0.107259,-0.000927,-0.001828,-0.001424
0.000858,-0.000101,0.000324,0.061519,0.015336,0.000904,0.094989,0.026889,0.000935,-0.006590,0.005930,0.018166,-0.002138,-0.001380,-0.004687,-0.013418
0.001234,0.231188,0.000993,-0.002409,0.103972,-0.017231,0.001859,0.029974,-0.000058,0.003345,-0.000825,0.004069,-0.003752,0.009204,0.003489,-0.006476
0.069099,-0.002296,0.000923,0.007867,0.019312,0.000690,0.042290,-0.018152,0.014472,0.089159,-0.000712,0.013173,0.003379,0.000329,-0.000975,0.000215
0.002436,0.010757,-0.009922,0.016240,0.054147,0.020350,0.061051,-0.003132,0.027280,0.004219,-0.001592,-0.045118,0.002279,0.020389,0.050679,-0.020207
-0.004274,0.000680,0.042972,0.001090,0.002390,-0.004980,0.085436,0.054008,0.009248,0.008810,-0.034262,0.016247,0.012263,0.000583,-0.001242,-0.000262
0.001413,-0.001356,-0.000286,-0.002052,0.559031,-0.002791,0.001570,-0.007641,0.000249,-0.004572,-0.006454,-0.006264,-0.003206,0.001864,0.033803,0.015223
-0.002730,0.003048,0.027137,-0.004961,0.043516,0.066971,0.070877,0.019234,0.000493,0.001956,0.002833,0.003928,-0.013293,-0.000903,-0.001038,0.000564
-0.000123,0.002623,0.068697,0.009801,0.042664,-0.001491,0.028687,0.009824,-0.000270,0.001486,0.111611,0.035405,0.043828,0.001136,0.003313,0.000527
-0.003200,-0.013815,-0.000165,0.019781,0.018273,0.014926,0.020888,-0.095410,0.014243,0.078422,-0.004716,0.000439,0.006195,-0.014213,0.086233,0.061830
-0.003020,-0.001992,0.002360,0.003591,0.025102,-0.001260,0.076306,-0.030362,0.009246,0.096705,0.026266,0.007762,-0.006081,-0.002426,0.026207,0.024127
-0.000566,-0.000879,0.001351,-0.016621,0.006739,0.039744,0.131928,0.001494,0.005912,-0.009502,-0.009713,0.012088,-0.001350,-0.000499,0.002061,-0.001658
0.003781,0.055070,0.000803,0.016880,0.009524,0.006143,0.012165,0.003091,-0.019464,0.015532,0.044028,0.005995,0.004751,0.000117,0.107432,-0.020640
-0.005455,-0.001977,-0.000973,-0.006871,0.000498,0.012364,0.154003,-0.010519,0.001313,0.001341,0.043227,-0.033864,0.003510,0.012606,-0.007321,0.012740
0.061229,0.083230,-0.001192,0.117629,-0.000233,-0.012899,0.021346,0.000128,-0.001214,0.024679,-0.003612,0.000477,0.250942,-0.002242,-0.000624,-0.001856
0.109564,-0.000826,0.056325,-0.019662,-0.004524,0.092790,-0.003493,0.032489,0.000630,0.002923,0.001129,0.012710,0.006700,0.074968,-0.006385,0.023510
0.004819,0.174691,-0.004757,0.007002,-0.013706,-0.015351,-0.002986,-0.007037,0.001060,-0.001808,-0.005180,-0.001957,0.132991,0.069078,0.223501,-0.000353
-0.003208,-0.002105,-0.004014,0.012788,-0.002098,0.051512,0.028035,-0.017982,-0.024304,0.009088,0.034396,-0.013804,0.183507,0.000317,0.029952,-0.000741
0.046634,0.001228,0.000484,-0.019093,0.028673,0.056930,-0.001249,0.003138,-0.002249,0.030900,0.007008,-0.043977,0.058843,-0.006151,-0.000437,0.002730
0.005251,0.003330,0.058786,0.002085,0.000259,0.007603,-0.000197,0.014525,-0.001575,0.000438,0.000845,-0.000809,0.001157,0.026496,0.046704,-0.000244
-0.052124,-0.000078,-0.014146,0.002865,0.000361,-0.001113,0.008333,-0.002867,-0.001686,0.009122,0.178949,-0.018735,-0.000102,0.085056,0.004026,0.042252
0.063789,0.002389,0.001388,0.000331,-0.000276,0.049593,0.008783,0.076846,0.015056,0.041085,0.003774,0.012313,-0.006469,0.000701,0.001219,0.027741
0.011317,0.011700,0.011588,0.006051,-0.014222,0.053232,0.047128,0.002056,-0.041864,0.026503,-0.000390,-0.021545,0.019944,-0.000576,-0.003553,0.000177
0.000099,-0.003951,-0.011311,0.059848,0.000010,-0.000593,0.026007,0.000031,-0.001283,0.024886,0.001233,0.004436,0.018100,0.069538,-0.011628,-0.000934
0.058964,0.009528,0.000153,0.000815,-0.024090,0.003625,0.018619,0.024279,0.039657,0.033109,-0.001094,-0.000837,0.000320,-0.006479,-0.006377,0.024232
0.002499,0.003602,0.125429,0.004592,0.040842,-0.005917,0.030784,0.104250,0.000653,-0.009080,0.061013,0.088460,-0.006475,-0.001897,0.003538,0.002092
-0.014189,0.132130,0.000071,0.027021,0.032960,0.000608,-0.000115,0.004704,-0.000329,-0.002261,-0.001121,0.003149,-0.001900,0.003752,0.036452,-0.003315
0.001175,-0.000158,0.001661,-0.013467,-0.006993,0.060332,0.001159,0.005503,0.000501,0.093732,0.002059,0.046891,0.026300,0.001477,-0.004207,-0.001793
0.084867,0.005216,0.005072,-0.002076,0.004317,0.038207,0.007552,-0.003142,0.003180,0.016511,0.024276,-0.041325,-0.000124,0.001367,0.001013,-0.001068
0.000101,0.001790,0.088151,-0.004764,0.003045,0.006615,-0.001745,-0.003621,0.000519,-0.001729,0.000976,0.000429,0.002725,0.576867,-0.000010,0.012947
0.063375,-0.003789,-0.010356,0.011682,0.018783,0.010932,0.015536,-0.004545,0.001735,0.036789,0.053954,-0.031600,0.003243,-0.019872,-0.008534,-0.000713
0.067073,0.013430,0.000019,-0.000269,0.001030,0.019334,0.005323,-0.005277,0.039050,-0.004507,-0.013606,0.001033,0.000177,0.008240,-0.000006,0.021757
0.000838,-0.000077,0.074803,-0.000330,0.000403,-0.009120,-0.003633,0.076009,0.001490,0.013624,0.030895,0.002332,-0.000177,-0.009439,-0.002204,0.029691
0.003837,0.011463,-0.001697,-0.025089,0.000012,0.140506,0.025807,-0.002592,-0.063997,0.009339,0.012368,-0.053745,0.001093,0.002758,-0.000957,0.002935
-0.003672,0.035611,0.014946,0.016306,0.062782,0.037111,0.004570,0.017307,-0.001768,-0.002843,0.017532,-0.001432,-0.002252,0.001254,0.062031,0.000540
0.002217,-0.015389,-0.002031,0.068771,0.000053,0.069453,0.011047,-0.003839,0.018636,0.007850,0.020870,0.080335,-0.018233,0.002485,0.050451,0.052735
-0.004358,0.000747,-0.003140,0.000203,0.011898,-0.004514,-0.005705,0.013215,-0.000748,0.174876,0.077569,0.053222,0.001602,0.005405,0.002141,0.173009
0.044428,-0.001358,0.000298,0.018075,0.001618,-0.013088,0.083847,0.004867,-0.029382,0.003362,0.009853,-0.002092,0.074408,-0.000971,-0.004540,-0.008777
0.000516,0.008225,0.001216,-0.002122,-0.003303,-0.001114,-0.010138,0.098928,0.013729,0.009031,0.003878,-0.003438,0.000728,0.002486,0.000126,-0.000339
0.067033,0.000668,0.005563,-0.007364,0.017408,0.039876,0.005735,0.004865,-0.030415,0.019379,0.011345,-0.061772,0.000613,0.001039,-0.002135,-0.009537
-0.007070,0.060957,0.016068,0.019530,-0.001094,0.044141,-0.000133,-0.002368,-0.000754,0.005502,0.051004,-0.002459,-0.003276,0.008532,0.042782,0.000071
0.010198,0.004898,0.017959,0.028494,0.000413,-0.007305,0.080416,0.000249,0.011983,-0.005126,-0.002139,0.013188,-0.001085,-0.000168,-0.000033,-0.000257
-0.022732,0.002203,-0.006811,-0.006765,0.002902,-0.002973,-0.002269,0.006701,0.000510,0.136848,0.180156,0.012268,-0.003905,0.072760,-0.006035,0.003614
-0.011220,-0.007244,0.007507,0.086501,-0.001904,0.013084,0.002322,-0.000019,0.004404,-0.000787,0.055750,-0.005676,-0.000391,0.000232,0.067038,0.169764
0.083694,0.004561,0.000275,0.035690,-0.000568,-0.010631,-0.000936,-0.001668,-0.005840,0.042612,0.144980,-0.002636,0.186466,0.002830,0.002815,-0.001830
0.109410,0.004702,0.001145,0.000159,0.002004,-0.004633,0.003857,-0.019478,0.000124,0.082130,-0.002279,0.012704,0.142541,0.002505,-0.000654,0.003983
-0.002263,-0.000681,0.051974,0.007766,0.007991,0.002907,0.095237,0.065502,-0.000800,0.002548,-0.043169,0.034063,0.010060,0.002568,-0.002127,-0.003760
0.198097,-0.001056,0.000940,0.000730,-0.020153,-0.001967,0.004069,0.014051,-0.048359,0.134853,0.001873,0.000429,-0.003071,-0.011831,-0.001371,-0.009046
0.000846,0.149341,0.001414,0.011138,0.000208,-0.003261,-0.005610,0.008403,0.000510,0.001473,0.034539,0.022756,-0.012192,0.000192,0.035008,-0.084647
0.003830,0.000717,0.029876,-0.005800,-0.000585,0.022824,0.014710,0.065763,0.015095,0.009447,-0.101095,0.008497,0.118468,0.024855,0.005210,-0.005550
0.004829,0.008633,0.006845,0.047055,0.005706,0.012234,0.003162,0.001727,0.014215,0.000868,0.012512,-0.001792,0.001115,0.019378,0.070542,0.018546
0.064887,0.000336,-0.001613,-0.002638,-0.002731,0.058593,0.017327,0.001958,-0.023638,0.067107,-0.004681,0.000207,0.002333,-0.000575,-0.003551,0.007922
-0.002369,-0.017664,0.016904,-0.000156,0.028679,0.007235,0.092557,0.017655,0.001883,-0.002347,0.001106,0.014861,-0.000857,-0.001919,0.003530,-0.000989
0.019524,-0.017662,0.006208,0.000717,0.008810,0.007217,0.083088,0.016175,0.003854,-0.000596,-0.005563,0.015379,-0.000904,0.008678,-0.012361,-0.000029
0.002080,0.006571,-0.005867,-0.007835,0.000118,-0.001869,-0.006643,0.107750,0.061343,0.031473,-0.081076,-0.023749,0.001828,0.044182,0.000467,0.030924
-0.010289,-0.006248,0.025523,0.025608,0.032609,0.009630,0.024946,0.013318,-0.000584,0.122236,0.010976,0.026077,0.016854,0.001245,0.025382,0.002948
0.002108,-0.003550,0.060129,-0.002236,-0.000435,0.003773,-0.004179,-0.000247,-0.000513,-0.001326,0.000632,0.004489,0.102434,0.043665,0.000768,-0.000163
0.000975,-0.036170,0.002168,-0.000347,0.017208,0.075910,0.001928,-0.009155,0.019464,0.000078,-0.005275,0.168363,0.008546,0.000875,0.018023,-0.002326
-0.009110,0.005630,-0.192663,-0.003668,-0.000144,0.001025,0.007739,-0.000011,0.000209,0.006507,0.042307,0.017921,0.007693,0.076977,0.004050,0.060146
0.010088,0.015027,-0.002136,0.064287,-0.002970,0.053361,0.068593,-0.046430,-0.031390,0.006209,0.000410,-0.040813,0.018625,0.002581,-0.002677,0.004313
0.000306,0.001229,-0.098480,0.070453,-0.005385,0.000398,0.006664,-0.001249,-0.004335,0.028832,-0.010250,0.165175,-0.115783,0.021920,-0.001257,0.066332
0.001586,0.008822,0.008847,0.096931,0.047984,0.056182,0.015157,0.017590,0.001138,-0.001382,-0.093885,0.039289,0.000098,0.000356,-0.076936,-0.006563
0.033448,-0.000294,0.005912,0.001389,-0.000638,0.028819,0.049089,0.020136,0.017085,0.003907,-0.003914,0.011944,0.002287,0.001395,-0.003026,0.000102
0.062229,0.022954,-0.068433,0.039730,0.013479,0.075563,0.013071,-0.000436,-0.031605,0.018116,0.024219,-0.057566,0.012802,-0.002756,0.009284,-0.003538
-0.009531,-0.002446,0.034129,0.021182,0.020991,0.072321,0.011542,0.010054,-0.003184,0.081321,0.001173,0.011956,-0.000049,-0.000796,0.017429,0.027975
0.195257,-0.002413,0.001031,-0.001312,0.003435,0.001164,-0.004283,-0.004577,0.008399,-0.013697,0.054518,-0.000527,-0.002992,0.001060,0.007967,0.069037
0.088085,-0.003721,0.001388,0.088398,0.000623,-0.014031,0.013551,0.002960,-0.004225,-0.005794,-0.008250,-0.000370,-0.002416,0.003045,0.000440,-0.000190
0.002800,-0.002662,0.000080,0.065851,-0.000200,0.000334,0.005505,-0.009873,0.003342,0.046371,0.015833,-0.000210,-0.002304,-0.001618,0.103996,0.075588
0.001897,0.002027,0.022618,0.035450,0.000560,0.005137,0.045193,-0.001372,-0.000904,0.001193,0.039594,0.028284,-0.011965,0.000753,0.013057,0.000850
0.008788,-0.001362,0.036543,-0.006578,-0.002835,-0.009955,0.001965,0.091009,0.083325,0.000877,0.035776,0.011904,-0.001485,-0.001730,-0.000557,0.020623
0.020638,0.000551,-0.003759,0.040586,0.054300,-0.003740,-0.002237,0.000282,0.024304,0.037533,0.063651,-0.003148,-0.000274,0.024184,-0.004911,-0.015447
-0.011594,-0.001093,-0.009370,0.220802,0.000185,-0.004257,-0.000081,-0.005057,0.089453,0.003036,0.026293,0.000833,0.000230,0.002662,-0.000661,0.002773
-0.000723,-0.000170,0.061166,-0.016386,0.014377,-0.001035,-0.005736,-0.000167,0.009329,-0.000978,0.033373,0.001159,0.007043,0.146831,-0.003798,0.000164
-0.000205,0.091980,0.000495,0.006579,0.073526,0.196846,-0.004699,0.016273,0.001674,0.005033,-0.000593,-0.000970,-0.006571,0.009611,-0.112393,-0.004501
0.032690,0.038708,-0.005554,0.017690,-0.001827,-0.002379,0.086714,-0.054781,0.000330,-0.006009,0.000198,-0.025816,0.001738,-0.001839,0.000330,0.003724
-0.002745,0.023381,-0.000289,0.300537,0.000921,-0.027292,0.011427,-0.005203,0.159672,-0.003037,-0.000193,-0.002318,-0.012868,0.004917,-0.004768,-0.000943
-0.006047,-0.012081,0.019021,0.028750,0.000967,0.003004,0.020162,-0.032942,-0.005617,0.050528,0.047419,0.011764,0.002390,-0.000947,0.024259,0.030520
-0.000433,0.209461,0.000045,0.056125,0.009307,-0.005101,0.004215,0.002108,0.003502,-0.008235,0.043821,-0.001041,0.001133,0.000314,-0.000803,-0.003759
-0.002859,-0.004917,-0.001316,-0.010564,0.114370,-0.001075,0.020681,0.039626,0.000825,0.002643,-0.024077,0.074892,0.007335,0.000158,0.122397,0.000213
0.097010,-0.001141,-0.002790,-0.003158,0.000037,0.034106,0.065115,-0.006060,0.004731,-0.015963,0.008516,0.007902,0.007603,0.038021,0.004086,0.021734
0.001042,-0.002371,-0.000795,0.002375,0.001153,-0.005127,0.000669,-0.001377,0.001019,0.001041,0.002827,0.000569,-0.002402,0.000968,0.000574,0.005294
0.033741,0.002222,-0.000539,-0.000492,0.000635,-0.005895,-0.006016,0.013650,0.000214,-0.003783,-0.002870,0.001530,-0.001356,0.000496,-0.003616,0.201490
-0.015273,-0.003193,0.049342,-0.009632,-0.000085,0.093685,0.058409,-0.020415,0.004807,-0.002550,-0.006700,-0.049226,-0.005094,0.000758,0.002422,-0.006235
-0.007277,-0.001085,0.001373,0.029378,-0.002699,0.000470,0.003380,-0.044429,-0.001623,0.116797,0.010592,0.012541,-0.001438,-0.006147,0.002187,0.050624
0.104936,0.000137,0.001324,0.000152,-0.002315,0.054221,-0.009786,-0.001783,-0.004031,-0.033704,-0.000122,0.007625,0.001670,0.093037,-0.000005,0.021352
0.007522,-0.003779,0.031839,-0.001864,-0.030940,-0.000425,0.019970,0.216730,-0.009107,0.006583,0.152880,0.000718,-0.005384,0.000093,-0.000322,-0.004368
0.066437,0.038860,-0.014703,0.002204,-0.012444,0.039555,0.062664,-0.037023,-0.000994,0.008727,0.000167,-0.024000,0.004647,0.002618,-0.005959,0.002998
-0.020196,0.000076,0.004988,-0.003205,0.000547,0.093606,0.049944,-0.022355,-0.002139,0.025775,-0.004359,-0.001055,-0.001156,0.000162,0.004018,0.096401
0.032781,0.005534,-0.001335,0.000811,0.000314,0.001220,0.003536,-0.003521,-0.000050,-0.011893,-0.002809,0.002097,-0.000274,-0.000058,-0.001474,0.023409
0.003340,0.003382,0.036141,0.004255,0.048126,0.300582,0.000730,-0.018045,0.000315,-0.003908,0.071918,0.124763,-0.020639,-0.000190,0.010091,0.000263
-0.005495,-0.001443,0.004129,-0.000360,-0.002867,-0.038768,-0.007016,0.040291,0.074672,0.305331,-0.002570,-0.012726,-0.005486,-0.013355,-0.005230,-0.010321
-0.000718,0.000985,-0.003799,0.002759,0.001357,0.006979,-0.002032,-0.000201,-0.002389,-0.005436,-0.001183,-0.000106,0.007272,0.360108,0.001645,0.000767
0.002860,0.005731,-0.000617,-0.011067,-0.000912,0.015836,-0.004576,-0.000617,-0.003063,-0.010300,0.000165,0.001037,0.003882,-0.000542,0.001673,0.150345
-0.000121,-0.001819,0.133901,-0.020132,-0.001651,0.201801,0.015114,-0.002104,0.002568,-0.000552,0.001645,-0.002139,-0.000670,0.000552,0.002866,-0.022101
0.008332,0.005457,0.001284,-0.007853,0.001829,-0.001735,0.126823,-0.079092,0.002485,0.014295,0.017230,-0.017412,-0.010471,-0.001653,0.002969,-0.000420
0.010110,0.001910,0.000374,0.187577,0.003864,-0.016158,0.005435,0.003358,-0.004731,0.038009,-0.027053,-0.004653,0.376871,0.000021,-0.002798,-0.000130
-0.001911,0.000102,0.007882,-0.007918,0.017940,0.048124,0.074512,0.069928,0.000657,0.010006,0.001532,0.001132,-0.007910,0.002212,0.018297,0.010115
-0.003797,0.001588,0.063371,0.000453,0.000456,-0.001812,-0.011973,0.011519,0.013466,0.094021,-0.000845,-0.002858,-0.001169,0.040440,0.001829,-0.005209
0.002436,0.001482,-0.001637,-0.003431,0.026103,-0.000608,0.117288,-0.009440,-0.001263,-0.009385,0.032650,-0.079790,-0.001968,-0.001891,-0.001288,-0.001211
-0.012767,0.000682,0.001884,-0.000546,-0.004816,-0.002765,-0.011546,0.125984,0.251127,0.139404,-0.000822,-0.010938,0.002275,-0.000236,-0.000278,-0.011044
-0.004708,0.212641,0.002047,0.042003,0.070148,-0.001634,-0.002713,0.000431,0.002094,0.003051,0.000026,-0.000147,0.000229,0.000196,-0.008855,-0.000583
0.180110,0.000778,-0.005339,0.001354,-0.002740,0.048795,-0.005806,0.018103,-0.005499,0.141723,0.180068,-0.009502,-0.017424,-0.003095,-0.002976,0.004700
-0.007186,-0.003832,-0.016969,-0.007544,-0.000136,0.137554,0.017696,-0.001738,-0.001679,0.007205,0.000081,0.000327,0.000602,0.000633,0.001668,0.195125
0.001836,0.005340,-0.001739,0.001311,-0.003621,0.014490,0.011505,-0.014542,-0.001515,0.044194,-0.004720,-0.000640,0.002950,0.000673,0.003178,0.201560
0.004601,-0.004507,0.016687,0.004676,-0.000328,0.004135,0.009566,0.033969,-0.000285,-0.001256,-0.179520,0.002169,0.106666,0.000550,0.000974,0.001855
-0.000765,0.016570,0.046794,0.036389,0.038233,0.005907,0.011915,-0.011218,-0.000187,0.013265,0.012870,0.100082,-0.014274,0.000446,0.067283,0.050564
-0.005445,0.001608,-0.003239,0.002814,-0.004612,-0.001341,0.000807,-0.004406,-0.000180,0.011328,0.000014,-0.000799,0.001871,-0.007446,0.004914,0.237438
0.006094,-0.161188,0.000700,-0.023775,-0.013550,0.113724,-0.005088,0.010158,0.000480,-0.003016,-0.005546,0.012032,-0.002299,0.000792,0.260940,-0.016890
0.119107,-0.002370,0.006085,0.008930,0.006472,0.003469,0.005379,-0.191903,0.018948,0.068026,-0.005240,0.120117,-0.088570,-0.000095,-0.002056,-0.000558
0.039682,0.043975,-0.000650,0.007456,0.010133,0.050710,0.070184,-0.073929,-0.000483,0.056328,-0.067131,-0.070785,-0.014023,-0.000763,-0.002420,-0.004681
0.004503,-0.009112,0.239313,-0.001033,0.001565,0.002381,-0.003255,0.008212,-0.000272,0.010414,0.052296,0.012357,0.005277,0.000553,-0.005725,0.002223
0.066105,0.013035,0.003992,0.007736,0.020961,0.000472,-0.003058,0.001251,0.055009,0.073361,0.030171,-0.054366,-0.007943,0.010743,-0.018861,-0.024978
-0.001956,-0.002292,0.009225,0.045083,0.077815,0.015598,0.003500,0.005451,-0.001095,0.006566,0.025856,0.023393,0.000539,-0.004632,0.039768,0.000877
0.135593,0.000137,-0.001237,0.000943,0.226583,0.000090,-0.001272,-0.019065,-0.010206,0.044886,-0.001302,0.013104,-0.015493,-0.000323,0.020100,-0.003956
0.057458,0.002086,0.000678,-0.001664,0.001681,0.038874,-0.001417,0.000717,0.002845,0.017671,0.003702,-0.003404,-0.000697,0.024823,-0.001517,0.009680
-0.008453,0.014005,0.011521,0.040626,0.080487,0.015625,0.006396,-0.026837,0.000308,0.081610,0.029877,0.031812,-0.003452,0.000685,0.029022,0.038246
-0.011961,0.001422,-0.000153,-0.003475,-0.004858,-0.002251,-0.003950,0.001009,0.008491,0.082578,-0.002662,-0.005933,0.495974,-0.002948,-0.001848,-0.000674
-0.003451,-0.000570,0.000600,-0.006855,-0.000941,0.000149,0.106402,0.002017,0.001213,-0.000808,0.005537,-0.022769,-0.001192,0.000425,0.000351,-0.002984
-0.013979,0.007839,0.015007,-0.010111,-0.000437,-0.000019,0.000477,0.006789,0.088457,0.010402,0.000861,-0.003508,0.075122,0.012938,-0.001316,0.019545
0.007776,-0.006899,0.004397,-0.002777,-0.020367,0.002168,0.004940,-0.000346,0.001344,0.001710,-0.211392,0.001619,-0.002279,0.000769,0.026657,0.011937
0.004202,-0.001510,-0.003154,0.001355,0.336522,-0.027472,0.115147,0.027731,-0.002330,0.001232,-0.002321,0.019702,-0.003010,0.000441,0.000852,0.024119
0.027538,0.010148,0.001078,0.001901,0.014759,0.013483,0.082123,-0.080148,0.010791,0.003666,0.003693,-0.035294,-0.000069,-0.000340,0.008887,0.000150
0.001856,0.001309,0.304151,0.004783,0.070822,-0.012801,-0.008645,0.029096,0.000901,0.000613,0.001509,-0.002903,-0.000821,0.065374,-0.001016,-0.000271
-0.002442,-0.000005,-0.006651,-0.001737,-0.001950,-0.000752,-0.007508,0.240404,0.135800,0.028254,0.003724,0.002257,0.003258,-0.004852,-0.003768,0.000949
-0.001840,-0.001210,0.064918,0.006689,0.019329,-0.000560,0.076606,0.086280,-0.006227,0.002255,0.100963,0.003110,-0.000666,-0.002207,-0.002733,0.067776
0.006962,0.011753,0.001714,-0.005902,0.003951,0.024802,-0.006082,-0.000546,0.003480,-0.012256,-0.001943,0.034562,-0.000605,0.021684,0.102297,-0.000678
0.008376,0.003307,0.173742,-0.004953,0.011420,-0.007109,0.025029,0.001089,-0.000097,-0.002384,0.034676,0.143274,-0.003084,0.002277,-0.003980,-0.000488
0.006301,0.005318,-0.008231,0.030565,0.012115,0.010774,-0.005747,0.001005,0.020324,0.002740,-0.007590,0.043568,-0.014751,0.018002,0.104519,0.014674
-0.000498,0.002449,0.169265,-0.002636,0.005007,-0.002649,-0.000371,-0.001636,0.001518,-0.013628,0.023507,0.004137,0.158336,0.000257,-0.000614,0.030430
-0.013290,0.000677,-0.007552,0.002406,-0.006206,0.004602,0.003037,0.003467,-0.001211,0.000682,0.026902,0.002826,0.002037,0.090202,0.000294,0.087616
0.002824,0.000070,-0.017571,0.003741,-0.001187,0.000052,0.065564,0.079302,0.039609,0.003356,-0.005610,0.000403,0.001611,0.006757,-0.002543,-0.000853
-0.000740,0.124850,0.004275,0.042329,0.054257,-0.002517,0.002789,0.003244,-0.000009,0.001056,0.001122,-0.000568,0.002552,-0.009529,0.025217,-0.016260
-0.001568,0.064628,0.002462,0.018998,0.051423,0.024090,-0.007816,0.003281,0.000646,-0.007764,0.008546,0.019197,-0.002677,-0.000742,0.070136,-0.009905
0.003010,-0.000465,0.004104,0.002382,-0.002167,-0.005000,-0.003526,0.063625,0.093363,0.001478,0.000287,-0.001920,-0.002242,0.024729,-0.002136,-0.002714
0.017297,-0.001655,0.001178,0.002392,0.012835,-0.000867,-0.004233,0.006411,0.000349,-0.002575,0.001101,-0.000794,-0.001775,0.000360,-0.000282,0.001235
0.000437,-0.003729,-0.011752,0.003284,-0.001832,-0.020411,0.125516,0.016190,0.001068,-0.005527,0.002839,-0.003973,0.000014,0.000006,0.000567,-0.002579
0.219481,0.002508,-0.002751,-0.000420,-0.000161,0.014290,-0.000701,0.000633,0.037988,-0.033910,0.000837,0.002313,0.001448,0.030401,-0.001454,0.076985
0.049992,0.002632,-0.002396,-0.001989,0.000028,0.002025,0.007236,-0.012630,0.000006,0.103602,-0.008339,-0.000090,0.011324,-0.000291,-0.002386,0.020910
-0.005129,0.004595,0.023254,-0.002300,0.004298,-0.003240,0.070114,0.028028,0.000672,-0.004092,-0.017867,0.008151,0.015993,0.012874,0.002143,-0.000320
-0.008763,-0.019080,-0.010361,-0.009878,0.024130,0.044286,0.077364,0.028510,0.000567,0.000256,0.002839,0.022061,-0.002471,-0.000393,0.031317,0.004800
-0.042075,-0.004115,0.002922,-0.005535,-0.000815,-0.000755,-0.018101,0.023981,0.001621,0.456446,0.049991,-0.011478,-0.003463,-0.002992,0.001909,-0.018866
-0.000448,0.000905,0.001870,0.005193,-0.000237,-0.000649,-0.003916,0.001127,-0.001198,0.098697,-0.002235,0.000053,0.282999,0.004291,-0.001677,-0.002485
-0.000385,-0.002788,0.002709,0.002748,0.042530,-0.002056,0.084371,0.066556,0.000176,-0.005313,-0.072788,0.027922,-0.011281,0.002031,0.005441,0.000098
-0.009421,-0.002530,-0.001936,0.001151,0.007748,-0.000734,0.190148,0.007048,0.000598,-0.012148,0.000283,0.000422,0.006442,-0.002556,-0.003163,0.000286
