0.056031,0.049880,0.046270,0.125220,0.076341,0.061552,0.216066,-0.037978,0.009776,0.151814,0.024085,0.051581,0.041848,0.107131,-0.065112,0.163407
-0.126825,0.638629,-1.073626,0.460513,-0.178590,1.218190,0.497155,0.403449,0.908081,0.561228,0.781506,3.258446,0.370432,3.897299,-1.021489,-0.102721
0.050494,0.539978,-0.375815,-0.035923,0.196926,0.157585,0.392316,1.038413,0.922967,0.618627,0.307640,0.608002,0.341702,4.280784,-0.958270,0.809881
-0.049925,0.099306,0.024964,-0.064967,-0.117155,-0.009055,-0.036125,-0.031293,-0.079680,-0.052872,-0.053075,0.103911,-0.003284,-0.100433,-0.053679,0.002236
-0.183275,0.245414,0.084228,0.106921,0.182966,0.147295,0.014042,0.272204,0.249105,0.969964,0.585632,0.301957,-0.072982,0.399720,-0.158370,0.633547
0.046599,0.064161,-0.003528,-0.018428,-0.045765,0.128890,0.068166,0.001402,0.063123,0.032099,-0.050187,0.106501,0.000118,-0.068864,0.092681,-0.067529
-0.001490,-0.076926,0.023912,-0.024969,0.020895,0.143790,0.068953,0.054742,0.002425,0.110817,-0.029749,-0.013736,0.006486,-0.037881,-0.025513,0.031864
-0.221239,0.217879,0.234427,0.280212,0.372164,0.093822,0.052020,0.160504,-0.062027,0.109941,-0.171912,0.076637,0.093274,-0.216697,0.363826,0.501862
-0.030882,0.066082,0.009837,0.009686,-0.086601,-0.041814,0.006114,-0.005587,0.087802,0.000264,-0.030595,-0.045972,0.063750,-0.021902,0.040318,-0.005738
0.106826,-0.069926,-0.056899,-0.008423,0.238193,-0.116717,-0.031154,0.065989,0.203251,0.131087,-0.017661,0.032670,0.077463,0.239587,0.114240,0.105921
-0.061497,-0.498449,0.546580,0.188429,0.651339,-0.527651,0.204353,0.388693,-0.023810,0.065173,0.011787,0.575588,0.012871,0.390307,-0.197043,0.346279
0.280848,-0.423580,0.713590,0.109103,0.673850,0.012089,0.021778,0.404911,0.106219,0.004505,0.208793,0.641414,-0.146120,0.403626,0.042601,0.054639
0.102241,0.331411,0.025659,-0.339488,0.544016,0.012067,0.067268,0.291811,-0.168004,0.012848,0.148426,-0.173126,-0.116802,0.216926,0.611823,0.288651
0.108903,0.115856,0.008503,0.010160,0.134144,0.088271,0.019781,-0.010547,0.004311,0.056718,-0.005084,0.009004,-0.018134,-0.049251,0.120659,-0.005550
0.015284,0.080591,0.118884,-0.032791,0.025920,-0.058564,-0.038468,-0.070664,0.042875,0.017358,-0.012169,-0.037290,-0.085676,0.007333,0.065396,0.046238
-0.028293,0.115483,-0.086112,0.035711,-0.021589,-0.008563,-0.001825,-0.090273,-0.015399,0.114771,0.053209,0.089945,-0.096704,0.041485,0.090756,0.070351
0.082691,-0.048362,0.039994,0.096693,0.109112,0.040371,0.009358,0.017990,0.100850,0.089317,-0.029673,0.026537,0.044676,0.066123,0.072189,-0.012477
-0.051838,0.207420,-0.028808,0.262193,0.200334,-0.015327,0.149052,0.012687,0.023978,0.012957,0.270975,0.200182,0.044655,0.096816,0.099917,0.123942
0.036631,0.036851,-0.090925,-0.043249,0.055702,0.037134,-0.008401,-0.078774,-0.051358,-0.039962,0.010874,0.066725,0.119503,-0.140257,0.180552,0.043769
0.088161,0.018146,-0.066477,0.005461,0.029302,0.135352,-0.072077,-0.012347,-0.045954,0.025907,0.205200,-0.016127,0.177092,0.082662,-0.089416,0.213805
0.079469,0.025655,0.105132,0.036028,-0.047549,-0.068881,0.130798,0.140008,0.056121,0.145334,-0.037107,0.094005,0.165515,0.191367,-0.154275,0.232544
0.951168,0.338156,-0.237699,-1.214694,0.618519,0.363960,1.570133,1.674383,-0.208350,1.847175,-0.049651,0.732944,0.867088,0.396765,-0.358044,1.087323
1.022049,1.567954,-2.502579,-1.215947,1.170235,2.237309,0.942765,3.506743,0.493237,0.333908,1.104599,1.152865,-0.076798,3.446418,-0.467013,4.722456
0.408356,-0.210977,-1.642137,0.220038,3.051316,2.883863,1.538163,3.867791,1.667125,1.459510,4.417019,3.414177,-0.975305,0.897143,0.047393,3.104461
0.904948,-0.704990,0.094892,3.101192,2.193193,0.660267,1.117778,0.570824,1.638517,1.266397,0.244054,1.689353,-0.811360,0.899209,-0.058061,2.142551
0.169157,-0.142220,0.122010,3.289023,0.649325,1.087174,1.028006,0.726805,2.294599,0.362782,0.230135,1.054585,0.119854,0.227402,0.183515,1.262195
0.480638,-0.102958,-0.264934,1.834412,0.651265,1.172523,0.666230,-0.021390,1.964587,0.379335,-0.123010,1.569830,0.317448,-0.147202,-0.348605,1.523541
-0.023045,0.320244,-0.189105,1.739055,0.962561,0.494767,0.486010,-0.779905,1.434175,0.631256,-0.457045,0.877753,0.058424,-0.377578,0.416662,1.753250
0.110875,-0.225068,-0.024060,-0.084829,0.770097,0.389925,0.155600,-0.075483,1.151900,0.119864,0.185327,-0.074876,0.078912,0.388296,0.563802,0.233566
-0.192010,-0.445074,-0.659035,-0.389872,1.769915,0.083837,0.208574,0.178627,0.969765,0.006047,0.587834,0.155897,0.685328,0.400850,0.795913,0.041980
0.159086,-0.756335,1.605670,0.930420,2.150758,-0.293923,0.321902,0.784476,0.584229,0.196962,0.561204,2.204992,0.500671,1.186364,0.384484,0.344468
0.109334,0.371136,0.238314,0.088659,0.682509,0.397935,0.271423,0.031119,0.094379,-0.056663,0.397815,0.192082,-0.374926,0.016821,0.575608,-0.074989
-0.071594,1.805443,0.745317,-0.519349,0.840495,1.073558,0.270018,0.865636,0.546325,-0.160312,0.920155,-0.419694,-0.366582,-0.354481,1.577972,-0.020271
-0.568203,0.708088,0.642003,0.220479,0.380267,0.802425,0.067920,0.537076,0.760126,0.102808,0.742191,-0.219248,-0.307000,-0.241993,0.710425,-0.263054
-0.041195,0.022364,0.031823,0.036969,-0.003501,0.005731,-0.038707,0.098655,-0.050590,-0.002902,-0.056089,0.093491,0.101022,0.100524,0.067108,0.113231
-0.002336,0.026957,-0.015414,0.049193,0.114683,-0.034863,-0.001305,0.067708,0.058315,-0.012596,0.013693,0.038630,0.086153,0.091846,0.121736,0.100689
-0.180716,0.804581,0.055896,0.562891,0.090083,-0.077945,-0.009905,-0.100472,0.434493,0.199107,0.872944,0.507505,0.117020,0.385138,0.704052,0.119352
-0.095528,0.073200,0.066305,0.038939,-0.158374,-0.040396,-0.112062,-0.115267,0.132981,0.093365,0.287618,0.204023,-0.010520,0.134563,0.226223,0.008715
0.113508,0.781444,0.377548,0.238183,-0.403979,0.375356,-0.103930,-0.158113,0.290585,0.234246,0.390525,0.089351,0.805223,0.021412,-0.047758,0.361908
0.111616,0.121324,0.083149,-0.102217,-0.145383,0.065397,-0.085129,-0.223397,0.035703,0.013077,0.050466,0.008665,0.302818,0.148687,-0.227462,0.200760
-0.105216,0.026090,0.001077,-0.030054,0.013680,0.068733,-0.115421,0.111036,-0.009708,0.059870,-0.035566,0.070337,-0.020194,0.074227,0.119852,-0.002017
0.593483,0.436301,0.390316,0.282673,0.495768,-0.287639,0.390486,1.185412,-0.253338,2.061855,-0.264920,0.883225,1.552715,0.222123,0.026456,-0.096477
-0.236147,0.167834,0.440837,0.798615,2.234699,-0.470606,-0.353084,-1.053430,2.042946,0.209018,-0.265322,0.104944,0.628569,0.256951,-0.038373,1.953662
3.515962,-1.681943,-0.176915,0.087567,0.106407,3.364541,3.867394,-0.230613,-0.445143,-0.042921,4.105306,-1.885986,1.534572,2.114553,-0.260931,1.990015
0.880883,-0.408766,-0.541552,2.961296,0.461171,-0.273674,2.904959,1.175385,0.506665,2.420435,0.239421,1.820527,-0.791762,3.771517,0.574150,0.063672
3.507544,-0.485648,-0.912291,1.015880,1.636100,0.549597,1.863074,-0.195044,1.333718,1.552851,0.148815,3.656205,-1.499262,1.332518,1.812069,1.165556
2.987576,-0.206031,-1.835063,-0.269357,0.987630,0.165270,0.861935,-0.039671,0.730158,0.504552,-0.172202,1.624594,0.161232,1.797369,2.012038,1.120129
0.600740,-0.097036,-0.475567,0.672757,1.074920,0.218499,1.019371,-0.361023,2.196025,0.588227,-0.074231,-0.618305,0.759551,0.972026,0.971420,0.354587
0.004463,-2.029092,-0.730973,-0.727014,2.736280,-0.441152,1.016451,1.656980,3.528230,0.337186,0.466340,0.263930,2.127046,1.399590,2.757327,-0.490406
-1.048516,-1.370835,-0.286633,1.212753,1.477595,-1.256278,0.715934,1.732443,0.839938,0.478306,0.289521,1.672364,1.449860,0.935183,1.478472,-0.344732
0.754774,-1.222597,0.732498,2.059244,0.132496,-0.165482,-0.365237,1.095395,0.015697,-0.076535,0.504557,2.235818,0.424305,0.509020,0.321127,0.131224
0.208203,0.013889,0.008473,0.878454,0.096478,-0.090580,0.263260,0.308189,-0.132733,0.206506,0.077683,0.550920,0.252696,0.343195,0.016886,0.398458
0.400446,1.858178,0.060461,-0.324345,2.712287,-0.060217,0.408013,0.324423,-0.567320,-0.081726,0.340496,0.208918,-0.003285,0.646129,1.023952,-0.177455
0.171871,2.050111,0.070020,0.354158,1.078859,0.735471,0.457473,0.178075,0.214787,0.216245,-0.010947,0.454655,0.695921,-0.201109,0.616265,-0.186275
-0.107590,0.485532,-0.034491,0.270961,-0.046599,0.204794,-0.075033,0.127969,0.123862,0.072397,0.336337,0.065189,0.020401,-0.000236,0.153607,0.077179
-0.286815,0.372461,0.093622,0.821258,0.246203,-0.121517,0.110981,-0.078150,0.617515,0.630342,0.270330,0.335594,0.206671,0.604518,2.041189,-0.271658
-0.046934,0.204012,0.043279,0.102312,-0.043305,0.057622,0.005797,0.031748,0.260723,0.074290,0.206487,0.179286,0.100103,0.126870,0.462578,-0.025546
-0.066800,0.452651,0.217882,0.056612,-0.123518,0.256949,-0.237707,-0.154578,0.079738,0.112572,0.093304,-0.164768,0.539208,0.085931,0.033406,0.409576
0.093689,0.067668,0.186373,0.135403,-0.063344,0.079207,-0.047439,-0.070231,0.081006,-0.003242,0.052893,-0.116688,0.125456,-0.018188,-0.069539,0.170045
0.035646,-0.089938,0.041495,-0.062451,-0.138540,-0.039962,0.061616,0.085521,-0.054768,-0.012998,-0.013886,0.066246,-0.013219,0.140642,0.075537,0.036798
0.143293,-0.112598,0.081666,0.064503,-0.024104,-0.022280,0.305741,-0.266745,0.325203,0.683396,0.125156,0.210488,0.314442,0.101638,0.298555,0.063711
0.894893,0.259926,0.180868,0.425750,0.552736,-1.473806,1.118627,-0.016062,0.090656,3.458810,-0.210477,2.338063,2.934611,0.126945,0.179477,0.567338
1.179476,-0.285715,-0.063806,0.053051,0.002374,-0.434538,0.693082,-0.403818,0.355581,2.089035,0.366104,0.646311,1.177783,-0.068676,0.216323,-0.143647
1.889924,-0.467336,0.371563,-0.534631,1.227035,-0.042028,1.253224,-0.744089,1.572443,1.855257,1.707066,0.026510,0.574801,0.391807,0.312081,-0.260768
3.329880,-1.000124,0.198538,0.204630,2.231446,0.070019,2.214617,-0.217261,1.415798,0.741688,2.410168,-1.119712,-0.092340,0.780528,0.667109,0.130234
0.934384,-0.221266,-0.255729,0.160041,2.184141,0.610656,1.213237,-0.266468,1.913803,2.936456,1.337438,2.742815,-0.242835,1.772426,0.625139,0.607708
-0.060280,0.289767,-0.144858,0.051707,0.191598,0.249796,0.256371,-0.277549,0.445883,0.494894,0.357353,0.454068,-0.012658,0.170101,0.208028,0.379354
0.644958,0.537233,-0.576996,0.992109,1.037750,0.275466,2.345016,-0.710994,1.244537,0.622239,-0.439678,-0.958157,-0.131517,0.645500,1.419172,0.707870
0.182014,-0.062052,-0.132142,0.346524,0.231400,0.038154,0.479075,-0.211516,0.372576,0.276379,-0.132735,-0.038847,0.000525,0.195431,0.592063,0.461005
-0.080313,-0.191502,0.065861,-0.146912,-0.000361,0.091141,0.243652,-0.317347,0.723991,0.394209,-0.270401,0.450292,0.717083,0.467978,1.737452,-0.415642
-0.024563,-0.341073,0.197109,0.017347,0.281461,-0.127929,-0.016973,-0.229317,0.536790,0.347316,-0.019567,0.627395,0.610898,0.719943,1.228525,-0.296969
0.737455,-0.634440,0.140081,2.485901,0.187779,1.236223,-0.076556,0.230416,0.914418,0.076002,0.170930,2.010748,1.049340,0.692850,1.964145,0.507100
1.684249,-0.306687,-0.388214,1.168491,-0.846645,2.939913,0.270429,-0.678883,2.198771,-0.724182,-0.475173,3.076283,1.394311,-0.959815,4.773309,0.733017
1.666916,4.541456,-0.688175,1.063694,3.945847,1.246555,0.723778,-0.188043,1.061597,1.030442,0.328811,2.137951,1.809247,1.516681,4.566780,-0.879976
0.438496,0.495316,0.505945,0.051793,0.128612,-0.095394,-0.163140,-0.888611,0.294012,1.058561,0.261392,1.487189,2.101479,2.428315,3.289534,-0.960045
0.148001,-0.022000,0.656414,0.108483,-0.115848,0.650997,0.251347,0.108250,0.130181,0.033702,-0.460204,0.467855,0.963171,1.723321,2.272716,0.200911
0.412256,-0.012573,-0.050128,-0.099404,-0.260297,0.004997,-0.370109,-0.394336,0.015958,-0.008324,-0.061129,0.132765,1.060132,0.360493,-0.073663,0.302226
0.096214,0.411206,0.322924,0.095186,-0.254753,0.108580,-0.135128,-0.032399,-0.002819,-0.056718,0.003428,-0.152401,0.676308,0.230697,-0.006101,0.241709
0.014531,-0.008716,-0.062672,-0.029228,-0.053883,-0.083282,0.022321,0.024541,0.014312,0.029355,-0.015474,0.108199,-0.056299,0.065691,0.012274,-0.026541
-0.084849,-0.053032,-0.111864,-0.013579,0.054416,-0.045237,0.001743,0.014948,-0.040206,0.054154,-0.017076,0.066290,0.030076,0.028802,-0.123270,-0.055501
0.019031,-0.035320,-0.026667,0.023746,-0.074202,-0.011369,0.161163,0.004613,-0.099133,0.108002,0.005515,-0.081044,0.030111,-0.093611,0.050641,0.031179
2.198674,0.229534,-0.677434,-0.081879,-0.160089,-1.853289,1.391975,0.740305,-1.547082,0.583280,-0.232128,2.065145,2.676509,-1.765128,-0.126278,0.562824
0.041990,0.110831,-0.048917,-0.019653,-0.077249,0.083740,0.071371,0.059981,0.068764,0.024798,0.066826,0.001778,0.018290,-0.123204,0.035573,-0.076164
0.086628,0.033331,-0.000055,-0.052529,0.128884,0.036682,0.089227,-0.122263,-0.087783,-0.028443,0.260915,0.010038,-0.025829,-0.042216,0.031992,0.013112
1.824214,-0.464427,0.656467,1.355974,3.113778,-0.948070,0.212179,0.796321,1.691297,0.226857,0.757922,-1.782878,-0.423442,0.487730,2.092131,1.007273
-0.059263,-0.018098,0.083506,0.068557,0.124168,-0.103821,-0.051247,0.022497,0.068355,0.140655,-0.090265,0.072966,-0.034113,0.256432,-0.037805,0.014529
-0.048952,0.443061,-0.213461,0.377330,1.129659,0.525185,0.925904,-1.008601,1.513621,1.792740,1.549804,1.768875,0.284707,0.496407,1.119138,0.919623
-0.521849,2.947925,-1.673581,1.171472,4.032965,0.221441,1.733624,-1.318122,2.262304,2.563041,1.425405,0.082753,2.360958,3.304517,1.910566,2.521957
-0.336737,0.811951,-0.090397,0.099413,1.011111,0.382420,0.553562,-1.348285,0.377799,1.200589,0.598262,0.289631,0.410415,0.992617,0.345254,1.139586
0.160115,0.077940,0.227276,0.046040,0.063548,0.289570,-0.121500,-0.097543,-0.616095,0.219966,0.144815,-0.291195,0.646393,0.699937,0.495757,0.819726
-0.337562,0.196375,0.738928,0.893688,0.920877,0.192203,-0.122378,-0.230134,0.166325,0.633852,-0.302242,0.269917,1.987191,1.630825,2.658495,0.011229
0.693587,-0.459341,0.501212,2.042950,0.588838,2.319968,0.061854,0.402237,0.952584,-0.032456,0.169945,2.123401,0.709269,0.937481,3.224961,-0.046303
0.923824,-0.147800,-1.148178,0.336777,-0.517504,0.028604,0.710758,-1.243588,-0.417235,0.170527,0.136759,0.838468,1.113101,-0.503232,0.397758,1.749356
-0.021792,1.791797,0.612234,0.419422,-0.561815,0.353246,0.418020,-0.577889,0.151766,0.452367,1.989925,0.578041,0.620362,0.855665,1.592918,0.570846
1.932004,5.479563,0.298012,0.077388,3.083126,0.164191,0.142203,-1.092700,-2.339331,0.158094,1.287815,1.649297,1.431897,1.024964,0.711040,0.187314
0.065693,0.162402,0.004571,0.020873,-0.137525,0.215424,-0.011638,0.032965,-0.052768,0.079119,0.010585,-0.100322,0.303733,0.141214,0.210538,0.284814
0.162143,0.336979,-0.127417,0.109652,-0.001256,-0.044513,0.262251,0.364766,-0.155676,-0.430932,-0.016135,-0.266475,0.207271,0.167609,0.202662,-0.043812
0.004720,0.150870,0.113044,0.116991,-0.003954,0.091065,-0.098197,-0.063585,0.157411,-0.057029,0.063262,-0.261972,0.038969,0.063975,0.119384,-0.094574
-0.002857,0.128075,-0.121050,-0.121778,0.023494,-0.035576,0.061651,-0.046060,0.031444,-0.054023,0.136670,0.025218,-0.018364,-0.080821,-0.033262,-0.058126
0.008305,-0.025120,0.036455,0.070546,0.066587,0.040477,0.099837,0.005832,-0.007992,0.071449,-0.018123,-0.023563,-0.006081,0.059537,-0.054349,0.121797
0.145091,-0.087619,0.175408,0.097871,0.088891,-0.060019,0.257201,0.189307,-0.043284,0.353815,0.241442,0.104085,0.135314,-0.389283,-0.296169,0.024295
1.666383,1.037542,0.089845,0.318338,-0.834460,-0.598622,-0.159447,0.401813,0.100205,1.269332,0.318052,1.736035,2.788999,-0.835584,-0.277994,1.024485
0.339823,-0.147249,-0.171369,0.150927,-0.171907,-0.258874,0.832707,0.813171,-0.862411,-0.059786,0.038861,0.147708,0.715801,-0.182780,0.469563,-0.132745
0.041888,-0.033457,0.061529,0.020949,0.057046,-0.044126,-0.034357,-0.041700,0.020639,0.001298,-0.187313,-0.130970,0.077998,-0.090939,-0.009103,-0.052050
2.286669,-0.480657,0.896137,3.000290,1.849540,-0.571740,0.378990,1.248465,1.433033,-0.465772,1.122851,-3.720317,-1.202689,0.027320,1.072761,-0.319375
-0.333393,0.444402,0.340818,0.451248,0.560214,0.138179,0.726089,0.170242,-0.063942,0.210268,0.035187,0.042764,0.192335,-0.143084,0.538802,0.461964
-0.718732,2.732798,-1.405503,1.200271,1.172734,-0.133361,1.183875,-0.131801,1.260391,0.593475,0.664215,-1.180891,1.357109,0.417376,1.265720,1.762787
0.036499,0.226525,-0.214649,0.182518,0.426133,0.110990,0.197087,0.106834,0.531732,0.437918,0.219192,0.235299,0.135617,0.677873,0.315927,-0.181577
0.019799,1.211910,0.030615,0.262296,0.318110,1.121252,0.943214,-1.727358,0.292151,1.191016,0.898975,0.504873,0.541851,0.557425,0.286468,2.039083
-0.124735,1.767613,0.812638,0.419728,1.025348,0.981938,1.322818,-3.120174,-1.203623,1.937472,1.890112,0.487015,2.465850,1.729328,0.702992,6.405196
-0.075872,1.632084,0.186214,0.804343,-0.577563,0.833308,2.193225,-1.219514,-0.004009,0.690941,1.767588,2.390900,1.953764,0.066345,0.823025,2.644688
0.039329,1.487737,1.584098,2.412395,0.798753,3.008356,1.144532,-2.422540,-1.610574,0.793836,2.444250,3.373488,1.310247,0.463565,2.510317,2.893558
0.475712,-0.475642,1.382894,4.964131,2.725862,2.512604,1.649254,-0.585013,-0.749172,0.351432,3.986475,3.891241,0.732026,1.056945,4.143780,2.155172
-0.200318,0.807694,0.421024,0.560970,-0.301773,0.633554,0.262532,-0.344733,0.071686,0.597679,1.399096,0.185751,0.852646,0.306627,2.356080,0.793995
0.288504,0.946402,0.323659,1.875423,3.179491,0.709055,0.395381,1.213483,-0.505646,0.258049,1.279457,-0.157536,0.364575,0.352849,0.011792,-0.365724
1.225315,1.700462,0.119810,0.579999,2.796222,-0.150843,0.355333,0.036057,-0.662234,-0.379140,0.391102,0.770616,1.323635,0.237013,-0.417019,-1.109326
0.235533,0.830830,-0.187906,0.301612,0.483143,0.047259,0.011749,0.354377,-0.013972,-0.331471,0.500075,0.155437,0.459482,0.073957,0.055245,0.088299
0.053341,0.531936,-0.459324,-0.034339,0.043074,-0.149571,-0.055544,0.387934,-0.102624,-0.145560,0.293842,0.209546,0.139130,0.117304,0.216661,0.095265
-0.029482,0.028498,-0.084786,-0.034493,0.018571,-0.046724,-0.027108,-0.036257,0.069321,0.068872,0.115274,0.064337,-0.072887,0.051992,0.071765,-0.113059
0.096809,0.066077,0.113340,0.060364,0.155212,0.173171,0.128155,0.151022,0.004757,-0.070146,0.017601,-0.083663,0.100089,-0.157981,0.066574,0.093318
-0.086145,0.096389,0.241674,0.475405,-0.193916,0.059830,-0.065511,-0.202526,0.106974,0.851059,0.181423,-0.118017,0.401419,0.137364,-0.073025,0.178077
1.489428,0.794458,0.612684,1.484144,-0.327678,-0.185723,-0.062011,0.265944,0.594036,3.943479,1.711199,1.864256,4.739322,-0.213277,-0.193533,2.525276
0.434252,-0.217353,-0.118314,0.180552,0.140656,-0.727852,-0.174748,0.104776,0.062034,0.206853,0.172607,-0.003969,0.838180,0.214686,-0.173674,0.076458
4.622194,-0.855542,0.546823,0.824804,0.693844,-0.592881,-0.022972,0.806240,-0.206006,-0.004916,0.415687,-1.277461,0.220563,-0.745199,0.334227,0.103266
1.561998,-0.361461,0.273106,0.835609,0.892278,-0.107617,0.367419,0.722511,1.029650,0.653972,2.431181,-1.768464,-0.400303,-0.044086,0.667518,0.544724
-0.581135,0.547610,0.618428,0.960212,0.375094,0.182923,0.968231,0.661270,0.088251,0.141762,0.076922,-0.157985,0.049636,-0.190546,0.485708,0.615919
-0.421679,1.608984,-0.443620,1.285211,1.121348,-0.153892,1.691369,0.588968,0.451875,-0.013438,0.023047,-1.944351,0.851561,0.849849,0.932179,0.679678
0.031722,0.041757,-0.148054,0.049465,0.068311,0.035700,-0.007263,0.065376,-0.060971,-0.002150,0.074894,0.162690,-0.026673,0.147889,-0.152195,-0.096883
0.537619,0.202344,0.855277,0.201853,0.376242,1.766768,0.506047,-0.038241,-0.741590,0.389216,1.287524,0.637219,0.058527,1.246773,0.065199,1.075114
0.696639,0.042297,2.727698,0.004799,-0.277566,3.121317,-0.088074,-0.012853,-1.249186,-0.340685,1.324018,0.129927,0.714015,2.103380,1.884047,1.165064
0.839858,0.622561,3.976400,0.159616,-0.477899,5.318214,0.834351,0.596483,-1.218297,0.837426,2.068794,0.497955,2.311503,2.862718,3.343863,2.421961
0.044350,0.065172,0.041478,0.122892,0.020653,0.079606,0.134803,-0.005800,0.037887,-0.013743,-0.100951,-0.111951,0.049577,-0.159863,0.069302,-0.021659
0.164906,-0.256817,-0.070875,0.159759,0.186238,0.018873,0.175520,0.102907,-0.102143,-0.115820,0.235525,0.689726,0.176397,0.137611,0.313861,0.080160
0.587725,-0.521298,0.276378,2.964029,1.205426,-0.282019,1.442763,0.445719,-0.261027,0.026923,3.462621,5.687680,0.565539,1.156195,2.044027,2.200445
-0.165774,-0.789068,0.313093,2.015001,3.661069,0.950446,-0.385764,2.367008,-0.196023,-0.165277,3.275975,0.135613,0.872822,1.044978,-0.404871,-1.356230
0.464544,3.469293,1.260469,3.855086,3.104280,0.343585,0.387100,1.215466,0.294390,-0.286343,2.002979,2.316081,2.420189,0.185836,-0.759150,-0.699849
-0.187379,4.442624,-0.384845,1.804534,0.239494,0.722622,-0.650866,2.331396,0.199753,-0.016065,2.430589,1.121091,2.146926,-0.027595,-0.724215,0.495365
-0.320485,2.469359,-0.340345,0.543615,0.369615,-0.197936,-0.457992,1.075415,-0.135837,0.164441,0.839093,0.841428,0.565811,0.073623,-0.088640,0.274033
-0.105085,0.896483,-0.021069,0.383374,0.371664,-0.095942,0.051689,0.134960,-0.380884,-0.040131,0.275492,0.117252,0.064132,-0.086559,-0.002436,0.112712
0.022968,-0.015717,0.043116,0.007739,-0.128790,-0.079025,-0.043262,0.038509,-0.010083,-0.022870,-0.043834,-0.086422,-0.041514,-0.033727,-0.043615,-0.046440
0.337039,0.227013,0.570483,0.508745,-0.038981,-0.060752,0.342883,0.205468,0.273821,0.336920,-0.026904,0.421044,0.831411,-0.196495,-0.168492,0.109797
0.057099,-0.226380,-0.280492,-0.120399,-0.024648,-0.232865,-0.189043,0.035136,0.123313,-0.261097,0.609436,0.168484,0.575571,0.597951,-0.372627,0.053340
0.672953,0.238517,0.276820,2.615979,0.144072,-0.624589,-0.698928,0.579153,0.023408,3.288427,0.344088,-1.418916,3.958644,0.027198,-0.170242,2.487501
6.208150,0.030810,0.923351,2.543156,-0.004025,-2.108189,1.401498,1.964800,-0.166762,4.096098,1.472492,-1.996226,1.976208,0.758659,-0.717622,0.860827
1.584155,0.357008,0.217868,1.807408,0.740748,1.816436,0.837097,1.434876,-0.364138,1.447484,1.560492,-0.033418,0.185494,0.902567,0.967735,0.270925
0.355043,0.507800,0.276211,2.301407,0.725553,1.783867,1.167160,1.294140,-1.473029,1.099785,0.662227,-0.180604,-0.049504,1.526399,1.758581,0.200821
-0.102475,2.895410,1.356804,3.887305,1.585210,3.009623,5.470254,1.769876,-1.577016,0.428009,0.655857,-1.401785,0.444782,1.728470,2.843309,1.038473
0.686484,-0.049122,2.266678,0.629902,1.155213,3.290406,0.926582,-0.272181,-1.619185,0.118436,1.608797,0.334567,0.250932,2.168794,0.785708,1.151515
0.537326,0.380361,1.619457,0.376262,1.204492,2.738505,0.978775,0.075164,-1.080194,0.650329,1.778922,1.842396,0.442321,2.692568,0.845408,1.917326
0.127345,-0.008722,0.396083,-0.131494,0.058075,0.006541,-0.028750,0.235051,0.209878,-0.061697,-0.013239,0.532258,0.043738,0.067682,0.315907,-0.161409
0.371798,-0.138692,1.234212,-0.480165,0.085017,0.574157,0.212226,0.341277,0.045270,0.072020,0.283195,0.955932,1.084178,0.054744,0.556382,0.792968
0.097862,-0.143387,0.058728,-0.088036,-0.253193,0.274891,0.434018,0.039116,0.106555,-0.027846,0.016410,0.115463,0.456700,-0.310488,0.123208,0.093896
-0.042935,0.020225,0.049953,0.069371,0.017191,0.001432,0.065339,-0.031413,0.024398,0.047291,-0.055999,-0.013657,-0.089757,0.084975,-0.079257,0.023417
0.088941,-0.234302,1.596080,2.444421,1.148121,-0.266376,1.047785,0.061303,-0.870806,-0.618140,1.089527,3.367769,1.333818,-0.581308,1.770916,1.893150
0.888724,0.056228,-0.141271,1.091674,0.932046,1.330585,0.246901,2.866096,-0.488614,-0.633009,1.684253,2.943659,1.286193,0.144948,0.275044,-0.443910
2.246021,2.013897,2.955608,3.220200,3.187168,2.774620,0.344702,1.701594,2.640275,-1.166404,1.541156,0.723039,1.479637,-0.507938,-4.271787,-1.514086
0.110420,0.376173,0.425896,0.316024,0.214742,0.150419,0.035021,0.043836,0.468038,-0.034762,0.259458,0.437403,0.106380,0.136220,-0.280665,-0.305887
0.053286,1.231200,-0.161901,0.238372,0.429103,-0.103343,-0.264370,0.682410,-0.190168,0.243015,0.519412,0.747298,0.164915,-0.241489,0.374658,0.200443
-0.197820,0.988665,0.014975,0.339640,0.529659,0.163648,-0.054559,0.444655,-0.438224,0.357348,0.121747,0.870129,0.260258,-0.294134,0.187315,-0.391899
-0.118098,0.484646,0.010284,0.072856,0.125844,-0.038995,-0.228187,0.205701,-0.460740,0.062896,-0.074925,0.758694,0.182067,-0.334805,-0.238131,-0.346759
0.209244,0.032390,0.183836,0.216499,0.133941,0.057686,0.026235,0.371654,0.522823,0.305678,0.073699,0.322033,0.567798,0.055449,-0.118497,-0.157528
0.976708,0.290016,-1.033887,0.693808,-0.273915,1.058550,0.058521,0.735295,1.259998,-0.432253,1.155835,0.481535,1.229575,2.636850,-1.122811,-0.259637
1.766104,2.007747,-0.854651,3.024081,-0.834429,1.728631,0.622138,0.561530,5.170711,-1.073430,0.894868,1.392472,0.704369,1.388958,-1.723228,-1.144794
1.739773,5.585578,1.046732,0.913890,0.333374,3.145388,0.160999,0.274801,2.789704,0.828606,1.507246,0.098439,1.430551,-0.441399,-2.555403,0.591949
2.548391,0.648856,2.882589,0.704215,-0.606353,-0.210992,3.730687,1.993458,1.622300,0.725628,2.664131,-0.686935,0.443282,2.886642,-0.291706,-0.472647
0.321840,0.992001,1.126823,0.553135,-1.183750,0.239826,3.345042,1.651303,0.726603,0.777200,1.509204,0.594631,0.546599,1.152763,0.740284,-1.518895
0.088788,0.718019,0.739461,0.144193,-1.072318,0.600453,4.058054,0.593773,1.383261,0.701421,0.774042,0.583309,0.652104,0.650950,-0.221190,-1.926383
-0.541069,2.406261,0.788628,-0.340616,0.150430,0.595572,6.996797,0.416593,1.087037,0.156381,1.481647,0.111391,1.828318,0.005920,0.139023,-0.723410
-0.122253,0.711307,0.762190,-1.119822,-0.028976,-0.075082,4.840234,1.185033,0.859029,0.127872,1.168682,1.703629,1.661588,0.935984,-0.553035,-1.171693
0.464613,0.754473,1.043304,-1.446740,0.399113,0.168876,4.530878,1.395694,0.664677,0.560192,1.183744,3.191185,1.423352,0.551462,-0.227438,-0.542711
0.470319,0.846099,0.810411,-0.888270,0.146360,0.601181,4.417773,2.152217,0.923618,0.071118,0.920320,1.204164,1.969145,-0.078293,-0.511970,0.598384
0.286003,0.442434,0.682272,-0.489550,0.529916,0.266636,2.031819,1.496786,0.890443,0.323005,0.452526,1.567673,0.619588,-0.500480,0.058124,0.511022
0.146790,0.082802,0.433295,-0.142662,-0.154725,-0.105502,0.161317,-0.164805,0.129495,0.217642,0.180568,0.719106,0.319717,-0.168062,0.507392,0.489244
1.624348,-0.658087,2.828231,0.956699,0.225580,-0.559320,1.913195,0.594680,0.356304,0.576006,-0.578818,0.435009,1.750735,-0.647174,1.213777,1.829706
0.273410,0.402316,1.685647,-1.199955,2.790485,1.035786,0.759819,2.044380,-0.911667,-0.860619,0.225966,2.178877,1.291066,-0.058730,2.013303,0.103693
1.779155,1.106278,5.376434,4.427036,2.401281,5.661794,0.214242,3.036236,2.430992,0.332725,0.394955,1.206789,0.746091,-1.121629,-1.425222,-0.747009
0.395195,0.037543,0.191788,0.120009,0.559205,0.074135,0.048825,-0.376168,0.253589,0.133755,0.574353,0.348846,-0.006882,0.113803,0.134375,0.094541
0.040250,0.944820,0.258847,0.951499,0.620524,0.020048,0.124526,1.257235,-0.141328,0.467032,0.626831,0.554727,-0.167846,0.523160,1.209141,0.601315
-0.319847,0.292970,-0.759343,-0.032656,1.531696,0.012104,-0.051595,0.933930,0.936328,0.772185,0.408704,0.098065,-0.418954,1.332594,-0.245347,0.897173
-0.067067,0.379593,-0.185837,-0.061910,1.269407,-0.129371,0.013167,0.463515,0.850609,0.830566,0.589693,0.123733,-0.464591,1.224130,-0.250898,1.130515
0.703708,0.187655,0.387866,2.536526,-0.014330,0.088095,0.393452,-0.173139,2.445430,-0.774481,0.782601,1.023141,1.048558,0.624226,-0.817402,0.176996
0.591720,0.072345,-0.104739,1.254576,-0.291305,-0.009745,0.090655,-0.577415,1.514862,-1.273154,0.707896,0.525252,0.624248,1.520333,-0.873720,-0.258278
0.164695,0.113930,-0.005982,-0.064859,0.158673,0.044928,-0.013863,-0.228285,0.083128,0.108813,0.116018,-0.074626,0.000006,-0.185542,0.119753,0.150853
0.294131,0.456469,0.106121,0.010348,0.212576,-0.033666,-0.131523,-0.113705,0.622539,0.273703,0.298794,-0.186000,0.323352,0.279087,-0.217850,0.548630
3.123238,0.372880,2.046982,-0.036715,0.327198,0.659283,0.618773,0.556839,2.546536,0.288712,1.750942,-1.043688,-0.522895,2.103633,-0.292652,0.433034
0.021201,-0.080668,0.139197,0.015281,-0.012867,0.088612,0.087260,-0.069463,0.190715,0.059222,-0.166582,-0.142796,0.023365,0.102773,0.030041,0.032861
0.019196,-0.194027,0.807947,0.524094,0.331849,0.960428,1.059182,0.158829,1.273742,-0.480365,-0.384290,-0.647488,-0.119632,-0.337468,0.308470,0.195171
-0.556086,1.254000,0.495819,-0.717675,-0.248040,0.408476,1.491975,-0.770988,1.378047,0.590608,1.139729,0.066526,0.672559,0.122246,0.290637,-0.297456
0.109541,-0.012000,-0.005752,-0.097391,-0.105021,0.027978,-0.021689,0.154854,0.356687,0.120313,0.048583,0.169911,-0.003589,0.187070,0.364878,-0.027094
0.119987,0.144293,0.035117,0.016657,0.089070,-0.107333,0.336561,0.216916,0.377624,-0.070745,0.231537,0.354858,0.067273,0.124753,0.217969,0.044206
0.167869,0.068339,0.005337,-0.061946,-0.040973,-0.209273,0.472561,0.336894,0.407013,-0.022203,0.142374,0.386897,-0.004621,0.100872,0.110609,-0.136302
0.873555,0.425000,0.434420,-0.248160,0.813361,0.837477,2.801728,1.955290,0.628539,0.830427,0.489758,2.656968,0.780315,-0.367566,0.851341,0.714188
1.000871,0.566947,1.020508,0.077100,2.204511,-0.025483,4.131455,2.686426,0.826050,1.449549,0.582079,2.215908,0.909494,-0.287268,0.429566,1.644763
0.648134,0.144712,0.596785,-0.924076,2.000018,-0.058983,1.728140,1.965688,1.300099,0.496681,0.764054,1.925458,0.911811,0.111039,0.080860,0.785710
1.469263,1.416785,2.380379,0.601608,1.567725,-1.118549,2.300212,2.917710,0.134863,-1.004071,-0.104115,3.059717,2.337679,0.590683,2.790345,2.185264
1.779825,3.305408,2.287013,3.163768,0.923947,3.219838,3.552394,5.979989,1.167592,-0.362258,-1.132282,0.248162,2.242219,6.867200,2.785066,1.209220
0.301277,0.514746,0.364975,1.624167,0.661596,0.361634,0.490846,1.929894,-0.443444,-0.017136,0.557930,0.005783,-0.044552,0.583312,0.661896,1.117129
0.367272,0.416472,0.090711,1.097084,1.824066,0.345272,0.194270,1.229805,-0.311878,0.560544,0.607088,1.672029,-0.004797,-0.081879,0.972266,0.407098
-0.022374,0.053535,0.001358,0.056912,0.133250,-0.007871,-0.054518,0.018529,-0.009586,-0.035932,-0.087108,0.009943,0.130695,-0.077138,0.148419,-0.073976
-0.074631,0.062778,-0.024102,0.105360,0.102630,0.018379,0.037832,0.099448,-0.038897,0.030594,-0.012860,-0.098748,-0.040905,-0.089770,-0.054100,-0.029751
0.383323,-0.108653,0.508051,0.789459,0.202994,-0.142600,0.276677,0.045538,0.698083,0.086780,-0.163947,0.806895,0.640513,-0.439520,-0.385353,0.084579
-0.023838,-0.008697,-0.056001,0.035274,0.076205,0.025356,0.005980,0.033814,-0.130785,-0.026817,-0.064632,0.013096,-0.022007,0.030312,0.008482,0.135824
0.274124,0.072621,-0.101543,0.030374,0.276110,0.130053,0.092061,-0.103073,0.080711,0.398393,0.206795,0.126981,0.003132,-0.093716,0.302946,-0.214699
-0.225996,-0.345099,-0.336967,-1.182043,-0.135336,-0.014317,-0.352346,0.056760,0.394115,-0.272971,2.164420,0.325139,0.269990,0.393041,0.557499,-0.400929
3.247498,1.352863,2.345974,-0.376113,0.585688,0.449934,0.257916,0.061900,1.106948,0.610979,2.331244,0.130308,-0.103716,1.746968,-0.739948,0.295696
-0.054964,-0.149258,0.811361,-0.396638,0.236271,0.154137,0.263086,-0.695005,0.178494,-0.133849,-0.301750,0.412600,0.286982,0.309889,0.085813,0.188139
0.078234,-0.275998,2.001610,0.252913,0.671865,2.497817,1.630499,0.112299,2.584261,-0.266122,-0.744207,-0.648684,-0.057016,-0.806796,0.086919,-0.019391
-0.529514,1.254380,0.111640,-0.688319,-0.234675,0.557135,1.453373,-1.120452,0.615134,0.258172,1.559081,0.035737,0.281927,-0.211797,0.166543,-0.147710
0.080976,0.436036,-0.216389,0.143557,-0.163136,0.439204,0.361047,-0.013484,0.185192,0.316007,0.572408,0.225805,0.002679,-0.099282,0.369966,0.087043
0.165963,0.318857,-0.330265,0.159137,-0.164850,0.397951,0.142883,-0.004059,0.246190,0.477576,0.277295,0.452740,0.291365,-0.008887,0.509490,-0.021730
0.913012,0.174459,-0.220396,0.208703,0.497187,0.703298,0.432483,1.965875,1.166028,0.702723,0.809284,0.735212,0.735381,0.173798,1.628408,-0.182500
0.353210,0.002396,-0.093450,-0.120967,0.372401,0.581710,0.019717,1.022648,0.500151,0.502485,0.352588,0.263421,0.287107,-0.234415,1.084090,0.178511
0.580986,-0.342216,0.299757,0.514158,0.888658,-0.941668,-0.026519,1.855189,0.667203,1.457169,-0.028208,0.392779,0.584875,-0.629078,0.735358,0.688987
-0.485302,1.265801,1.605294,0.288369,0.110255,-1.844933,-1.209193,1.700204,1.169265,-0.557155,1.587439,1.133300,0.240440,0.941190,2.065834,1.035875
-0.121633,2.545518,3.606423,1.533725,-0.224437,-1.601420,-0.097208,2.046533,1.538870,-1.831636,0.896080,0.428298,-0.321205,0.951104,2.945987,2.667905
2.300533,2.748367,0.651915,0.449321,-0.226975,1.516564,0.776806,2.661636,0.409275,0.828312,-3.477163,0.972011,0.936303,2.090349,2.043387,1.908828
2.220893,1.538542,0.350912,1.516223,-0.729207,0.569013,0.300755,1.024075,-0.667318,0.572737,-1.768242,1.012249,0.550806,0.168576,2.791723,0.607233
0.965377,0.493281,-0.093048,0.394993,0.184005,-0.051681,0.226694,0.351392,-0.442522,0.189841,-0.326481,0.475406,-0.110724,0.952135,1.560449,0.237189
1.095674,0.791834,0.119448,1.340289,1.310788,-0.691677,0.428596,0.494279,-0.422145,0.345464,-0.017918,1.335837,0.142070,0.531790,1.745074,0.311625
0.179561,0.019209,-0.022137,0.073559,0.162142,-0.110836,-0.002776,0.028417,0.051285,-0.026263,0.175754,0.172318,0.025503,0.310214,0.188551,0.095594
0.422116,-0.019094,1.160278,0.553120,0.328134,0.149820,0.023267,0.056443,0.243735,0.257213,0.102625,0.407399,0.794008,-0.439254,-0.012634,0.442984
-0.019318,0.022170,-0.032684,-0.069321,-0.019607,0.020437,0.052384,-0.035832,0.086222,0.156627,0.005445,0.213320,-0.024773,0.119055,0.102571,-0.022490
-0.022206,0.206974,0.190162,-0.179975,0.716231,0.286755,0.024987,-0.677001,0.235090,0.504972,0.003416,-0.198674,0.367008,-0.200609,0.215456,0.047905
-0.002810,-0.297194,-0.204981,-0.632445,-0.303142,0.121994,-0.113741,0.133216,0.263292,-0.178845,1.441484,0.562530,0.413801,0.076377,0.782530,-0.385199
2.661390,1.481323,1.669274,-0.112360,0.136431,0.165610,0.523455,0.072375,0.614148,0.835471,1.492572,-0.449215,-0.186045,2.479948,-0.144393,0.670691
0.368354,0.880411,-0.268054,0.271099,-0.183677,0.486583,0.386588,-0.065718,-0.109400,0.154064,0.706269,0.192467,-0.060543,-0.106933,-0.135173,0.511656
0.227930,0.474991,0.054621,0.252080,0.011928,0.807058,0.354522,-0.045677,-0.075227,0.127491,0.337861,0.455922,0.017035,-0.477567,0.104565,0.263903
-0.295619,0.824661,0.103663,-0.444114,0.516724,0.399978,0.981889,-0.529067,0.585137,0.562863,1.072255,0.378686,0.259827,-0.138951,0.220200,-0.434092
0.061598,0.316642,0.576490,-0.386522,0.460219,0.339549,0.750610,-0.401379,0.431689,0.484168,0.506537,0.623578,0.240161,-0.260076,-0.108657,0.096436
0.199715,0.151183,0.716565,-0.356030,0.503425,0.202856,0.385953,0.150496,0.700891,0.335951,0.166005,0.756898,0.445671,-0.289369,0.034662,0.028614
0.324752,-0.003892,0.346875,-0.651043,0.560557,0.324070,0.171963,0.784793,1.003041,0.240214,0.204401,0.647378,0.329368,-0.104582,0.138532,-0.117548
0.992565,0.510353,1.272182,0.249020,0.415238,-0.071184,0.845039,2.628139,1.952391,-0.267887,0.135698,0.503425,0.147967,-0.071864,0.337539,0.980152
0.908476,1.986545,2.735262,0.819789,2.452685,-0.515052,0.489124,2.518560,2.163934,-0.092712,0.081100,0.552344,-0.821106,-1.325302,1.150506,4.177530
-0.003132,1.758983,4.480118,1.084240,0.118961,-1.077860,-1.035547,1.966991,2.198336,-0.523242,2.136644,3.933471,0.024812,1.503531,1.482164,2.259358
0.009559,0.008135,2.576880,0.333455,0.078041,-0.104175,0.043437,0.423057,0.416514,1.015387,0.136436,1.451389,0.036253,0.928285,-0.887912,0.607491
0.412383,0.693660,2.796476,0.389076,0.384196,0.865157,-0.207974,2.406763,1.318534,1.743328,-0.368765,0.399998,0.050701,2.088538,-0.502409,2.959845
0.686535,0.958310,0.663828,0.664584,0.159423,1.874313,-0.023454,1.520680,-0.064345,1.257944,-1.126319,0.392527,2.717621,1.609331,2.299608,1.148450
-0.089722,0.069030,-0.059190,-0.000861,0.029370,0.034345,0.012428,0.016726,0.082353,0.002728,0.061558,-0.094341,-0.032792,-0.069733,0.051012,0.181748
0.470623,0.106478,1.549523,0.261336,0.479742,0.426004,0.319402,-0.221223,0.994542,0.644496,-0.205851,-0.037589,-0.164281,-0.011108,0.037727,0.309825
1.026097,0.119978,0.025008,0.607948,0.227138,-0.036543,0.064033,0.528752,-0.381164,-0.087469,-0.167435,0.299535,-0.102208,0.545221,-0.018209,0.312528
0.063019,0.097353,1.392220,0.359549,-0.260166,0.401920,0.157551,0.089906,0.224998,0.751529,0.431191,0.051129,0.143265,-0.219038,0.714153,0.164415
-0.020206,0.287892,1.091216,0.210203,-0.114743,0.162090,-0.187745,-0.259852,0.077407,0.570177,0.323302,0.267221,0.654291,-0.113045,0.118966,0.179909
-0.478101,0.325953,0.529328,0.235112,0.792496,0.213960,-0.161743,-0.294660,0.552871,0.561671,-0.214076,-0.700887,1.015508,-0.012060,0.324926,0.349347
-0.686704,0.590295,0.899493,0.400647,1.032686,0.564103,-0.098432,-0.109684,0.369553,0.817030,-0.192947,-0.017732,1.613488,-0.192890,0.627047,0.219609
0.808689,0.937890,1.226464,-0.072604,0.478333,0.169496,0.036946,-0.298001,0.441009,1.133190,0.714379,-0.357319,0.499982,0.795434,0.442915,0.846660
2.088879,2.346290,1.477596,-0.521680,0.137913,0.104052,0.462173,-0.679440,0.890113,1.060466,1.876574,-0.166812,-0.672468,1.503623,0.311139,1.505242
0.596983,0.240906,0.225439,-0.244407,0.068767,-0.021783,0.092998,0.396772,0.599950,0.314614,0.115261,0.089276,-0.024513,-0.147411,0.234635,1.092859
0.320556,0.081277,0.336850,-0.333221,0.627708,-0.076888,0.115103,0.021911,0.328117,0.278622,-0.057148,0.560589,0.341617,0.011220,0.013341,0.190763
-0.052637,0.187299,0.477183,-0.636842,0.711219,-0.223299,0.318164,-0.247372,0.361865,0.285272,0.329384,0.498852,0.137331,0.060722,0.175860,0.049459
-0.127846,0.031502,0.022264,-0.214198,0.052053,0.197493,0.245904,-0.300805,0.083419,0.116372,0.207245,0.043118,-0.049638,-0.162523,0.058412,-0.013853
0.974846,0.655582,0.293418,-0.143207,0.376789,-0.069967,-0.625057,1.603305,1.088284,-0.376138,-0.204551,0.162118,1.230477,0.112901,0.277932,0.321977
0.168686,0.300192,0.172958,-0.266022,0.617560,-0.057423,-0.157020,0.522070,0.677879,-0.317366,0.337744,0.044280,0.024041,0.190592,0.782440,0.646412
0.556342,-0.043306,0.718601,0.248315,2.403617,-0.073619,0.257906,0.560503,0.182846,-0.057289,-0.329877,0.309137,-0.564238,-0.495317,0.792400,1.092851
0.134143,0.454926,0.517202,0.268978,-0.166839,-0.235260,0.033501,0.432452,0.598503,-0.087799,0.534442,1.283109,0.198769,0.813808,0.223693,-0.259096
0.014556,0.083146,0.202322,0.073455,-0.002337,0.050899,-0.028230,0.388565,-0.138501,0.247204,-0.043240,0.012582,0.435934,0.365955,-0.152423,0.050299
-0.194766,0.353818,2.208536,0.542118,1.061833,-0.093240,0.270121,0.353393,-0.051029,0.745117,-0.872037,0.412867,0.298365,1.291750,-0.375654,0.822086
0.193668,0.562724,3.141767,0.617566,1.539053,1.438523,0.514482,1.174135,0.454008,2.496248,-1.464409,1.206411,0.931484,2.740238,0.044877,2.048552
0.086696,0.020356,1.364448,-0.002329,0.208996,0.482526,0.123170,-0.501385,0.708411,0.418223,-0.034434,-0.001378,-0.236488,-0.612323,-0.097437,0.024618
0.126092,0.008109,0.608796,0.182641,0.041447,0.199846,0.109833,-0.178524,0.320893,0.076320,-0.005817,-0.094665,0.168832,-0.005172,-0.015403,0.019056
0.368242,-0.173222,0.325692,0.362719,0.181757,-0.048253,0.133340,0.032616,-0.072554,-0.125701,0.057284,-0.107592,0.108654,0.171846,0.074877,0.286010
0.082153,-0.068435,0.084622,-0.035624,0.021945,0.068167,0.059563,0.014964,0.061683,0.057847,0.028761,0.079140,-0.168340,-0.038795,-0.043037,-0.136884
0.281980,0.292993,1.338549,0.439187,-0.772165,0.070006,0.259587,0.263564,-0.322282,0.844923,0.398535,0.272746,0.260195,-0.218452,1.137117,0.390432
0.042153,0.008567,0.278347,0.053920,0.090105,0.215010,-0.017114,-0.125137,0.006050,0.202665,0.121242,-0.017598,-0.034544,0.159759,0.198437,-0.011678
-0.195071,0.325288,0.713009,0.104772,-0.033099,0.518105,-0.164506,-0.859040,-0.368516,0.920571,0.605460,0.283567,-0.453939,-0.176777,0.787337,0.271938
0.196270,0.335967,0.512140,0.030694,-0.018351,0.538877,-0.164045,-0.485866,0.123560,1.381849,0.464946,0.322084,-0.288125,-0.369299,1.284830,0.241115
3.202191,2.066889,0.591578,-0.677507,0.292048,-0.262125,0.809114,1.719116,2.087002,1.262587,1.061666,-0.362052,-1.123725,1.760305,1.677557,3.733090
1.263142,0.823824,-0.070245,-0.646295,0.551878,-0.207005,0.070356,1.861660,1.201995,0.488601,0.260705,0.184454,-0.031556,0.341842,0.363430,2.834335
0.533319,0.164681,0.409454,-0.283975,0.616794,0.056959,0.352950,1.363756,0.335159,0.547119,-0.132045,0.006990,0.214291,0.518472,0.148898,0.553302
0.122932,0.101904,0.031114,-0.129579,0.157865,-0.020028,-0.083715,0.333809,0.162274,0.147485,0.089687,-0.008016,0.224823,0.058256,-0.020740,0.091389
1.464163,0.644139,-0.087071,-0.353298,0.195159,-0.330147,-0.285646,1.910854,1.315712,-0.773102,-0.182651,0.231247,1.051564,0.015500,0.291645,0.744376
-0.036061,0.111254,0.197943,-0.019409,0.440429,-0.148116,-0.125495,0.179600,0.224905,-0.088367,0.272695,0.085410,-0.187636,0.219226,0.492950,0.379339
0.231367,0.208974,0.374796,0.248806,1.730845,-0.307271,0.194965,-0.020811,0.063962,-0.054250,-0.115405,0.164004,-0.021600,0.291366,1.009872,0.861842
0.102236,0.402430,0.150112,0.283749,-0.221209,-0.089749,0.051784,0.474916,0.443396,0.118959,0.170869,0.685970,-0.009305,0.319857,0.246434,-0.270961
0.169118,0.130943,0.141661,0.217628,-0.180417,0.067791,-0.001494,-0.038422,0.223896,0.450372,0.031957,0.482095,0.402515,0.133209,0.245400,-0.163960
-0.113555,-1.705667,1.278658,-0.121439,1.013711,-0.422950,-0.328259,0.811171,0.437945,-0.504797,0.965834,-0.206406,2.066054,-0.517503,2.112509,0.307507
-0.193183,-0.089649,0.134365,0.284457,0.576266,0.631136,-0.048951,0.165042,-0.153298,0.073945,0.450010,-0.109567,0.389066,0.000197,0.002827,0.372190
-0.143558,0.311552,1.672555,-0.155618,1.800529,0.642735,0.184643,0.029099,-0.724423,1.519133,-0.757810,1.062843,1.019054,2.113921,-0.386384,2.320820
0.546092,-0.172254,1.439517,-0.142523,0.907158,0.998532,0.057273,0.173361,-0.078299,0.643596,-0.927013,1.109022,1.576364,1.264336,-0.233302,1.245486
0.191941,-0.084522,0.243446,0.235964,0.027137,0.388969,0.061160,0.193213,0.282740,-0.176859,0.011883,0.049215,0.198170,-0.101506,-0.013065,0.083871
0.082391,-0.024293,-0.134004,-0.059022,-0.175833,0.054832,0.109109,0.034191,0.037945,-0.048690,0.055788,-0.014156,-0.033192,-0.053173,-0.011580,0.109454
0.050823,0.083938,0.195902,0.119862,-0.046111,0.092071,-0.010537,-0.089019,0.075662,0.194745,0.249269,0.106300,0.103370,0.003042,0.108893,0.094030
0.198067,0.384159,0.520771,0.433231,-0.269785,-0.049734,-0.000843,0.558872,0.034951,0.441471,0.189407,-0.093544,-0.100712,0.207061,0.609568,0.357116
0.458027,0.498573,1.282125,0.477684,-0.278314,0.213927,-0.096017,1.079941,-0.027882,1.169855,0.314793,0.111660,0.012532,0.743806,0.847060,0.673150
0.554439,0.394189,-0.123385,-0.026147,0.064881,-0.219444,-0.060919,0.668727,-0.003437,0.294658,-0.074355,-0.154490,-0.058405,0.530117,0.259865,0.893419
1.020380,0.198682,-0.011928,-0.226702,0.002785,-0.247916,0.012343,0.477378,0.499163,0.185242,0.004118,-0.608268,-0.188855,1.951383,0.012653,2.037819
2.123877,0.568242,0.500380,-0.979495,-0.308613,0.115588,0.863324,-0.136942,1.679577,0.675209,0.134185,-0.999556,-1.249021,2.250821,0.852695,1.276587
0.046003,-0.089381,0.029258,0.100265,0.069994,-0.060629,0.036666,0.091971,-0.053922,-0.054124,-0.008821,-0.176461,0.009239,0.036279,0.040135,0.155747
0.197978,-0.035826,0.140450,-0.040870,0.308785,0.283726,0.161491,0.919619,0.201987,0.505406,-0.223256,0.049903,0.299966,-0.059840,0.034121,0.387087
1.335118,0.253971,0.020086,-0.621665,0.991358,-0.118872,-0.421983,2.077691,1.301524,0.804488,-0.204604,0.264010,2.079375,0.544528,0.498281,-0.043218
0.489561,-0.367239,0.436846,-0.809714,0.621619,0.505286,-0.328914,1.853356,1.388597,1.284678,-0.150210,0.211357,1.332972,0.329792,0.481751,-0.343356
0.013907,0.054364,0.017526,0.106323,0.267676,0.060396,0.010311,0.046463,0.228378,0.023934,0.318180,-0.099509,-0.214612,-0.015969,0.415146,0.289929
0.538405,0.002716,0.281583,0.294790,0.306098,0.495719,0.379044,0.558322,0.209576,0.351752,-0.128041,0.582539,0.283557,-0.049919,0.425243,-0.074863
1.685202,0.207079,-0.168076,1.422676,-0.008508,0.091317,-0.140955,0.229364,-0.241725,0.683595,-0.920715,2.104581,0.434210,2.349725,1.016167,-0.663197
0.160216,0.109029,0.145779,0.431956,-0.173445,0.302314,0.037884,0.482336,0.250498,0.512963,0.212070,0.378339,0.537388,-0.044141,0.276526,0.092209
0.031503,-0.278047,0.669564,0.306344,0.410673,1.129123,-0.133108,0.139482,-0.217769,0.465981,0.145371,0.124942,0.376858,-0.155834,-0.004770,0.362793
0.152314,-0.862506,0.993041,0.001192,0.925230,1.160651,-0.173780,0.016945,0.125876,-0.539639,0.046467,0.234462,1.195803,-0.915635,0.042786,0.669699
0.947969,-1.460421,1.550210,-0.282942,2.477128,1.951119,0.068938,-0.227199,-0.090477,0.121906,-0.845274,1.285773,2.125438,1.151218,-0.072706,1.815028
-0.412997,0.317973,1.470259,0.180273,0.528509,1.868865,0.115850,0.519460,0.167705,2.045007,-0.351654,0.803331,1.230489,2.027477,0.189018,0.429345
-0.645537,0.467413,0.973493,0.313613,0.136281,0.655954,-0.126525,0.554326,-0.289739,0.700819,-0.013774,0.261802,0.362048,1.192461,-0.616088,-0.545613
-0.018833,-0.009008,0.027982,0.137560,0.023999,-0.048439,0.097258,0.101634,0.096675,0.127623,0.084404,0.142660,0.068817,0.107533,0.046273,-0.046354
0.225727,0.139263,0.128511,-0.081364,0.055035,0.034932,0.119015,0.054749,0.144887,0.179434,0.148100,0.220324,0.181647,0.007009,0.041172,-0.006160
0.010858,-0.019483,-0.031136,0.021832,0.043488,-0.097317,-0.038964,-0.027348,-0.142186,0.028596,-0.054061,0.077343,-0.044629,0.026932,-0.073806,-0.013620
0.024282,0.251688,1.279569,0.402653,-0.363844,0.223118,0.044868,0.491191,-0.233640,0.705556,0.491020,-0.111441,-0.028003,0.107008,1.019962,0.299705
-0.000413,-0.062487,0.167253,0.074012,-0.182392,0.065365,-0.025240,0.075708,0.119131,0.081506,-0.041561,0.005985,0.092684,-0.073478,0.263217,-0.040137
0.208298,0.290271,-0.496061,-0.670455,-1.348784,0.595523,0.387471,-0.272767,1.524406,1.508327,-0.172336,-0.522198,-0.392956,1.616445,0.698513,0.658370
1.648926,0.463327,0.521479,-1.022675,-0.912088,0.594533,0.908602,0.112935,2.718711,0.485986,0.809792,-1.183333,-0.964850,3.253939,0.507568,1.568583
0.197702,-0.237291,0.347832,0.110985,0.167048,0.161647,0.204550,0.063397,0.015998,0.114540,-0.058063,0.138330,-0.009400,0.144666,-0.025265,0.459088
0.265152,-0.112058,0.417838,-0.086111,0.291274,0.267417,-0.728865,1.410660,3.197668,-0.186906,0.229536,0.015021,0.953747,-0.114561,1.142925,-0.156376
0.294990,-0.175575,0.142107,-0.032670,0.229053,0.252293,-0.347679,0.727282,1.020032,0.110953,-0.020741,0.158946,0.936541,-0.044868,0.554139,-0.229231
-0.017041,0.051008,-0.019491,-0.080573,0.074872,-0.033902,0.015200,-0.004053,-0.101309,0.009912,0.021267,-0.017124,-0.053449,0.027652,0.013219,0.128014
1.059790,0.046628,0.825976,-0.564213,0.663422,1.598385,0.120436,3.321896,2.257024,2.501417,-0.466802,0.984678,1.617060,0.324475,0.970746,-0.895361
0.199287,0.201474,0.229192,0.001351,-0.094506,0.438969,0.031494,0.424822,0.472004,0.336358,-0.058796,0.328818,0.147683,0.241555,0.229859,-0.340616
0.077747,0.299708,0.217081,0.536071,0.058635,-0.096764,-0.002980,0.639907,0.295594,0.283481,0.024386,0.290260,0.054868,0.624520,0.264628,0.138430
-0.157245,0.107080,0.152220,0.485496,0.379670,0.727565,-0.488372,0.645429,0.106578,0.527732,0.373635,0.239782,0.470421,-0.051433,-0.058410,0.452203
-0.049765,0.027573,0.034086,0.012459,-0.012619,0.035165,0.039096,0.030800,0.092068,0.125975,-0.080252,0.010596,-0.046949,0.016590,0.179070,-0.085946
0.116963,-0.416090,0.323352,-0.053396,0.158027,0.285504,0.183593,-0.037922,0.053856,-0.086005,-0.357284,0.085061,0.168860,0.177834,-0.020119,0.369224
0.529310,-0.329826,0.808728,-0.035683,0.978081,0.534709,0.096997,-0.209110,-0.316721,-0.169374,-0.566965,0.559665,0.705832,1.323024,-0.539394,0.717290
-0.263739,0.371128,0.592229,0.245756,0.021839,0.599055,0.147141,0.284834,-0.081646,0.504584,-0.050545,0.165802,0.165378,0.594688,-0.276994,-0.356723
-0.191322,0.184726,0.533639,-0.145937,0.275290,0.763755,-0.091434,0.195723,0.241203,1.348208,-0.210113,0.568047,0.909749,1.562203,0.060643,0.087521
0.126577,0.080213,0.189526,-0.121185,0.015972,-0.075688,0.047022,0.001807,-0.014369,0.094640,0.034910,0.043400,0.091417,0.694934,-0.195065,-0.018215
0.046476,-0.002617,0.120394,0.060244,0.031641,0.086047,0.021999,0.003019,0.090999,-0.046759,-0.023226,0.043315,-0.054300,-0.067602,0.129251,-0.044247
-0.001655,-0.024425,0.037202,0.053171,0.084573,-0.073204,-0.021792,0.120986,0.014150,0.053217,0.024330,0.155233,0.063087,0.036697,0.178825,-0.044509
0.312690,0.191175,0.828857,0.180827,0.267132,0.074663,0.176403,0.338336,-0.527480,-0.062231,-0.398681,0.556034,0.111120,-0.098201,-0.039878,0.952176
0.321773,0.312349,1.219869,0.257010,-0.160486,-0.071475,0.149786,0.695417,-0.465108,0.430722,0.064562,0.402584,-0.160891,-0.374074,0.587848,1.285307
1.092112,-0.207335,0.391114,1.297732,-1.112299,0.196174,0.237668,0.188714,0.727405,1.615077,1.053601,0.270894,-0.958519,-0.844609,1.783522,0.322699
3.024557,0.393174,1.480912,-2.029927,0.156671,0.201367,-0.333069,-0.489902,1.512212,-1.476371,0.617136,-0.141040,-0.444426,-0.960429,1.069186,0.153750
0.670821,-0.005057,0.837486,-0.238805,-0.095842,0.767033,-0.309338,1.312695,3.641259,0.281685,0.574893,1.097872,1.415953,-0.317701,1.639509,-0.004846
0.006618,0.026428,0.024546,0.364412,-0.044834,-0.045555,-0.249087,1.064564,1.465369,-0.238314,0.049831,0.040021,0.542688,0.012829,0.351745,0.109482
-0.276227,-0.050531,0.181217,0.499409,-0.301284,-0.362205,-0.266250,0.281911,1.605230,-0.089454,0.394376,-0.017569,0.057650,0.100562,0.421425,0.158811
0.090980,0.278688,0.278700,0.183417,0.024310,0.590233,0.209749,0.743513,0.031535,0.600274,-0.169717,0.434097,0.039023,-0.015007,0.362793,-0.494906
0.227295,0.221367,0.239256,0.186427,0.001887,0.488849,0.132600,0.761696,0.040885,0.467596,-0.043664,0.338235,0.065087,0.289673,0.282917,-0.380545
-0.068220,-0.318039,0.576076,-1.357046,0.677036,0.710372,-0.697175,1.711830,1.217474,3.565783,0.364144,1.019321,0.809595,1.389090,0.729378,-1.577736
-0.011179,0.078096,0.053212,-0.307095,0.407471,0.343119,-0.039709,0.916296,0.576571,0.751351,0.092652,0.220005,0.280388,-0.047368,0.365232,-0.513244
0.073122,0.192489,0.015682,0.375510,0.405443,0.062960,-0.223039,0.934068,-0.025430,0.228039,0.443105,0.193715,0.591484,0.217574,0.225888,0.830262
0.060487,0.082035,0.112381,0.055818,0.188207,0.040928,-0.018556,-0.032373,0.098012,-0.009057,0.077680,0.082255,0.088087,0.165182,0.016633,0.085037
0.182156,-0.139500,0.142144,0.022327,0.138882,-0.015031,-0.035364,-0.169223,-0.052955,-0.045329,-0.125373,-0.061645,0.095272,0.047486,-0.003290,0.090503
0.620910,-0.291833,0.758000,-0.207302,1.115658,0.310401,0.198489,-0.312226,-0.310301,-0.159644,-0.261825,0.246690,0.625122,1.059079,-0.320716,0.657592
0.139581,0.116002,0.093955,0.059807,-0.021914,0.074294,0.044666,0.221394,0.109473,-0.006307,0.045459,-0.047250,-0.036922,0.290731,-0.180466,0.112371
-0.204318,0.249138,0.426240,0.043230,0.056123,0.335832,-0.105743,0.209023,0.003805,0.885210,-0.027768,0.251134,0.442739,1.189779,0.073320,0.160727
-0.161953,0.130899,0.059741,0.034675,0.023357,-0.008010,0.023151,0.013727,0.067193,0.148993,-0.007691,0.068590,0.063581,0.145011,0.083347,-0.028004
0.100102,0.043423,0.299247,0.051730,0.105503,0.085716,0.136711,0.275913,-0.116127,0.062655,-0.227259,0.270422,0.045111,-0.050714,-0.003926,0.287600
0.448205,0.325693,1.032749,-0.020862,0.302767,0.102349,0.288148,0.522784,-0.472259,-0.013114,-0.368378,1.223430,0.047438,0.060667,0.193241,1.526395
0.152580,0.023746,0.153347,-0.188695,0.182819,-0.051902,0.049453,0.024252,-0.369646,-0.070043,-0.278181,0.333356,-0.068721,0.049520,-0.069207,0.378254
0.194042,0.213568,0.546382,-0.143516,0.014086,-0.009598,0.039991,-0.123789,-0.115987,0.238447,0.000425,0.425486,0.165528,0.485358,-0.081895,0.245679
0.576238,-0.170875,0.570657,-0.043210,-0.189039,0.319952,0.206625,-0.318945,-0.143426,0.516673,-0.138098,0.602469,0.051129,0.006516,0.320768,0.049427
1.295727,-0.128149,1.431315,-0.026775,0.112050,0.790701,0.592506,-0.474693,0.383074,1.118947,-0.134147,0.844749,-0.089743,-0.187085,0.558823,0.076918
0.136668,0.053166,0.157653,0.211773,-0.145389,0.036362,0.206288,0.246622,0.064847,-0.101779,-0.048834,0.020318,0.012240,-0.043537,-0.014961,0.222439
0.027021,-0.050312,0.160801,0.129290,0.108119,0.136836,0.038104,0.154599,0.092992,0.006299,-0.039413,0.081108,-0.054251,0.007085,0.082184,0.107440
0.017113,0.245048,0.309392,0.163193,-0.084141,0.120061,0.100978,0.353706,-0.045801,0.108873,-0.036555,0.107454,-0.086723,0.116153,0.086132,-0.109327
0.148953,0.390638,0.134350,0.135608,-0.107619,0.688531,0.262417,0.995759,0.151040,0.941402,-0.107576,0.533987,-0.045877,0.154870,0.382242,-0.647343
0.012695,0.051306,-0.023653,0.083052,0.062023,-0.028081,0.034517,0.061204,-0.142310,-0.041747,-0.102975,-0.044089,-0.014769,-0.041308,-0.120656,-0.041252
-0.241457,-0.106350,0.337842,-0.395726,-0.304871,0.241034,-0.571228,-0.270557,0.636851,1.314964,0.606748,0.301257,0.082788,1.165442,0.029766,-0.626914
-0.074456,0.010820,-0.088647,-0.008315,0.031355,0.090938,0.022143,-0.102362,0.094299,0.084437,0.025105,-0.036081,-0.003531,-0.031644,0.036031,-0.028608
0.061482,0.227082,0.083732,0.369086,0.049118,-0.166647,0.026352,0.556567,0.106382,0.016901,-0.054836,0.241974,0.157703,0.378684,0.213210,0.124611
0.070042,0.018248,0.050223,-0.048293,-0.018950,-0.096179,-0.094401,0.014050,0.025893,-0.077540,0.046444,-0.090105,-0.012574,-0.067533,-0.033412,0.114719
-0.056021,-0.041718,0.128617,0.020185,0.114171,-0.026385,0.102101,-0.036676,0.141093,0.064492,0.134035,0.019957,0.097811,0.299759,-0.157715,0.047265
0.302715,-0.087714,0.494941,-0.198419,0.523130,0.108742,0.194973,-0.039526,-0.147156,0.006231,-0.135106,0.097925,0.233052,1.300594,-0.341950,0.366671
0.251878,-0.051309,0.071691,-0.034830,0.084954,-0.003778,0.058278,0.122448,0.009178,0.058759,-0.064939,0.006789,0.029281,0.237628,-0.040200,0.150181
0.068251,0.109458,0.082092,0.049205,-0.002097,0.032976,0.026187,0.077694,0.029878,0.066841,0.044452,0.095810,0.082590,-0.095848,0.000670,0.052047
-0.337725,0.043581,0.190867,-0.152110,0.117805,0.186254,-0.159721,0.438636,0.305932,0.603247,0.146431,0.174616,0.619461,0.658848,0.242901,0.101409
-0.005054,-0.003169,0.109876,-0.179437,0.041792,-0.061103,0.037743,-0.170864,-0.268349,0.021144,-0.209008,0.126170,-0.044918,0.281129,0.046072,0.226699
0.019372,0.117704,0.174905,0.064916,0.116731,-0.003700,0.146094,-0.007735,0.014081,0.143306,-0.011340,0.173423,-0.050305,0.093750,0.139557,0.263117
0.000257,-0.104328,-0.115307,-0.011208,-0.031606,-0.132648,-0.031377,0.103829,-0.053158,-0.001717,-0.076821,-0.094754,0.049078,0.040065,-0.028693,0.009618
0.181654,0.037356,0.306182,-0.005456,-0.051625,0.155747,0.043622,0.004639,0.082726,0.242819,-0.097088,0.251021,0.041136,0.081937,0.184160,0.236356
0.891748,0.010130,1.221823,-0.080467,-0.173404,0.576868,0.237137,-0.439774,0.103663,0.974732,-0.033382,0.704071,0.178533,0.414297,0.482571,0.310269
0.011328,0.064172,-0.156477,-0.000355,-0.021844,-0.029852,-0.027464,0.054059,-0.054091,-0.095799,-0.003339,-0.082697,-0.099542,0.073857,0.021096,0.004128
-0.004804,0.085325,0.060043,0.028935,-0.046434,-0.035086,0.027068,-0.031210,0.059047,0.017536,0.011822,0.046394,0.051848,0.003441,-0.017625,0.059028
0.189593,0.047934,0.211364,0.269890,0.111567,0.146361,0.147384,0.120368,0.029045,0.061604,-0.056169,0.107179,0.091346,0.271012,-0.097669,0.340595
0.079488,0.067662,0.179383,0.040157,0.093332,0.028528,0.098480,0.088745,0.190214,0.028663,-0.043465,0.413862,-0.194606,0.111790,0.210082,-0.178889
-0.157118,0.064304,-0.052559,0.007020,-0.028013,-0.011466,-0.021171,0.013850,0.068777,0.098415,-0.074675,-0.046281,0.006520,0.154290,0.156635,-0.101936
0.035675,0.026869,0.169156,0.076154,-0.091930,-0.003219,0.015750,-0.065118,0.071633,0.272629,-0.051056,0.244827,0.010494,0.309442,-0.008733,-0.207654
0.048315,0.042996,-0.056287,-0.064185,-0.038027,0.100729,0.038033,0.021822,-0.027792,-0.032580,-0.065246,-0.069049,0.013139,-0.143892,-0.051557,-0.016697
0.027921,-0.066904,-0.038516,-0.029968,-0.116494,-0.067141,0.027796,0.071873,-0.009640,0.102967,-0.011696,0.078053,0.137968,-0.033848,0.031439,-0.074303
0.093473,0.109378,0.043622,0.152812,0.193572,-0.265118,-0.125476,0.293828,0.090497,-0.067984,-0.070369,-0.042587,-0.034170,0.258237,0.097330,-0.005426
0.259665,0.070026,0.117025,0.140962,0.076926,0.075509,-0.061502,0.057056,-0.025953,-0.076002,-0.016906,-0.075205,0.033528,0.096235,0.012691,0.071361
-0.051206,-0.035849,0.059341,0.018326,0.061076,-0.091150,-0.067121,0.003375,0.084314,0.050805,0.062674,-0.008472,-0.015193,0.096096,0.048074,-0.017554
0.085981,0.037271,0.139631,0.101352,-0.019524,0.141465,0.055249,0.215274,0.084534,-0.054508,-0.156291,-0.083764,0.015407,-0.012942,0.177409,0.038888
0.015308,0.034669,0.032648,-0.024659,0.087553,0.012952,-0.022409,0.044979,0.003039,0.136739,-0.074205,0.052613,0.040800,0.081707,0.060858,0.124832
-0.043447,-0.009680,0.071008,0.117472,-0.013538,0.017990,0.071574,0.002358,0.073296,0.045320,-0.005931,0.040342,-0.024450,-0.150604,0.112468,-0.174431
-0.280297,-0.080693,0.170673,-0.110379,0.113852,0.145275,0.031817,0.162048,0.105699,0.337990,0.198987,0.050744,0.201755,0.507680,0.333148,-0.021009
0.062860,0.003161,-0.074567,0.039138,0.031676,0.075825,-0.029806,0.122753,-0.020724,-0.032053,-0.000156,0.033283,0.051419,-0.137785,0.010429,-0.014884
-0.104615,-0.000447,-0.025863,0.071008,-0.010367,-0.086497,-0.042632,-0.131245,-0.052343,0.025584,0.010379,0.102039,-0.051445,-0.011437,0.074930,0.046432
-0.056258,0.073974,0.052380,-0.005937,0.020206,-0.093913,-0.042095,0.006918,0.043485,0.005144,0.008991,-0.049901,0.049802,0.153012,-0.058195,0.077305
0.210474,0.031258,0.043785,-0.087796,0.065761,0.002870,-0.060636,-0.251435,-0.163103,0.080422,0.028775,0.110965,0.088806,0.107929,0.058293,0.262757
0.198295,-0.082377,0.489582,-0.121913,0.043439,0.017674,0.100108,-0.203679,-0.007838,0.188660,-0.000195,0.106803,-0.120728,0.017233,-0.012018,0.157564
-0.003229,0.039010,0.058661,0.005060,-0.054864,0.010505,0.076453,0.074714,-0.046889,0.067694,-0.050784,0.163750,-0.021980,0.069593,0.081337,-0.038556
0.148205,0.089183,0.197372,0.061197,0.043188,0.073617,0.151666,0.136096,-0.019329,0.006193,0.024719,0.106743,0.058985,0.173044,-0.034940,-0.153561
0.047462,0.038307,0.195209,0.144084,0.085861,0.002130,0.095354,-0.044603,0.036419,0.107786,-0.017918,0.247228,-0.007859,-0.048412,0.045124,0.009028
0.139742,-0.000037,-0.061034,0.001606,-0.055295,-0.042538,-0.112617,0.117176,0.058633,-0.049917,0.011069,0.002241,-0.084661,0.098153,-0.143969,-0.237929
0.032791,-0.018822,0.146529,-0.052923,-0.003255,0.149003,-0.078417,-0.096192,0.103701,0.041290,-0.014984,-0.075152,-0.064907,0.022856,-0.099742,0.103715
0.010251,0.059276,-0.074361,0.052801,-0.146114,-0.017857,0.080598,0.045315,-0.015794,-0.012117,0.024194,-0.032958,-0.099910,0.006240,0.065368,0.023429
0.021043,0.053525,0.040067,-0.090366,0.070507,0.154919,0.049401,0.021387,-0.055807,0.053094,-0.049450,0.061612,-0.050036,-0.043976,0.019602,0.090512
0.093178,-0.007727,0.049241,0.065313,0.078039,0.062930,0.095612,0.074333,0.050083,0.001319,0.002711,-0.029819,-0.009424,0.128858,-0.101894,-0.076638
0.057039,0.048822,0.009436,0.084571,0.006132,-0.059106,0.048303,-0.134893,-0.015010,-0.003185,-0.150860,0.058632,-0.081898,-0.041036,0.018324,-0.009510
0.050308,-0.083046,0.049484,0.158788,0.046818,0.022493,0.018633,0.076454,0.012584,0.111081,0.042703,0.074319,0.022946,0.024352,0.075275,-0.006424
0.026458,0.033760,0.089363,0.150286,0.067066,0.110736,0.087720,0.014260,-0.005135,-0.027370,-0.086095,-0.112879,-0.007989,0.032733,0.008300,0.159385
-0.078452,0.076921,0.056206,0.018281,-0.050971,0.035085,-0.024936,0.002241,-0.052750,0.056114,-0.138096,-0.113978,0.020944,-0.096470,-0.147430,-0.122820
-0.024037,0.108742,0.003813,-0.002446,-0.255397,-0.070163,-0.026099,0.025627,0.108644,0.090168,0.001324,-0.007017,-0.010782,0.082075,-0.013281,0.033933
0.045593,-0.122873,-0.012380,-0.076978,0.083595,0.023213,-0.037608,-0.013161,0.138081,0.089441,-0.086629,-0.110870,-0.050180,0.081053,-0.008705,-0.104248
0.049757,0.221686,0.045193,-0.101849,-0.076126,0.150649,-0.136410,0.236865,0.218391,0.144305,0.235822,0.035367,0.173373,0.298395,0.051538,0.255870
