-0.022195,0.087500,0.096101,0.112080,0.019661,0.014291,0.037237,0.067989,-0.015724,0.092051,0.009906,0.020713,0.009560,0.010132,0.031292,-0.049227
-0.038189,0.121412,-0.202871,0.044523,-0.028342,-0.087399,0.185901,-0.022127,0.110091,0.547168,-0.033298,0.039654,-0.013140,67.989233,-0.834035,-16.691525
-0.037485,0.001513,-0.025358,-0.027522,-0.040893,-0.002371,-0.024336,-0.145191,-0.025951,0.028102,0.626196,0.130664,-0.049488,10.996562,0.114569,0.037441
-0.026650,0.047160,0.088153,-0.031438,-0.079309,-0.032431,-0.009510,-0.035355,-0.003104,0.088879,0.087450,0.210590,0.001494,0.006419,0.009383,-0.068011
-0.005363,0.021830,-0.095038,0.163304,0.018047,0.041693,-0.011275,0.028086,-0.005675,0.233365,1.069988,-0.044097,0.011022,-0.011288,-0.087463,-0.000380
-0.082424,0.156949,0.018967,-0.046286,0.033168,0.065958,-0.068823,-0.153532,0.012363,0.080821,-0.005959,-0.025501,-0.159967,-0.028647,0.112247,0.082623
-0.067263,-0.067481,0.067734,0.036869,0.033948,0.013690,-0.026065,0.002451,0.045419,0.012128,0.011137,0.018373,0.058994,0.016597,-0.030732,-0.077891
0.028785,0.014530,0.072569,0.196977,-0.011873,-0.134909,-0.046891,-0.012585,-0.033485,0.012786,-0.019317,0.051863,-0.087129,-0.015598,0.014269,-0.131862
-0.010519,0.104832,-0.001657,0.003187,0.031763,0.066702,-0.058751,0.049919,0.002658,0.020021,0.044553,-0.030313,-0.056997,0.014740,-0.115022,-0.020733
0.047447,-0.030007,0.019897,0.066776,0.003443,-0.029609,0.039274,0.012212,0.072757,0.070596,-0.073613,0.057258,-0.027811,-0.031627,-0.006393,-0.090426
-0.021361,0.080993,0.067454,0.016336,0.084075,0.055502,-0.030212,-0.031083,-0.043338,0.015011,-0.028877,0.175348,-0.053067,-0.022097,0.025736,0.014582
-0.289272,0.012674,-0.021287,-0.158340,0.252227,-0.016810,0.072816,0.035620,0.003033,0.068251,-0.157307,4.485810,-0.076745,0.054944,0.107973,0.034308
0.010006,0.370086,0.021330,-0.028054,-0.055070,-0.130233,0.051204,-0.048768,0.030845,0.021314,-0.043117,0.117755,0.015384,-0.004439,0.248725,-0.028864
0.040533,0.036478,0.130492,0.012477,-0.011188,0.027232,0.041641,0.024062,-0.021077,-0.004536,-0.025392,-0.010574,0.048217,-0.017194,-0.133393,0.093861
0.026014,0.021162,-0.049936,-0.011522,0.034516,0.114367,-0.025759,0.108214,0.026954,-0.045384,0.072166,0.015656,0.017719,-0.005922,0.077546,-0.024629
0.107961,-0.001043,-0.048159,0.002388,0.043030,0.137986,-0.001793,-0.139393,0.016162,0.006569,0.036040,0.009652,-0.001348,-0.042719,0.046140,0.024568
0.016688,-0.067593,-0.010151,-0.037390,0.012395,0.029557,0.001706,0.087179,-0.014507,0.096392,0.000665,0.045818,0.041986,-0.013504,0.012896,0.002080
-0.008650,1.129199,-0.029168,-0.013266,-0.034601,-0.005149,0.002322,-0.185719,-0.079859,0.023152,-0.077724,0.010142,-0.019337,0.040340,0.085809,-0.054832
0.024273,-0.030989,0.067860,-0.097867,0.015594,0.028493,0.028020,-0.033937,0.044682,0.016649,-0.073509,-0.046690,-0.000518,-0.022270,0.013697,-0.011068
-0.016448,-0.003748,0.101292,0.185932,0.033270,-0.002375,0.024727,-0.022513,0.025432,0.004174,0.014710,-0.060536,-0.017714,0.000594,0.077833,0.076470
0.047916,-0.054549,0.045995,-0.051748,-0.162045,-0.159779,0.028187,-0.011198,-0.013352,0.013256,-0.021445,0.044004,0.070311,-0.058903,0.088560,0.041273
0.013269,-0.010174,0.203496,-1.313221,-0.026431,0.090885,-0.018627,-0.048583,-0.181886,15.738838,-0.077747,-0.304642,0.409720,0.004793,-0.445987,0.033384
0.054637,-0.251718,-0.070012,0.077050,-0.010548,0.229450,0.112671,0.170387,-0.020110,0.316130,5.545427,-0.143798,-0.001838,2.713875,-0.044367,3.982550
0.056687,0.109403,0.118280,0.815301,-0.089577,0.143391,0.023478,0.145423,0.072585,0.402453,1.931257,4.114172,0.580244,-0.037770,-0.038447,-0.058630
0.037863,0.355668,0.048227,4.196149,-0.049473,0.017449,-0.052242,0.179554,-0.386032,0.512017,0.121475,0.528918,-0.392611,0.007256,0.041729,0.030309
0.003655,-0.568899,0.094261,8.960825,-0.011317,0.027671,0.019375,0.521664,-0.295410,-0.235920,-0.005567,-0.107661,-0.021105,-0.020896,-0.065418,-0.051238
0.196044,0.074869,-0.030631,1.136087,-0.036782,0.005496,-0.002051,0.255383,7.783145,-0.022303,-0.008648,-0.063799,-0.032486,-0.006533,-0.184976,-0.022995
-0.023567,-0.017461,-0.060778,12.133247,-0.050496,0.085705,0.041152,0.036740,0.318937,-0.071658,0.041551,-0.054896,0.023779,-0.039785,-0.034891,0.049098
0.068067,-0.027129,0.001199,0.291365,0.030851,-0.028005,0.004124,-0.088575,0.094374,-0.114082,0.049561,0.125908,-0.091165,0.012743,-0.022496,0.128954
0.005507,0.006592,-0.021572,-0.088115,3.476841,-0.067811,-0.033911,0.026870,0.004499,0.038724,0.136462,0.097778,-0.000934,-0.054106,0.095426,0.027780
0.009316,0.058059,0.029902,0.046430,5.017149,-0.001480,-0.006884,0.036257,0.028413,-0.037850,0.023122,0.442271,-0.200693,0.042699,-0.083643,-0.046949
0.039219,0.198948,0.096896,0.001075,0.575944,-0.004913,-0.023264,0.013839,-0.049249,-0.006137,-0.127783,0.391172,-0.047657,-0.060416,0.044342,-0.036523
-0.129035,2.624855,0.003550,0.022446,0.008664,-0.099956,-0.004217,-0.008067,-0.039509,-0.065000,0.001627,0.035510,0.003411,0.002268,0.024705,-0.000732
-0.045797,8.934276,-0.017047,0.008542,0.035226,-0.164959,0.022247,0.041650,-0.005940,-0.046383,0.164533,-0.000889,0.088984,-0.034373,-0.011558,-0.207063
0.029488,0.080623,-0.000523,-0.062027,-0.017345,0.018206,0.046235,-0.034769,-0.101801,0.007433,0.065521,0.066971,-0.064454,-0.006165,-0.010904,0.008618
-0.029423,0.038128,-0.103941,-0.034605,-0.028662,-0.019582,0.029165,0.080890,0.088726,0.015976,-0.031005,0.037815,-0.027403,-0.006629,0.019425,-0.080113
-0.029111,3.060580,-0.101446,-0.009908,0.027377,0.001401,-0.055378,-0.072303,0.020550,0.010815,0.052454,-0.059682,0.017271,0.008564,0.913442,-0.025317
0.001001,0.920897,-0.107914,-0.032096,0.010335,0.054750,-0.081110,0.079424,0.026947,0.023896,0.012608,0.003453,-0.027579,0.022262,0.044392,0.006289
0.004351,0.167651,0.102089,0.041189,-0.219243,-0.001614,-0.027249,-0.033942,-0.101176,0.067336,0.034768,0.029738,-0.038711,0.138261,0.048680,-0.312457
-0.141596,-0.051926,-0.077825,-0.095497,-0.035252,-0.025629,-0.006031,0.039237,0.005345,-0.041118,-0.017088,-0.016165,-0.000906,0.033743,-0.046485,0.001815
0.170464,-0.003201,-0.019459,0.002051,0.013603,0.022076,0.023652,-0.031097,0.015065,0.012062,0.021027,0.024846,-0.015304,0.081929,-0.043859,0.030841
0.037645,0.322170,-0.055510,-0.187721,0.008141,-0.020303,0.034626,-0.048851,0.028650,0.707842,-0.048902,-0.018412,2.557727,-0.044216,0.071171,-0.006540
0.019151,0.055462,-0.082991,0.737342,0.082386,0.001620,-0.000559,-0.000848,-0.048116,0.112408,1.204271,0.066104,30.539466,0.004403,-0.175451,0.501473
0.046403,-0.019269,-0.025129,-0.201369,-0.002339,4.737877,-0.121284,-0.034182,-0.023723,0.695167,5.268835,0.109170,-0.024281,-0.070649,-0.167266,-0.020360
-0.008148,-0.026318,-0.019087,0.212681,0.023392,-0.003844,0.025239,0.078606,-0.067238,2.572565,0.856835,0.694424,16.351486,-0.066351,-0.082584,-0.027849
0.785973,0.828915,0.091743,-0.319006,-0.013511,0.141578,-0.194704,0.512667,-0.049656,1.077397,4.491508,10.013453,0.067097,0.063738,-0.046474,-0.165851
4.974321,-0.053119,-0.052063,0.151476,-0.033219,0.037013,0.081254,0.072279,-0.027956,0.049864,-0.068399,0.285821,0.020150,-0.040799,-0.014635,0.270390
5.080920,0.019886,-0.043436,1.152841,0.123370,-0.014718,0.117759,0.306968,0.118534,0.084463,-0.013608,-0.126343,0.007731,-0.006763,0.295855,0.125102
0.416785,0.019991,0.013432,0.363541,1.876619,-0.414854,0.072021,0.009702,9.482729,-0.087941,0.507552,-0.047576,0.052521,0.101916,1.633520,-0.019590
0.033955,30.462111,-0.034657,-0.271998,0.816847,0.112251,-0.058651,0.014211,-0.020280,0.048764,0.053773,-0.170926,0.000064,0.008619,1.504447,-0.035537
0.019681,0.093225,0.060215,-0.060265,0.358042,-0.043677,-0.057267,-0.083027,0.042047,0.144013,-0.033667,6.967379,0.046937,-0.022811,0.030897,-0.009725
0.032220,0.454719,-0.074394,-0.033423,0.013153,0.235193,-0.049371,0.157238,-0.049381,-0.089449,0.225132,0.544175,0.022863,0.003264,0.673601,0.064588
-0.033786,3.073016,0.041732,-0.043223,0.002096,-0.009696,-0.014619,-0.147048,0.017442,0.028505,0.028362,-0.058835,-0.041225,0.005166,0.614700,0.332767
0.040300,0.492799,0.014430,-0.023401,0.142870,-0.011193,0.024710,-0.107604,-0.040597,0.022025,0.061587,-0.030881,0.032869,-0.039242,1.293086,3.165462
0.099366,3.098969,-0.044502,-0.076717,-0.060894,-0.069317,-0.004795,0.031415,0.013542,-0.064702,-0.008034,0.001437,-0.006302,-0.050549,0.485935,-0.005341
0.227095,-0.184201,-0.206218,-0.025837,0.004195,-0.269119,0.018948,0.094098,-0.082773,-0.020369,0.011728,-0.185807,-0.007128,-0.013165,5.472187,0.035552
-0.063169,0.450456,-0.187110,-0.025592,-0.001104,-0.008343,-0.013655,0.011930,0.022291,-0.046663,0.003561,-0.036075,0.027601,0.001694,0.616877,0.047907
-0.037866,-0.003641,0.033542,-0.020193,0.027635,0.000457,-0.043266,0.001475,-0.011504,-0.003292,-0.003216,-0.000275,-0.005328,0.072244,0.033654,-0.092538
-0.041196,-0.017038,-0.004545,0.002731,0.043934,0.014511,-0.037357,0.021055,0.021564,-0.024915,0.081799,-0.008744,0.097239,-0.023179,-0.008716,0.068765
-0.164245,0.039491,0.041918,-0.045330,0.035222,-0.081614,-0.020006,0.020016,-0.041242,-0.060048,0.017275,0.073950,-0.063153,-0.015312,-0.057624,0.038213
0.029351,0.084433,-0.021314,-0.039751,0.003491,-0.105100,0.073696,-0.114938,-0.071580,0.970013,0.053959,-0.067169,-0.015246,0.008562,0.043160,-0.093709
-0.158930,0.062182,0.295752,-0.020070,0.025520,-0.077403,0.147738,0.014662,-0.462172,5.355775,-0.011629,0.210997,0.160874,0.127266,-0.007542,-0.020479
0.002690,-0.065501,-0.109435,0.034247,-0.002443,-0.022227,-0.039687,-0.037781,-0.086749,1.248682,-0.002682,-0.024031,11.090282,-0.014010,-0.021478,-0.077368
0.203887,0.071494,-0.060666,-0.455477,0.045016,0.136206,0.074712,0.069688,0.039598,4.244249,0.041454,0.011806,0.764585,-0.066785,0.065828,-0.149104
5.324511,0.029908,0.024689,-0.027948,0.045301,-0.003426,-0.007606,-0.072798,-0.020987,1.707616,0.014990,0.299496,0.044793,-0.117047,0.041419,0.050259
0.141416,0.136991,0.051504,-0.116725,-0.029718,-0.131971,-0.095104,-1.358270,0.014145,3.336375,-0.013840,0.112912,-0.109951,-0.014384,-0.051941,-0.196859
0.006078,-0.066687,-0.055054,0.050345,0.197660,-0.087579,0.082622,0.238639,-0.041791,0.694980,-0.022827,0.054733,0.006876,0.012415,0.018324,-0.099938
1.323932,0.029310,0.009112,0.049875,-0.087832,-0.088967,-0.029504,6.936374,0.177251,-0.007478,0.442189,0.107807,-0.050211,-0.026602,0.096426,-0.013214
0.057150,0.033160,0.096863,-0.037761,-0.019037,-0.062054,0.023022,0.016765,0.070796,0.060732,0.027432,0.036572,0.002616,-0.071059,0.155688,-0.004050
-0.005300,0.027222,-0.242314,-0.007107,-1.061783,0.021280,-0.002168,-0.127619,0.008440,0.008555,-0.051041,0.027283,-0.080171,-0.180054,1.591308,0.038625
0.027173,0.032953,-0.062065,0.012537,-0.103044,-0.121004,0.020663,-0.025940,0.017620,0.009634,-0.081164,-0.033361,0.025501,0.025457,3.479061,0.509921
-0.049313,-0.046228,-0.078139,0.249242,0.014441,0.310802,0.031410,0.119843,-0.023790,0.031538,0.769340,11.304593,-0.086520,0.017764,0.998213,-0.041649
0.012772,-0.001474,0.000107,-0.388824,0.032813,7.821653,-0.032202,-0.331005,0.024924,-0.033530,0.067166,0.726710,0.047571,-0.007831,0.809504,0.005074
-0.056053,0.124559,-0.089188,-0.018077,3.655054,0.107869,0.024406,-0.093427,-0.086342,-0.077499,-0.074482,0.074994,0.015277,0.029463,3.103548,29.394883
-0.041936,0.148341,-0.100292,0.000138,-0.071057,0.024283,-0.016701,0.114051,-0.027021,-0.011617,0.069293,0.083854,0.020428,25.351162,2.084996,-0.277661
0.108848,-0.134017,-0.113256,0.006013,-0.021472,-0.016459,-0.045393,-0.050739,0.116102,-0.067539,0.038654,0.075824,-0.012987,0.004311,5.039325,0.035892
0.111153,-0.000474,-0.165720,-0.058833,-0.056740,-0.033026,-0.030814,0.168822,0.000082,0.023235,0.030404,0.051505,-0.032499,0.019550,0.021747,-0.006651
-0.052405,0.179693,0.132374,-0.001365,0.082101,-0.010687,0.064633,0.463491,0.040757,0.075767,0.003986,-0.004802,0.035254,0.034800,0.071662,-0.009073
0.011914,-0.009946,-0.133054,-0.094523,0.004140,0.047709,0.068471,0.035260,0.041062,0.037700,0.072371,-0.037279,0.039701,0.092172,0.004700,-0.020589
0.022528,-0.064740,-0.020355,-0.062905,-0.023811,0.014613,0.011859,0.043621,-0.043959,-0.046034,-0.059984,-0.009463,-0.123458,-0.024774,-0.170997,-0.029038
-0.003765,0.016525,-0.051447,-0.055286,0.045339,0.013614,-0.016550,0.009320,-0.029750,0.050132,0.001655,0.011088,0.548602,-0.014571,-0.021091,0.034347
0.009185,-0.111381,-0.014437,-0.081703,-0.058823,-0.007226,0.015189,-0.112754,0.075785,0.391978,-0.002837,-0.027600,4.422753,0.019405,0.093894,-0.026431
-0.007042,-0.019587,0.023799,0.084453,0.013485,-0.015567,0.011069,0.069450,0.004258,-0.054084,-0.008155,-0.002193,0.073902,-0.056185,0.064111,0.126838
0.050600,0.084547,0.005120,0.051816,0.006477,0.025461,0.017370,0.012712,-0.005968,0.020356,-0.008557,-0.025339,-0.020129,0.015830,0.042527,-0.008961
1.486708,0.036842,-0.279575,-0.044494,33.214339,-0.026919,0.053144,0.394292,0.054858,-0.074308,-0.099752,0.402811,-0.021474,-0.006391,-0.538835,0.043342
-0.034925,0.024051,0.001853,-0.058528,0.015447,0.028702,-0.025754,-0.113291,-0.004684,-0.130089,0.056500,0.101466,0.005738,0.018127,0.017113,-0.018601
-0.087120,0.141965,-0.035978,0.021320,0.184846,-0.078434,0.306232,-0.221042,0.004424,2.330662,0.003887,0.013008,-0.729757,-0.000226,0.058295,-0.018085
-0.214834,0.223985,-0.019221,-0.163649,-0.005566,-0.040496,0.547819,5.926302,-0.222530,2.081943,-0.015245,-0.031997,-0.062588,-0.022669,-0.125371,0.062725
-0.149846,-0.004792,-0.009305,-0.000136,-0.005530,-0.037215,-0.002206,0.734460,-0.008559,1.728983,-0.010189,0.123029,-0.117627,-0.043824,0.083127,-0.003600
-0.096003,0.020163,-0.257708,0.025124,0.012553,-0.079124,-0.004498,-0.099501,-0.082148,-0.030530,0.031931,-0.016394,0.000640,0.090062,0.003479,2.345799
0.021409,0.066115,0.163343,0.104966,-0.074613,0.018571,0.052460,-0.271272,-0.003052,-0.324756,-0.050657,-0.017864,0.195002,-0.021506,1.237519,3.574034
0.244615,-0.351847,0.061942,0.082327,-0.059968,-0.090216,0.035684,0.005379,0.065129,-0.025090,0.106542,1.119697,0.010619,-0.021498,4.446203,0.046489
0.117298,0.016329,0.070413,-0.024912,-0.025929,-0.017613,0.104550,0.117355,0.037052,-0.007485,0.068489,3.831754,-0.075302,0.046820,0.025841,-0.011503
0.083408,0.070380,-0.017848,0.271231,0.002739,0.100920,0.104426,0.058260,-0.017949,-0.148232,34.742233,-0.429126,-0.065352,-0.026178,3.841615,0.009829
0.055539,1.678553,0.284628,-0.065742,-0.002569,0.066003,0.057541,0.019613,0.118288,-0.004840,0.264333,-0.023341,-0.161578,-0.012267,4.602857,-0.206495
-0.049158,0.025038,-0.052383,0.101598,-0.001240,-0.037360,-0.028398,-0.058573,0.150801,-0.022223,-0.015183,-0.029628,0.005687,-0.008572,0.406549,0.087227
0.037975,-0.070680,0.016742,0.002028,-0.275853,-0.050550,-0.095554,0.056249,0.012069,0.035637,0.016690,-0.081595,-0.013104,-0.040874,4.868657,-0.020993
-0.045018,0.030432,-0.004092,0.075796,-0.014870,0.012168,0.001716,0.099891,-0.017749,0.033564,0.002790,0.001656,0.022603,0.016249,-0.034687,0.009220
0.070757,-0.059707,0.009024,-0.008361,-0.005426,0.122082,-0.043456,-0.074491,-0.061097,0.037944,-0.034958,0.103887,0.015121,0.036324,-0.107433,-0.022763
0.030728,0.018804,-0.033694,-0.051755,0.051780,-0.092745,0.010239,0.044026,-0.086113,-0.088557,0.014517,-0.034663,0.000769,-0.036612,-0.007015,0.022493
-0.057229,-0.014084,-0.009397,-0.440985,0.010770,-0.093301,0.150017,-0.037301,0.044222,0.112749,0.006113,0.004818,0.416614,-0.037362,0.123223,-0.022381
0.125960,-0.120000,0.019596,0.085968,0.021484,0.033601,0.003183,0.094883,-0.074964,-0.206031,-0.049887,-0.000096,2.694296,0.008357,-0.060436,0.045910
0.107318,-0.163999,-0.282559,0.332836,0.054992,-0.031971,0.106253,-0.013973,-0.022766,-0.089644,-0.000822,-0.061447,19.090448,-0.008348,0.006457,0.079103
0.043659,-0.003424,-0.011984,-0.119836,0.018354,-0.068058,0.085043,-0.006759,0.138974,0.018886,-0.171194,0.058932,-0.043585,0.000694,-0.110782,0.057994
0.451713,-0.046333,0.024122,-0.148812,0.042195,-0.039372,-0.051201,0.017309,-0.072466,-0.023171,0.694700,5.528944,-0.005734,-0.064749,-0.019771,0.001344
-0.037343,0.051448,-0.121122,-0.060290,0.061752,-0.023597,0.349877,-0.000934,0.026960,0.011014,-0.118014,1.535241,-0.087144,0.015801,-0.063118,-0.013364
-0.028238,11.149628,-0.002591,0.057277,-0.027349,-0.234461,0.864694,1.262375,-0.189935,0.364068,0.053640,0.121897,-0.054148,-0.003746,-0.022052,0.004147
-0.005063,0.021616,-0.089778,-0.032800,0.068846,0.060946,0.547511,0.405071,-0.025929,0.147526,-0.003487,0.058898,0.006783,-0.009245,0.009763,-0.001097
0.250199,0.037577,-0.027233,-0.103208,-0.074540,0.260212,0.110297,0.130884,0.057602,1.336974,-0.013310,-0.004142,-0.023264,0.053699,0.311059,34.135283
0.080685,0.025380,-0.246693,0.032687,0.002992,-0.006371,-0.024626,0.303533,-0.062104,2.143887,-0.134880,-0.419584,-0.033557,-0.041347,0.094407,15.424216
-0.155962,0.148232,-0.046694,-0.007179,-0.016521,1.843400,0.026693,-0.409526,-0.078613,1.439898,0.290188,0.051215,0.058274,-0.043944,0.095840,3.974292
0.061779,-0.539426,-0.047120,-0.274928,0.070012,0.330158,0.081387,0.058605,-0.086004,1.562259,0.185277,0.085204,-0.082569,0.008369,8.347486,0.476102
-0.052072,0.030633,-0.041589,11.527332,0.013916,-0.051475,0.185735,-0.057429,-0.030629,0.706658,0.134691,0.049831,-0.122658,-0.029915,2.341286,-0.305817
0.011880,-0.076722,-0.040490,0.096546,-0.050133,-0.033879,0.008184,-0.029034,0.012762,0.143607,0.043935,-0.061060,0.003710,-0.628852,6.081821,0.025923
0.042127,0.710491,0.050798,-0.124910,1.510058,-0.087123,0.032011,0.120804,-0.026299,0.045709,0.309548,0.391093,0.019946,-0.055034,1.509337,0.020933
-0.009336,3.191154,-0.144417,0.221472,0.314393,1.477060,-0.038958,0.009642,0.002894,-0.006900,0.030771,0.005445,-0.002576,-0.126062,0.808540,0.052365
-0.009462,0.651145,0.057188,-0.005133,0.018890,0.015871,-0.008706,-0.014442,-0.064501,-0.014935,0.086138,0.025925,0.098941,-0.059824,0.018468,-0.043997
-0.017220,0.426785,0.046697,-0.008897,-0.007623,0.003990,0.057681,-0.043501,0.039257,0.042825,0.020262,0.215821,0.001917,0.085284,0.024228,-0.027151
0.002720,-0.048272,-0.019618,-0.003726,0.002822,-0.045082,0.006785,-0.001601,-0.016839,0.035782,-0.015773,0.056806,0.025187,0.005602,-0.096567,-0.060028
0.044421,-0.018655,-0.036431,-0.058828,0.033204,-0.008172,0.046904,0.506048,0.028383,0.017248,0.000436,0.039407,-0.034057,0.004094,-0.031456,-0.030631
-0.104099,0.024945,-0.064216,0.056462,-0.046011,-0.019060,0.006553,0.059786,-0.019538,0.012773,0.013231,-0.006086,0.751324,-0.002474,0.236638,-0.034288
0.035432,-0.033353,0.681331,-0.449052,0.007643,0.045086,0.257981,0.015740,-0.133189,0.158351,-0.021415,0.017803,1.819135,-0.003587,-0.085120,-0.040628
0.791814,0.184302,0.054300,0.038962,-0.002813,-0.003373,-0.017296,0.027690,0.010630,0.039391,-0.164348,0.024630,0.195122,0.004244,0.037625,0.142450
6.321333,0.024340,-0.190928,0.027039,0.079605,0.033312,0.003934,0.023409,-0.027524,-0.250855,0.007678,1.499084,0.019628,0.029092,-0.075737,-0.061280
0.672225,0.115223,0.064369,-0.093781,0.022831,-0.039396,0.176557,0.237538,-0.071193,0.593823,2.744977,1.860734,0.024965,0.021045,0.098633,-0.022055
0.037285,-0.059612,-0.004117,0.470807,0.032348,-0.127099,0.407676,0.325789,0.007415,0.069241,-25.664069,0.854464,-0.027026,-0.133356,-0.037593,0.087971
0.032930,0.091730,-0.005346,-0.030230,-0.411078,-0.019044,2.840176,0.285265,-0.005083,-0.074010,-0.034227,0.215141,0.013386,0.000176,-0.028118,-0.012439
-0.075730,0.044531,-0.025773,-0.061513,0.016707,-0.003888,0.147509,-0.033036,0.012929,0.005965,-0.006728,0.020268,-0.011115,0.003920,0.068355,0.015812
-0.012521,0.049948,-1.164644,0.067106,-0.002600,10.520162,0.366664,-0.002895,-0.026640,0.061290,-0.004587,-0.049004,0.055886,-0.059882,-0.008712,0.015012
-0.026870,0.047191,11.324135,0.023420,0.001443,1.742502,0.598438,0.098495,0.002764,0.074048,0.310205,0.093815,-0.016596,-0.124379,0.047256,13.990474
-0.042847,0.078539,0.073694,-0.139770,-0.230984,9.477549,0.391392,0.037798,0.054217,0.141437,0.008749,0.020494,0.020906,-0.015667,0.859057,0.330834
-0.065822,-0.012670,0.093368,-0.041874,0.008949,0.015172,0.016692,-0.002679,-0.004680,-0.030851,-0.014884,-0.038698,-0.016580,0.017368,0.024156,0.018166
-0.071944,0.120098,-0.043102,0.236925,0.003017,-0.007695,0.008036,-0.056641,0.025495,0.295031,-0.029358,0.265840,0.059105,0.004796,0.237969,-0.005972
0.072114,0.255125,0.019870,1.427171,-0.002437,-0.444908,0.113578,-0.088784,-0.079214,0.348482,78.501129,6.026205,0.022313,-0.035869,1.647637,-0.006279
-0.180196,-0.052466,0.340448,0.020236,0.934704,0.416246,0.056013,0.328205,0.112905,0.232251,9.294980,0.988142,0.102631,-0.093433,1.028305,0.004236
0.003188,0.625900,-0.141167,9.099930,0.000783,4.422047,0.090616,-0.003833,-0.054247,0.052367,0.024944,0.622092,-0.475329,-0.012171,0.554321,-0.021398
-0.013674,2.421725,0.111025,0.387519,0.071340,0.776456,-0.140978,-0.119935,-0.066745,-0.060351,0.038727,0.113245,0.017939,0.030596,-0.112689,-0.044924
-0.278754,1.534017,-0.002916,0.048013,-0.124254,-0.010115,0.072428,-0.059309,-0.003418,0.030147,-0.030610,-0.048641,0.009922,0.005876,-0.040482,-0.042855
-0.101908,2.867252,-0.039729,-0.012906,-0.036814,-0.196103,-0.010536,-0.057923,0.090565,-0.079321,-0.076581,0.031239,-0.012276,0.013695,-0.136508,-0.014788
-0.038917,0.055434,0.001224,-0.014233,-0.000550,-0.015034,-0.023722,-0.116719,0.066890,-0.001001,-0.011266,0.032807,0.004361,0.011211,-0.012592,0.040672
0.009676,0.055399,0.022619,0.137373,0.005394,0.124998,0.007240,0.055025,0.033187,0.087193,-0.004431,0.047639,0.141400,0.263206,-0.050505,-0.071525
0.057123,0.060296,0.046540,0.051822,0.009832,-0.012836,-0.042553,0.036299,0.195966,-0.022369,-0.015052,-0.024073,0.280034,0.318811,0.009561,-0.020840
0.110076,-0.013129,-0.181426,6.718521,0.015087,-0.047745,0.121005,-0.055144,0.389251,0.331845,-0.063505,0.040863,0.517809,-0.001478,-0.058290,-0.029615
1.260058,0.475445,0.085265,0.791716,-0.085714,-0.075981,0.408661,-1.407916,7.172714,8.729263,0.274149,0.217940,0.146555,-0.002564,0.008292,-0.166521
1.027939,-0.104514,-0.073699,-0.008796,0.027529,0.031906,0.191052,-0.008861,9.037536,-0.136301,0.011651,-0.058832,0.009802,0.155862,0.075437,-0.313929
0.065332,-0.054594,0.006807,-0.007741,-0.097162,0.245208,1.685330,-0.026972,10.867281,0.028686,-0.162815,0.402334,0.057203,-0.033906,0.051965,-0.005109
0.343904,-0.020192,1.232433,-0.050465,-0.002760,0.844103,2.369176,-0.140647,-0.002845,0.294228,1.547311,9.585529,0.083295,-0.007261,0.014095,0.018254
-0.124786,0.036687,0.112197,0.424585,0.653313,12.374066,0.191080,-0.263554,0.288966,-0.079165,0.009577,0.081049,0.018746,0.011074,-0.009357,0.010242
0.013441,-0.064120,-0.001277,0.013482,-0.005317,5.301172,3.200308,-0.185239,-0.061040,-0.002625,-0.016056,-0.087298,0.000182,0.062168,-0.028099,-0.077702
-0.100864,-0.061410,0.057448,-0.018808,-0.009356,0.076397,0.132857,-0.081295,-0.067743,-0.072092,-0.037395,-0.116335,-0.009730,0.107246,0.209008,0.038681
-0.051128,-0.086168,-0.074494,0.097863,-0.207100,0.221749,1.620151,0.098607,-0.014891,0.051424,-0.010175,0.013535,0.041952,0.021463,0.038338,-0.009168
0.000909,0.018072,-0.069905,-0.007702,-0.005200,-0.018340,-0.006581,0.097162,0.010995,0.037413,-0.039811,0.047481,-0.088145,-0.014447,0.004999,0.022378
-0.048088,0.049544,0.065611,-0.075093,-0.013898,-0.022275,-0.012210,-0.067728,-0.071824,-0.056382,-0.023134,-0.006318,-0.025112,-0.004561,-0.080209,-0.025641
0.084305,0.014286,1.167714,0.161349,0.202074,-0.036552,0.209303,0.041189,0.071274,0.041232,-0.027420,0.000534,0.015653,-0.007404,10.854237,0.021154
0.013678,-28.753461,0.012300,0.055291,1.139997,11.352958,-0.033526,-0.001616,0.059512,0.035348,0.129219,1.054108,-0.002437,-0.010721,1.239762,-0.003401
-0.014579,0.313274,-0.079577,0.284367,7.506068,1.257778,-0.090928,0.288214,-0.005309,0.131350,-0.005770,-0.010542,-0.000055,0.000030,0.017815,-0.017254
-0.024669,1.043971,-0.013815,0.071776,0.043694,0.091503,0.028345,0.386940,-0.238301,0.016373,-0.007365,-0.024274,-0.000156,0.179678,-0.083716,-0.021771
-0.056297,1.995744,0.172805,0.044623,0.146438,-0.001567,-0.114036,0.022791,-0.086316,0.042791,0.007483,0.018496,-0.006656,-0.071475,-0.021606,0.029985
0.051425,2.234418,0.015208,0.031234,0.004016,-0.018753,-0.168712,-0.048447,-0.009808,-0.041683,0.033091,-0.071670,-0.005057,-0.034801,-0.006988,0.023213
-0.006235,0.266404,0.008863,-0.003788,-0.008772,0.035902,0.050968,0.057427,0.039414,0.033716,-0.102820,-0.042495,0.118584,0.011705,-0.026135,0.005847
-0.021846,-0.045560,-0.000538,0.631900,0.048521,-0.019931,0.042332,-0.074165,-0.016815,0.034532,0.094943,-0.022614,0.066021,0.097706,-0.106845,-0.050803
0.009704,-0.048011,0.053242,1.236835,0.015234,-0.102713,0.010997,0.060124,0.615491,0.079311,0.013854,0.051694,0.016438,2.896558,-0.041296,0.005921
0.160616,0.943440,-0.042102,-0.009035,0.101313,-0.013032,0.544693,0.483031,9.783687,0.024509,-0.003016,0.016609,-0.069718,0.010650,-0.143323,-0.122364
1.103568,8.943123,0.022134,0.268484,0.025195,0.273974,0.532494,0.052401,0.944121,0.636119,0.007133,-0.007735,-0.059554,0.040938,0.064972,0.082498
4.763753,1.040690,0.087131,0.168400,-0.017841,0.689413,1.604676,0.134446,0.050523,0.117880,0.020575,-0.102547,-0.044857,0.042210,-0.020709,0.099743
0.394213,0.044684,0.095303,-0.011977,0.000376,0.012684,2.633401,0.248243,-0.115048,-0.122297,-0.010310,0.186969,-0.070108,-0.118449,0.186007,-0.013514
0.028100,0.011937,-0.219729,-0.116622,0.012234,0.021675,2.515367,0.400093,0.021408,-0.005254,0.022121,0.006766,-0.017288,0.029682,0.049280,0.043066
-0.028190,-0.207881,-0.078480,0.000682,-0.061621,-0.011369,2.774096,-0.064464,-0.035054,0.025005,-0.056438,0.065185,-0.062353,-0.034778,0.055195,-0.063477
0.007301,-0.018880,-0.253190,-0.124926,-0.000699,-0.201795,2.506069,-0.252537,-0.065394,-0.003709,-0.019845,0.007566,0.020859,-0.037802,-0.010937,0.015800
0.097599,-0.165962,-0.046941,-0.029498,-0.028262,-0.067479,2.856008,0.520664,-0.046945,0.016546,-0.034579,-0.618549,0.032395,0.009533,0.050932,-0.058667
0.019696,0.107010,0.039571,0.057162,0.017614,-0.062071,2.785441,0.170082,0.013122,-0.144315,0.027423,0.254707,-0.219741,0.033075,-0.020691,-0.074778
0.047627,-0.013436,-0.397665,-0.016383,0.027402,0.236674,1.911781,-0.006274,-0.079659,0.015115,-0.007695,0.082841,-0.026056,-0.014881,0.120738,0.107053
-0.027839,-0.018378,0.671907,-0.011166,0.015292,0.005381,0.581529,0.042359,-0.021348,0.028843,-0.004080,0.086295,0.005103,0.024747,-0.010521,0.017882
0.005457,0.029756,16.145601,-0.000249,0.329083,-0.234419,1.378556,0.193668,0.053669,-0.108452,0.048151,0.096243,0.011239,0.034315,0.834989,0.126409
-0.048412,0.006227,0.724320,-0.066169,10.685229,-0.194357,1.260200,1.114215,-0.094890,-0.030666,-0.009711,0.315397,-0.054769,-0.004468,-0.161044,0.267615
-0.069329,0.333610,0.189677,5.394265,-0.000504,3.800013,-0.000403,0.466027,-0.054659,0.020442,-0.049073,0.035486,-0.083104,0.011486,0.044567,-0.071213
0.061994,-0.021164,-0.124617,0.094624,1.413066,0.090012,0.088642,0.034852,0.039057,-0.033078,0.013672,0.012065,0.001124,0.049875,0.018897,0.007270
0.030065,-0.063141,-0.011547,-0.047027,1.152425,-0.000653,0.196609,0.449780,0.031269,0.046979,-0.006417,0.036573,0.069774,-0.056494,0.087431,0.003485
-0.037164,0.028356,-0.026541,0.046068,1.954342,0.054534,0.008818,0.573346,-0.009347,-0.052471,-0.092420,-0.008293,0.033937,-0.027573,0.277825,0.019902
0.078104,-0.033469,-0.082720,-0.302939,5.513283,0.016092,-0.023636,0.050139,0.106682,-0.016413,0.009754,0.025963,0.161015,0.153774,0.015259,-0.010176
0.015815,0.087259,0.066534,2.986680,-0.041742,0.006414,0.007297,0.096161,0.263278,0.041869,0.029802,-0.044028,-0.001105,0.038536,-0.069894,0.003364
-0.127706,-0.083128,0.028013,0.444523,0.048622,0.072718,0.015649,0.121913,4.535283,0.003655,0.030500,-0.138835,0.024469,-0.001385,0.001576,-0.071206
0.090722,0.050193,0.002783,-0.012472,0.009347,0.064387,0.046247,-0.000706,0.029845,0.123542,-0.023140,-0.001932,0.037716,-0.027652,0.003983,0.010502
4.500588,0.046446,0.010789,0.018024,-0.025474,0.272062,-0.017945,0.009579,0.116205,-0.214520,-0.067173,0.076207,-0.058315,0.005431,0.516160,0.043420
1.609008,-0.086180,0.007315,-0.126289,-0.006304,3.014559,0.158013,0.047740,0.008894,0.150558,0.007709,-0.017664,0.012684,0.048533,-0.060097,-0.068759
-0.025018,0.033871,-0.159081,0.021499,0.073258,0.987061,0.022087,0.033096,0.029734,0.069217,-0.051413,-0.006859,-0.072079,-0.014848,-0.046556,0.027457
0.141126,0.026301,-0.041282,0.291414,-0.148596,8.496433,0.208083,0.038320,0.004442,-0.018413,-0.046029,0.074039,0.046959,-0.006781,-0.113351,-0.000090
-0.030469,-0.075785,0.000076,0.015680,-0.039551,0.220352,2.573218,0.008976,-0.012286,-0.063270,-0.056893,-0.255631,0.017910,0.046741,0.026601,-0.038058
0.052504,0.016066,-0.103212,0.004456,-0.019324,-0.035328,0.130720,0.017337,0.027331,0.032271,0.033343,-0.066128,-0.016862,0.066479,-0.076862,0.020105
0.029302,-0.042136,-0.088221,0.078978,-0.043411,-0.025198,0.532381,0.221922,-0.027636,-0.075811,-0.001197,0.012533,-0.137444,-0.016892,0.706551,0.023343
0.009616,-0.041713,-0.050485,0.002613,-0.050482,0.037471,0.314721,0.803108,-0.013181,-0.032240,0.045136,-0.119735,-0.057765,-0.037533,-0.024724,0.000293
-0.000868,-0.019135,-0.003505,-0.006217,-0.000998,-0.043002,2.228702,1.125577,0.061215,-0.017762,0.007389,0.135486,0.025577,0.256492,0.032715,-0.035820
-0.026036,0.002276,0.194216,0.020471,-0.008903,-0.116626,3.254074,1.252658,-0.000755,0.004240,0.036734,-0.041335,-0.003404,0.041284,-0.051294,0.004214
0.008460,0.084432,0.550971,-0.049911,1.438412,0.018405,2.337508,0.125025,0.131540,0.082752,-0.069004,0.051569,-0.001586,-0.025643,-0.025306,0.008028
0.277069,-0.181550,0.976124,0.149017,6.200786,0.247460,0.799066,1.846319,-0.025221,0.135999,-0.003414,5.958632,-0.007818,0.103990,-0.745140,0.550810
-0.001993,0.092777,0.563239,0.048488,1.631016,0.483890,0.444229,8.501712,-0.146256,-0.019774,0.257953,0.746580,1.733480,-0.043260,0.215924,0.002212
0.057955,0.014686,-0.179587,-0.063662,0.533175,0.018497,0.446017,2.936282,-0.138182,0.102774,0.311361,0.459351,-0.000126,0.027653,0.160147,0.015017
0.147478,0.035225,-0.010380,-0.113120,2.285210,0.009605,0.074604,0.409516,0.019208,0.029968,-0.063666,-0.263645,0.012269,-0.021452,1.200615,0.000220
-0.018181,-0.021309,0.071210,-0.074962,0.021195,-0.029880,-0.036847,-0.008117,-0.017718,0.023531,-0.056330,-0.011761,0.005770,0.016765,0.105574,-0.044017
-0.050912,0.042702,0.015091,0.002560,0.002660,-0.019287,-0.024887,0.053771,0.118303,-0.079164,-0.119262,0.105294,-0.005945,-0.022963,-0.083234,-0.032397
-0.052089,0.068882,-0.061515,2.569892,0.008404,0.051300,0.095248,-0.025154,-0.015986,-0.207591,-0.068089,-0.028850,0.003817,0.005387,0.022113,-0.100047
0.092835,0.027372,0.020560,0.047403,-0.015659,-0.001873,-0.005264,-0.197196,-0.028695,0.045217,0.096351,0.046299,-0.011901,0.043831,-0.063261,0.027869
0.083189,-0.000776,-0.027472,0.014043,0.057934,0.049297,0.037138,-0.138344,0.125144,0.014628,-0.046112,-0.070784,0.006451,-0.000061,0.033137,0.078459
0.306816,-0.018872,0.000592,0.030686,-0.031998,0.067626,-0.023208,-0.039913,-0.008816,-0.224858,15.383097,0.040702,0.031789,0.062389,-0.115973,0.032842
4.165729,0.043759,0.029193,-0.006085,0.061080,2.119155,-0.008713,0.052506,-0.158079,0.046920,0.000080,0.055832,-0.006207,-0.004959,-0.046576,-0.066430
0.240806,0.019383,0.020963,-0.381158,-0.076320,0.383498,-0.017420,-0.134711,8.676745,-0.050925,0.162695,0.006018,0.025480,-0.050819,0.118422,0.023372
-0.084297,-0.106104,-0.251725,0.176192,-0.055217,4.040132,-0.009347,0.238572,0.020490,0.041343,0.016879,0.008788,0.074657,-0.024429,-0.153826,0.026002
-0.054412,-0.050509,0.079803,-0.045487,0.036913,0.089353,2.573760,0.073404,0.015816,0.002786,0.060675,0.007643,-0.002351,-0.053818,-0.074424,-0.090369
0.017309,-0.132166,-0.113132,0.007386,-0.021224,-0.020479,0.616151,0.369188,-0.030456,-0.005815,0.018452,-0.003214,0.152819,-0.022569,0.116999,0.022553
-0.010245,0.021003,-0.153148,0.115177,-0.161353,0.016698,0.285381,1.877476,-0.027709,0.003682,0.140017,0.146970,0.034641,-0.193677,-0.026565,-0.033540
-0.071564,-0.006681,-0.127245,0.003960,0.012738,0.007798,1.047823,4.738395,0.039454,-0.037468,0.009386,-0.014274,0.006311,-0.013107,-0.073399,-1.040932
-0.051516,-0.010431,-0.045903,0.035957,0.024528,-0.188095,0.873314,1.677495,0.000131,-0.134585,-0.046375,0.048807,0.006424,-0.001933,0.014716,-0.005671
-0.015949,0.615653,-0.281862,0.041789,-0.011535,-0.004731,0.187616,6.608926,-0.600852,-0.057069,-0.079784,-0.044497,0.033752,0.022596,0.010302,-0.114080
-0.002998,-0.010659,1.310537,0.267301,0.009786,-0.181937,0.038468,0.653860,0.000950,0.064165,6.891660,0.082285,0.099929,0.049043,0.020694,-0.045624
-0.020458,-0.052568,4.956118,-0.047518,-0.042389,-0.006560,0.185595,0.386850,0.062241,-0.012012,0.126007,-0.427033,-0.042404,0.061929,-0.134012,-0.660982
-0.024327,0.042154,2.807155,0.027993,0.030851,0.188717,0.189005,1.475253,-0.104271,0.335027,6.122419,0.025188,0.225498,0.013639,0.250432,-0.019069
0.041145,-0.066825,0.021307,-0.150266,0.016378,-0.019847,0.019718,0.242404,0.007877,0.030655,29.631203,0.502903,0.969264,-0.067046,2.345996,-0.016663
0.017985,0.014691,0.024708,0.011307,0.017889,-0.015079,0.054194,0.010241,-0.058089,-0.084905,-0.026362,0.074155,-0.006613,0.002885,3.366419,-0.056130
0.047294,-0.122085,-0.050674,-0.299558,11.007701,-0.154220,-0.045981,-0.072113,0.120081,-0.166268,0.014295,0.415560,-0.141619,-0.010864,5.268627,-0.338685
0.003076,0.024512,0.025559,0.002493,-0.002201,-0.032528,0.113737,0.035241,0.059764,-0.012331,-0.059914,-0.018476,-0.237131,0.010690,0.135697,0.023560
-0.021354,-0.024154,-0.029808,3.487629,-0.020672,-0.026588,-0.004479,0.007567,0.010362,0.012139,0.022515,0.019318,-0.167653,-0.007440,-0.108666,-0.007595
-0.058358,-0.103927,-0.007308,-0.096343,-0.014468,-0.017024,0.039025,-0.023672,0.017596,-0.003546,-0.025391,0.019747,0.108794,-0.002252,0.034920,-0.042886
-0.006638,-0.000040,0.077265,0.126836,-0.038747,0.015770,0.070485,-0.027035,0.047400,0.034752,0.225262,-0.039334,0.029870,-0.030895,-0.011698,-0.024170
-0.072367,0.028806,-0.108594,-0.030999,-0.162086,-0.106879,-0.028295,0.052973,-0.014767,-0.026217,2.607027,-0.364853,-0.022114,0.006428,-0.001959,-0.078151
4.563128,0.490242,0.000223,0.045034,0.035020,-0.326386,-0.079015,-0.071525,-0.087684,-0.063613,-0.194356,-0.020936,0.027384,-0.006465,0.039879,0.023076
4.603744,-0.001652,0.008434,-0.015993,-0.064195,-0.050090,-0.044596,-0.036651,-0.047575,-0.069800,-0.076917,-0.002802,0.036440,0.025332,-0.046889,-0.024987
1.556759,0.006899,-0.003275,-0.147294,0.038971,0.147447,0.276361,0.342824,0.042764,0.025189,-0.011866,-0.015085,0.036906,-0.013400,-0.003111,0.016382
0.347677,-0.052406,-0.178413,0.090290,-0.018296,-0.091170,3.173250,-0.047599,0.075907,0.013299,-0.016642,-0.005656,0.001600,-0.008040,0.120401,-0.001562
-0.142322,0.019182,0.013845,0.055957,-0.017735,-0.049225,1.180834,0.045391,-0.083603,-0.031509,0.007767,-0.266635,-0.016055,0.017727,0.031700,0.020335
-0.032224,-0.047253,-0.132199,0.086517,-0.032816,-0.013318,1.036569,0.089821,-0.015604,-0.027925,-0.059332,-0.020489,0.024546,-0.011546,-0.008897,-0.002058
-0.075864,-0.056231,0.045063,-0.022623,-0.015905,-0.079227,0.675110,1.328905,-0.048811,-0.076054,-0.033254,-0.023365,-0.610110,0.020513,0.065833,-0.055589
0.097055,0.011223,0.319048,0.011139,-0.025225,0.053526,0.126520,6.033620,-0.301538,-0.005641,0.362917,0.072457,0.011910,0.356160,-0.075772,-0.542530
0.082799,-0.159256,4.737875,0.013679,0.199857,0.016071,-0.037043,2.923847,0.084605,-0.469303,-0.166271,0.028829,0.016438,0.038559,-0.461475,6.360428
-0.010977,0.067951,4.114658,-0.011833,-0.015522,0.021173,0.066181,0.175023,0.012777,0.053671,0.583565,0.047546,-0.072764,-0.001536,0.018171,0.025234
0.008613,0.061998,3.248616,0.096432,0.032731,0.016616,-0.020854,-0.004291,0.005425,-0.008405,-0.004585,0.147172,0.047322,0.012206,-0.028676,0.055440
-0.024919,-0.028113,6.099753,-0.118289,-0.015189,0.018490,0.121686,0.203741,0.094119,0.075041,-0.130212,0.428023,0.275090,-0.010933,0.023102,0.071817
0.144553,0.020637,2.582237,-0.046223,-0.001201,0.030468,-0.050685,0.163485,0.118453,-0.313597,0.439595,-0.000629,14.152388,-0.178357,0.455179,0.163247
-0.001686,-0.031048,0.008082,-0.044684,-0.015776,0.012757,-0.006761,-0.018381,0.007966,-0.069067,-0.038278,-0.001639,0.094719,0.061187,-0.050327,0.002327
0.172340,-0.076825,0.187111,-0.033719,0.147499,-0.107417,-0.135525,-0.012918,-0.090330,0.071630,0.039496,-0.065415,-0.001437,0.092615,0.604919,-0.055028
0.066944,0.045639,-0.136490,0.773936,0.022122,0.016403,0.009860,-0.181679,0.027526,-0.040969,-0.143767,-0.041206,-0.006370,-0.022212,3.426991,-0.024823
-0.068590,0.014901,0.021945,0.136642,-0.011678,-0.152655,-0.000010,0.099117,0.133029,0.018961,0.013943,0.022495,-0.024856,2.516320,-0.092929,0.054827
0.048982,-0.000152,0.183009,0.018795,0.023192,-0.039195,0.069583,0.248655,0.062249,0.006972,0.011876,0.011945,-0.001609,1.092334,0.100333,0.014112
0.015117,-0.022223,0.190751,-0.029752,-0.033750,-0.012744,-0.016064,-0.052417,0.058752,0.033671,-0.041212,0.042473,0.017165,-0.038626,-0.039100,-0.016192
0.478010,0.050037,0.001302,0.069519,-0.006954,-0.022128,0.014148,-0.022161,0.001573,0.003852,0.041392,-0.109072,-0.039088,0.019701,-0.032012,-0.050403
1.174816,0.013036,0.015267,0.031358,-0.010455,0.029521,-0.009354,0.004520,-0.069585,-0.093658,-0.031890,0.000551,0.026493,-0.121211,-0.021010,-0.134911
2.699856,0.169662,-0.162343,-0.009257,-0.016898,0.053346,0.119467,0.108066,0.005849,0.095791,0.053071,-0.016048,0.026975,0.088981,0.166560,0.363827
0.246124,0.026113,0.019760,0.039919,-0.116383,-0.013974,0.010264,-0.017840,0.020088,-0.030449,-0.044290,0.090068,-0.003383,0.002358,0.015296,0.030950
0.074074,-0.003509,-0.098171,-0.074191,0.006363,0.050694,0.232827,0.247333,0.015749,0.012763,-0.016390,-0.024596,0.043235,0.003531,-0.013764,-0.021332
-0.050644,0.060426,0.042848,-0.082433,-0.022386,-0.040055,0.274444,0.013489,-0.049071,0.108020,-0.054455,-0.000114,-0.018774,0.033531,-0.023893,0.022793
-0.078011,-0.027195,0.015827,0.034799,-0.016643,0.078189,0.020434,-0.055899,-0.011521,0.050574,-0.036349,-0.011843,-0.035770,0.018408,0.026689,-0.030218
-0.053132,-0.040420,0.034212,0.001164,-0.019797,-0.034612,0.056790,2.787606,0.042786,0.107140,-0.008200,-0.100257,0.047879,0.073070,-0.063078,0.002099
-0.028332,-0.034868,1.314423,0.101729,-0.011628,-0.268620,0.017409,1.658704,-0.006110,-0.034528,-0.094308,-0.044269,0.019089,-0.024572,-0.086352,-0.291692
-0.176741,-0.130854,0.984992,0.285402,23.724189,-0.056069,-0.091379,0.691537,0.016342,-0.003153,-0.078844,-0.059315,0.233718,0.095187,-0.064614,0.007412
-0.060528,-0.017712,2.833620,0.001339,-0.008575,-0.175147,0.187407,0.035493,-0.003431,0.001720,0.033417,0.047150,0.024867,0.027313,0.124074,-0.269687
0.044152,0.047186,0.333554,0.146126,0.055294,-0.004691,0.057687,0.081945,-0.053801,0.022231,-0.025659,0.022605,0.059983,6.002901,0.015012,-0.030502
0.016204,-0.005744,1.788327,-0.004201,-0.011257,-0.180706,0.022997,0.104429,-0.043143,0.043364,0.019546,-0.127260,0.052507,0.000651,0.455827,9.870790
0.181775,-0.024804,7.086276,0.027439,0.002326,0.029038,0.016880,0.044234,-0.078832,0.003731,-0.043657,-0.061303,0.227209,0.061885,0.067216,0.112576
0.007463,0.092844,1.252375,-0.085030,0.024999,-0.002572,-0.044170,-0.064594,0.007775,-0.042479,-0.041602,0.019265,-0.082893,-0.011634,0.093071,0.004640
0.008414,-0.128150,0.131702,0.084030,0.000599,-0.049564,-0.077087,-0.002615,0.013481,0.020780,-0.009703,0.066874,0.021932,0.004913,-0.026223,-0.238604
-0.009440,-0.057955,0.156283,-0.021138,0.051134,0.138191,0.027202,0.208517,-0.017512,0.026366,0.034636,-0.077301,0.003403,0.166566,0.102218,-0.022221
-0.054420,0.013966,0.060497,0.042905,-0.054901,-0.024260,-0.020753,-0.031066,0.173385,0.003340,0.025170,-0.039851,-0.117392,0.068127,0.019214,0.038469
0.028653,-0.023235,-0.005859,0.062701,0.039393,0.011675,0.034011,0.030325,0.054949,-0.008679,0.003104,0.004705,-0.012697,1.848538,-0.036429,-0.007085
-0.056455,-0.095590,0.041705,-0.009583,0.012966,-0.047714,-0.000842,0.003543,0.060220,-0.074317,0.022491,-0.037432,0.035327,0.002916,-0.118776,0.003750
-0.018386,-0.058350,0.158330,0.013895,-0.023962,-0.014414,0.017002,-0.018700,-0.143603,-0.075784,0.018652,0.007659,0.176874,0.026494,-0.095209,0.059770
0.134726,0.015418,0.031599,-0.038590,-0.037675,-0.020029,-0.021786,0.291182,-0.081671,0.018289,0.032088,0.007801,0.021611,-0.107535,0.146865,0.015874
1.460770,0.026047,0.010574,0.018882,0.002638,0.056444,-0.003478,1.081915,0.021929,0.000087,0.023389,0.027494,0.065774,0.156477,0.051101,2.911176
-0.047989,-0.031351,0.250809,0.017632,-0.020248,-0.035179,-0.101462,2.528243,0.040166,0.036096,0.099089,0.108292,-0.006087,-0.084734,0.030041,6.413522
0.036539,-0.085154,-0.074416,0.136197,-0.008438,0.015615,0.035868,4.388197,0.069269,0.217241,-0.011837,0.163841,0.049521,-0.190302,-0.024640,0.023668
0.110614,-0.018814,-0.067213,0.044209,0.004165,0.050889,0.028561,1.020660,0.008341,-0.122234,-0.003430,0.009965,-0.062360,0.013735,0.026285,-0.028800
-0.007058,0.097339,-0.020998,-0.126178,0.025010,0.035840,-0.172399,4.854271,0.031008,0.096992,0.005192,0.045442,0.026209,-0.017767,-0.044338,-0.060679
-0.014137,0.104665,0.697654,-0.007156,0.021812,-0.051906,-0.037428,0.074289,-0.002662,0.098872,-0.006319,0.018101,-0.079455,0.058606,0.034276,-0.011885
-0.018172,0.044004,8.514964,-0.031653,-0.001848,-0.003810,0.120524,0.234986,0.009139,-0.011936,0.053665,-0.028200,-0.025161,-0.035104,0.065256,0.122512
0.014355,0.041048,0.178361,-0.072229,0.024143,-0.041168,-0.035476,0.078917,0.057257,0.019807,-0.135356,-0.007693,0.123898,0.332250,0.084580,-0.022932
-0.026944,0.037509,0.085667,0.011648,-0.011839,0.019193,0.012961,-0.025227,-0.000926,0.054468,-0.095344,0.020098,0.213643,-0.006423,0.000734,0.077351
-0.105068,0.072543,0.197991,-1.016649,0.012884,0.017020,-0.013535,-0.005632,0.012024,-0.069194,-0.016025,0.013812,9.974650,-0.044946,0.000862,0.024190
-0.008284,0.049576,-0.037340,-0.057585,-0.005449,0.014131,-0.025934,0.023233,-0.087045,0.067944,-0.036025,0.052219,0.049527,-0.003901,-0.046247,0.072329
-0.028925,-0.001455,2.031936,-0.022836,-0.087220,0.012786,-0.044974,0.107956,0.034889,0.056597,-0.005257,0.040855,0.032040,0.471393,-0.099737,5.199682
0.018689,0.067533,3.916366,0.060805,0.031006,-0.021556,0.024526,-0.105538,0.056712,-0.009028,0.157979,0.102507,0.040664,0.068463,-0.103839,0.000993
0.013352,0.164071,0.422558,0.021414,0.001531,0.053581,0.013409,-0.078890,-0.076980,0.037355,-0.011765,0.026536,-0.039714,0.147898,0.008967,0.003143
0.072624,0.000570,0.023150,-0.090305,-0.020143,0.246707,-0.033593,-0.048929,-0.006815,0.012840,0.016425,0.012655,-0.043507,-0.013618,-0.000816,0.045629
0.057581,0.007298,0.065109,0.116211,0.002459,-0.027541,0.000956,0.275930,-0.018702,-0.032768,0.026390,0.026104,0.003546,0.635879,0.002816,0.018777
0.005882,-0.042580,-0.005628,0.005951,0.000838,0.014453,0.051743,-0.000315,-0.000173,-0.107823,-0.008922,-0.000500,-0.018512,0.328016,0.048280,-0.009464
-0.008894,-0.124970,-0.015326,-0.026385,-0.001679,-0.018696,-0.024076,-0.036599,0.020780,-0.004573,-0.001673,0.028774,-0.038335,5.104121,0.045345,-0.009535
0.071551,-0.007820,0.039926,0.029501,-0.013862,0.059263,0.037855,-0.064268,-0.088786,-0.005982,0.020924,-0.029673,-0.131050,1.702088,-0.016369,-0.012358
0.039682,-0.240399,0.081582,0.094095,-0.125502,0.032473,0.004900,0.083089,0.013248,-0.005581,0.000596,0.081499,0.171825,4.359794,-0.089995,0.018020
4.640738,-0.010806,-0.012521,-0.020953,-0.021556,0.016296,0.072609,0.194965,0.043711,0.051235,-0.022608,-0.014562,-0.012695,0.495254,0.106090,0.075675
-0.046916,-0.006863,0.020009,0.137918,-0.007947,-0.005174,0.094739,0.063471,0.021013,-0.027876,0.015548,-0.017906,-0.057924,-0.027493,0.001378,0.089565
0.018459,-0.034485,0.098790,0.045364,-0.110350,-0.003209,-0.026792,1.176498,0.228196,0.037869,-0.016531,0.021621,0.067408,0.039033,-0.094148,-0.079864
-0.042384,0.000856,0.056306,0.013384,-0.009030,-0.019874,0.002505,2.502833,4.144058,-0.059439,0.000905,-0.082660,-0.069609,-0.024096,0.041100,-0.013682
0.028892,0.012807,-0.132479,0.061423,0.234634,-0.005815,0.085293,4.267363,-0.078174,0.040345,0.001509,0.127558,0.073504,-0.018393,0.019699,-0.022291
-0.029947,-0.081797,-0.081667,0.100161,0.137549,0.036543,0.017829,0.157923,-0.010442,0.028679,0.010647,-0.067238,0.069997,-0.023645,0.029432,0.022572
0.095328,-0.020200,0.356959,-0.006630,0.053034,-0.047027,-0.005496,0.304341,-0.020802,-0.019529,-0.067648,0.001295,-0.041589,0.255617,0.023299,-0.016770
0.064631,-0.045035,0.482516,0.023707,0.006201,0.036765,-0.005601,0.147787,0.010384,-0.064046,-0.062092,0.049879,-0.007556,24.036168,-0.016747,0.010794
0.028870,-0.026749,0.003846,-0.031591,-0.001357,0.035261,-0.087853,-0.108005,0.046209,0.004735,-0.025848,0.045364,-0.031690,0.144212,0.056495,0.018265
-0.004499,0.051071,0.040380,-0.048566,-0.016428,0.078861,0.006837,-0.135258,-0.010886,-0.008761,-0.116075,-0.004991,1.280269,-0.005532,0.062439,-0.008860
0.019158,0.105020,-0.009231,-0.050756,0.007990,0.044512,0.031317,0.054199,0.021388,0.054433,0.024766,-0.005422,11.019106,-0.059115,0.051730,-0.001912
-0.035424,0.149752,2.663909,0.045906,0.030568,-0.053060,0.058231,-0.011717,0.022159,0.188560,-0.129663,0.115001,0.058338,-0.456838,0.040818,16.840310
0.136617,0.078600,2.051910,0.025792,-0.090168,-0.045913,-0.003991,-0.057267,-0.030925,-0.029797,0.037688,-0.020645,-0.038816,1.897852,0.015995,0.568390
0.190012,0.048445,-0.048003,-0.022221,0.000929,-0.051893,0.021982,0.026813,0.004344,0.017329,0.032999,-0.007177,0.049275,1.403011,-0.039561,-0.039672
-0.015294,-0.029217,-0.027562,-0.105669,0.009394,-0.013771,0.025002,-0.047089,-0.088329,0.149634,-0.038354,-0.054108,-0.046494,-0.048764,0.063712,-0.026325
0.117810,0.029359,-0.118319,-0.030442,0.013703,-0.012504,0.015497,-0.054467,-0.001557,-0.043259,-0.017710,0.002934,0.014689,0.007615,0.031154,-0.000055
0.025903,0.015185,0.161171,0.171324,0.000672,-0.061158,-0.045229,0.087446,0.026217,-0.046079,0.032110,0.016871,0.027081,0.017860,-0.193342,-0.070454
0.036397,-0.089226,0.012147,-0.049382,0.012997,-0.064083,0.070150,0.049019,-0.046636,-0.008210,0.024568,-0.029993,-0.029057,2.285406,-0.027572,-0.023017
-0.055587,0.029175,0.008227,0.021051,-0.006784,-0.058841,0.034653,0.070071,0.034740,0.025364,0.009262,0.052500,-0.007503,0.164801,0.008761,0.006159
3.624644,-0.025235,0.034804,-0.194003,0.088070,-0.049543,-0.028194,0.430509,2.777547,-0.060999,0.094991,-0.069127,0.444649,0.085857,0.041058,0.000547
0.884623,-0.062630,-0.012023,-0.163515,-0.238429,0.115276,-0.015908,-0.035567,0.109538,0.006300,0.030065,0.004069,0.011230,2.900731,-0.030371,0.029230
0.058871,-0.069947,0.028595,-0.089152,-0.041772,-0.001673,-0.023530,-0.024917,0.335949,0.052647,0.045604,0.097634,-0.002556,0.022477,-0.074528,-0.089939
0.003593,-0.049045,-0.130858,-0.054095,0.018176,0.012258,-0.050543,1.550793,3.045730,0.119957,0.002415,0.023819,0.030657,0.135930,0.074640,0.026610
0.062671,0.009874,-0.026985,-0.137557,0.011865,-0.005703,0.007353,1.737597,1.871684,-0.033651,-0.022089,-0.015872,0.023836,0.012249,0.018295,0.022100
-0.018325,-0.058769,-0.023039,0.019309,0.015168,0.034340,0.058541,0.379418,-0.017879,0.124469,0.012334,0.035736,-0.059280,-0.006067,0.086912,0.006703
0.221079,0.007262,-0.107453,0.029413,-0.047091,0.008599,0.002877,2.911262,3.301809,0.409346,0.018303,-0.191645,-0.010096,-0.004724,-0.368509,0.009596
-0.046515,-0.039267,0.020940,-0.062244,-0.019121,0.019670,0.018087,0.106956,0.193238,0.085113,0.030879,0.118563,0.087210,0.033350,0.015844,0.064771
-0.001136,-0.009908,0.069417,-0.043385,-0.057176,-0.024359,0.057064,0.039273,0.001509,0.091968,0.065624,-0.025079,-0.070389,-0.001521,-0.035658,-0.036629
0.017305,0.115281,0.027368,0.031244,0.004986,-0.031584,-0.014929,-0.008494,0.081673,-0.021186,0.017271,0.038134,-0.002390,-0.029223,-0.028288,-0.000437
-0.033838,0.026391,-0.238812,-0.022284,0.000585,0.026769,-0.038739,0.050209,0.000946,-0.002878,-0.046226,0.026298,-0.008236,-0.039750,0.035128,0.020334
-0.056853,0.647763,0.049484,0.010895,-0.015878,-0.262993,0.049009,-0.044189,-0.015833,-0.019353,0.079241,0.050541,0.050983,0.014696,1.796980,-0.006265
-0.021632,-0.039318,0.112075,0.051719,0.002306,0.118408,0.034069,-0.003804,-0.032896,0.025252,0.022199,0.012184,12.386400,0.034569,0.039743,2.346991
-0.005176,-0.017153,-0.028223,-0.051416,-0.029563,-0.010162,-0.020693,0.005949,0.069841,0.002148,-0.001109,0.036436,-0.230343,4.997849,0.023811,-0.010973
0.006847,0.030285,0.122063,-0.120561,-0.003991,-0.029589,0.017464,-0.037881,-0.012539,0.002599,0.067251,0.046507,0.060077,2.652512,0.037975,0.016228
0.079879,-0.034057,-0.033919,-0.015964,-0.003533,0.014466,0.002875,-0.100421,-0.015388,-0.063874,-0.007035,-0.016777,0.008629,0.042696,-0.062557,0.084585
-0.025344,-0.005055,0.007422,-0.015140,-0.028250,-0.023850,-0.048268,0.032986,-0.007469,-0.021399,-0.002864,0.029178,-0.038370,-0.008051,0.020048,0.020852
-0.042831,0.037097,-0.007355,0.060624,0.005725,-0.122904,-0.018693,-0.089123,-0.053992,-0.005375,0.109091,-0.140786,-0.015709,0.014666,0.059760,-0.127069
-0.099373,-0.014323,0.070229,-0.000435,-0.059217,-0.016296,-0.012880,0.011055,0.092400,0.041912,0.089301,0.004077,0.028367,-0.003706,0.015566,-0.127820
0.009314,0.019020,-0.026812,0.056149,-0.035513,-0.024822,-0.012834,-0.077689,0.066346,-0.002217,0.031971,0.025791,0.004441,0.625450,0.019687,0.009805
0.174114,-0.039271,-0.050949,7.226107,0.035224,-0.047978,-0.152983,0.008165,0.063637,-0.047842,-0.147146,-0.135179,0.016182,-0.011969,-0.027864,-0.042066
7.846805,-0.005317,0.002845,-0.302197,-0.048808,0.041762,-0.105010,0.041610,0.582268,-0.003624,-0.042970,0.115962,-0.170111,0.381948,-0.033985,-0.405264
0.181649,-0.000826,0.020598,0.016547,0.020389,-0.003934,0.011171,0.087000,1.738421,-0.084638,0.023311,0.124773,0.015632,0.012055,-0.012357,-0.002465
0.080189,-0.138407,-0.091553,-0.038353,-0.014666,0.018733,0.012211,0.206011,1.141970,-0.012321,-0.019585,-0.021723,-0.019076,-0.010904,-0.025363,0.022862
-0.020397,-0.173045,-0.053395,0.062864,-0.025397,0.018469,0.071638,-0.025538,13.732675,0.009899,0.020288,-0.086889,-0.034397,-0.044239,0.072828,0.002299
-0.051029,0.004729,-0.115436,0.007315,0.007461,0.009761,0.014854,0.123776,-0.031904,0.145600,-0.069579,-0.118456,0.031138,0.025481,0.105542,-0.080040
-0.273101,-0.058907,-0.038548,-0.090242,-0.005319,-0.013210,-0.016448,0.210649,0.309576,0.424718,0.021448,0.005090,0.082405,0.043292,-0.002851,0.032794
0.042198,-0.040909,0.037003,0.121560,-0.003215,0.053530,0.034940,0.694265,0.108285,4.745718,-0.001140,-0.010290,0.046090,0.043630,0.049582,0.448405
-0.059555,-0.009669,-0.015333,-0.025767,-0.042914,-0.045613,-0.056127,0.427446,0.018664,0.510415,-0.025618,0.055287,0.021863,-0.002025,-0.063060,0.016109
0.051276,-0.169835,-0.027244,0.040438,0.013476,0.015193,0.044867,0.036775,-0.007734,0.052120,-0.042399,-0.024767,-0.043982,-0.023563,0.215075,-0.002032
-0.012475,0.080187,0.091395,-0.002570,0.058096,-0.084277,0.020043,-0.050925,0.046664,0.001222,-0.016482,-0.017923,0.056021,0.014123,-0.067199,-0.033025
0.024380,0.148121,-0.095284,0.082327,0.049368,-0.027018,0.038675,0.052308,-0.004696,-0.054709,-0.021418,0.009920,-0.041237,0.036617,-0.146456,0.004913
-0.080057,-0.026832,12.024555,0.003091,-0.120236,0.116498,0.020242,-0.018835,-0.009280,0.010454,-0.333948,0.009009,0.125347,0.013307,-0.019722,0.792174
-0.073505,-0.016394,-0.005483,-0.025128,-0.115426,-0.001514,-0.015773,0.091028,-0.033551,0.004674,0.002909,-0.005739,-0.019221,0.052228,0.008174,0.024925
-0.028137,-0.024660,0.062746,0.085309,-0.008752,0.042658,-0.052528,0.164891,0.019033,-0.048434,0.128154,0.008753,-0.081682,1.496053,0.014967,0.015150
-0.003052,-0.061435,-0.007293,0.006685,0.003271,0.035132,0.027344,-0.011342,-0.007006,0.008226,0.037090,-0.002628,0.003017,0.035242,0.037728,-0.033918
-0.048464,-0.034595,0.038680,0.063628,-0.015877,-0.002916,-0.018005,0.035900,-0.032961,-0.027717,-0.030705,-0.010509,-0.042773,0.083286,0.015792,-0.039039
0.018917,0.021695,-0.042037,0.006497,0.031849,-0.000812,-0.052640,-0.002801,0.047247,-0.006062,-0.028991,-0.016873,0.069629,0.028427,-0.025662,-0.061515
-0.026301,-0.034620,0.051587,-0.128495,-0.036028,-0.040643,-0.048440,-0.074655,-0.004358,-0.113576,-0.034770,0.002174,0.024103,0.028258,-0.048049,-0.060292
-0.027293,-0.021594,0.013342,-0.059287,0.013120,0.016673,0.006722,-0.008862,0.085001,0.091265,-0.004234,0.023630,0.028671,-0.049850,-0.042919,0.147363
0.035144,-0.006070,0.035096,-0.246632,-0.005099,0.037074,0.057623,-0.041468,0.747737,-0.020384,0.031738,0.102643,0.015255,0.040278,0.006161,-0.066605
0.118447,-0.061798,-0.040376,-0.073674,0.002015,0.009511,0.000734,0.147701,5.270664,0.037181,-0.026764,0.074948,-0.038595,0.028036,0.031859,-0.124346
0.088276,-0.024533,-0.068246,0.053706,0.111135,-0.122310,0.031319,0.145838,0.141160,-0.049194,-0.031924,-0.009153,0.045031,0.029286,0.078467,-0.022208
-0.012158,0.007696,0.442839,-0.017522,0.032970,-0.052386,0.032903,0.073098,0.014263,0.038026,-0.012530,-0.089727,-0.002268,-0.054131,-0.040811,-0.032717
-0.034805,-0.124261,0.143800,-0.013373,0.050933,-0.008408,0.029902,0.010023,0.022770,-0.012913,0.007215,0.014625,0.087375,-0.031287,0.032916,0.067105
0.027327,-0.050644,0.235170,-0.084768,0.035104,0.060819,-0.005251,0.053469,-0.013841,0.654349,0.041863,0.053115,0.250886,0.016332,-0.039479,0.012674
-0.011426,-0.028990,0.056472,0.017740,-0.029950,0.045526,-0.060610,0.047124,0.038510,-0.091579,0.012500,-0.018961,-0.017031,0.045359,0.032974,0.010235
-0.047709,-0.013743,0.041253,-0.056084,0.015126,-0.033629,-0.019590,-0.013466,0.027375,2.206036,0.127171,-0.009532,0.118081,-0.003760,-0.000610,-0.019557
-0.007674,0.008189,0.135598,0.033951,-0.009373,0.113764,-0.018846,-0.015550,0.006043,-0.032131,-0.045233,-0.010356,0.122954,-0.004705,-0.010858,0.020707
-0.029599,0.116005,-0.008301,-0.013826,-0.025960,-0.035662,-0.026035,0.331117,0.062979,0.006129,-0.003380,-0.007120,0.036229,0.007473,-0.008784,0.004803
0.144196,-0.035894,-0.053951,-0.046248,0.067029,0.005457,0.034784,0.056737,0.003523,-0.049054,-0.013399,-0.020276,-0.112321,-0.005967,-0.070417,-0.162637
-0.013233,-0.004241,-0.066949,0.095656,0.015279,0.026180,-0.018086,0.047203,0.061748,-0.032128,0.056852,-0.046605,0.011125,-0.041934,-0.012974,0.010766
0.028968,0.014942,0.082662,0.100119,0.023419,0.098676,-0.002149,-0.038013,-0.006851,0.051358,0.038076,0.042473,4.264290,-0.078236,-0.015081,0.019142
0.011366,0.007505,-0.028082,-0.005090,0.020791,0.013081,0.040746,0.067899,0.006784,0.011770,-0.062641,-0.006382,0.094615,-0.008271,0.015009,0.015343
0.024602,-0.077609,0.079161,0.023452,0.006630,0.000797,-0.032744,-0.075660,0.043642,-0.015870,-0.124600,-0.006051,-0.055919,0.020170,-0.001288,-0.017379
-0.126263,0.021388,-0.088899,0.043202,0.031181,-0.048685,-0.019593,0.035599,-0.053003,-0.031361,-0.017810,0.045768,-0.058903,4.372384,0.012416,-0.000375
0.010115,0.059620,0.000074,0.004340,-0.137921,-0.065678,-0.044592,0.004485,0.010892,-0.040074,0.006652,0.024793,-0.097530,0.001915,0.002076,0.011011
-0.034193,0.132109,0.130281,0.043572,0.047933,0.011070,-0.021075,0.110468,0.029882,-0.086489,0.022067,0.010787,0.001602,-0.004579,0.055519,-0.020822
-0.066407,0.009072,-0.147291,0.027335,-0.007784,-0.018902,0.027101,-0.032908,0.031508,-0.034089,0.095052,0.004347,-0.034438,-0.001432,-0.018512,0.060586
-0.001597,-0.069222,-0.171163,-0.007828,0.099398,-0.038533,-0.054760,0.144485,0.023360,0.037461,-0.292296,0.018858,0.047102,0.105527,0.064637,-0.013960
-0.015251,-0.001020,-0.039964,-0.038115,-0.005166,-0.044989,0.118687,-0.253475,2.546447,-0.034164,0.001079,-0.050394,-0.014503,-0.008069,0.159558,0.030849
0.086799,0.102336,-0.030005,0.204282,-0.006328,-0.065408,0.006781,-0.143900,0.013915,-0.001992,0.003721,0.038209,0.102871,-0.045393,0.013263,0.057327
-0.003003,0.045550,0.066126,0.029458,-0.005905,0.044371,0.046903,-0.023216,0.101280,0.048054,0.114053,-0.000010,0.025430,-0.003540,0.069010,0.012535
0.026526,-0.028130,0.016800,0.061965,0.022583,-0.118581,0.022055,0.001711,0.004609,0.009266,0.146178,0.179382,0.026917,-0.029805,-0.010178,-0.036114
0.047576,-0.029037,-0.032927,0.057929,-0.007130,-0.024787,-0.032306,-0.064325,-0.018051,0.019022,-0.025375,-0.018611,0.008512,0.075832,0.008641,-0.003434
0.047298,0.090518,-0.068413,0.114503,0.041623,0.009695,-0.009596,0.029923,0.028255,0.074369,0.037151,-0.046473,-0.010878,0.022136,-0.081525,-0.006177
0.070709,0.036747,-0.043093,0.001698,0.033791,0.012964,0.003845,-0.052782,0.001781,0.027936,0.011885,0.022582,-0.006840,0.001987,-0.004963,0.022775
-0.038925,0.026255,0.060453,0.197536,-0.015738,0.069199,0.018400,0.134758,-0.030086,-0.018280,0.076144,-0.013745,0.058174,-0.020480,-0.052954,0.036702
-0.020789,-0.021365,-0.130142,0.063423,-0.002165,-0.018039,-0.021417,-0.044238,0.034240,0.043272,-0.079124,-0.002509,-0.019134,-0.009691,0.078449,-0.049344
0.087390,-0.061468,-0.019259,0.032009,-0.014120,0.055379,-0.029327,-0.001383,-0.030521,0.054284,-0.002795,-0.004643,-0.150173,0.002736,0.060634,0.010938
0.012345,0.097167,-0.018261,0.037419,-0.001373,-0.017913,-0.042672,0.024192,0.029139,-0.039487,0.072435,0.044202,0.027135,-0.008699,0.020964,0.079745
-0.008998,-0.010168,0.030583,-0.013094,0.040333,-0.009651,-0.058852,-0.006149,0.029901,-0.022334,-0.024706,-0.033946,-0.006360,-0.013251,0.069593,-0.008287
-0.017185,0.038156,-0.011930,-0.022933,-0.007555,-0.006945,-0.010155,0.100114,-0.053153,0.006660,0.003688,0.060713,-0.020735,0.068508,-0.043361,0.092022
-0.015251,0.014720,-0.000477,0.020054,-0.002944,-0.108915,0.070674,-0.046537,-0.029402,-0.052121,-0.100241,0.050416,-0.015294,0.006636,0.027743,-0.036429
-0.069357,-0.015264,-0.099039,-0.064051,-0.046432,0.042052,0.014910,0.101203,-0.014388,-0.110902,0.023362,-0.110651,0.022403,-0.009168,0.021054,-0.049395
-0.009576,-0.059971,0.212972,-0.040404,0.152058,0.086826,0.086072,0.034955,-0.057194,0.004961,-0.048244,-0.068910,0.012704,0.219835,0.064026,-0.035734
-0.018283,0.031572,-0.149668,-0.109171,0.009418,-0.020330,-0.019270,-0.002687,0.030573,-0.109218,0.038001,0.068526,-0.020290,-0.050575,0.024894,0.014544
-0.087912,-0.011694,-0.045069,-0.031888,0.027319,0.051554,0.003987,-0.019688,0.008780,0.023260,-0.013651,-0.085431,0.041875,-0.000193,0.018741,-0.006111
0.003097,0.008171,-0.054274,0.001780,0.103336,0.031257,-0.049169,-0.002772,-0.040597,-0.012605,-0.028621,0.102710,0.010309,0.011685,-0.011086,-0.004508
-0.041569,0.050303,-0.002479,0.051636,-0.085292,0.020262,0.054417,-0.068309,-0.036791,0.004303,0.017297,0.004843,-0.031064,-0.005406,0.060110,0.138533
0.015294,0.022545,0.003272,-0.020280,-0.010526,0.000289,0.053050,-0.026990,0.019510,0.033541,0.018002,0.012428,-0.068094,0.002998,-0.103740,0.059474
0.080561,0.041286,-0.022627,0.042730,-0.029886,-0.027459,-0.089570,0.047802,-0.029836,-0.002930,-0.060576,0.037038,0.029535,-0.004636,0.023591,0.018091
0.024851,0.044548,0.035180,-0.000682,-0.024609,0.024067,0.012537,0.073709,-0.045170,0.010467,-0.061257,-0.044895,-0.007386,0.000170,0.010633,-0.020368
0.047587,-0.014586,0.006561,0.100715,0.045538,0.121939,-0.005175,-0.158162,-0.020685,0.026645,-0.030416,-0.004300,0.009688,-0.012795,0.105151,0.025293
-0.092327,-0.038550,0.048493,0.101051,-0.003017,-0.004683,0.055432,0.003411,0.049003,-0.051195,-0.038064,-0.026240,-0.000118,-0.077344,0.018226,0.027238
-0.009865,0.010187,-0.187358,0.001754,-0.017363,0.041731,0.007865,0.080999,-0.020423,-0.012505,-0.014073,-0.046896,0.001006,-0.004324,0.028536,-0.030991
0.022119,-0.029848,0.068754,-0.016265,-0.005785,-0.083695,-0.040085,0.036338,0.033190,0.015644,0.005115,-0.000017,-0.015257,-0.006349,-0.030569,0.036922
0.083167,0.049711,0.120100,0.020757,0.008326,-0.025336,0.027086,-0.031458,0.015142,-0.002877,0.018364,-0.013986,0.026126,0.040598,-0.001609,0.070363
0.036703,-0.014603,-0.067363,-0.016005,0.004927,-0.027017,-0.021610,-0.018065,0.007912,-0.067952,-0.014369,0.042492,-0.024951,-0.010526,-0.073792,-0.008658
0.008311,0.003889,-0.010652,0.007743,-0.067403,-0.000757,0.026072,0.000789,0.083218,0.054778,0.023260,0.096604,0.028007,-0.009228,-0.111791,-0.035180
0.051635,0.019749,0.031474,-0.028835,0.008934,0.136285,-0.033104,-0.021276,0.139975,-0.003796,0.015285,0.016523,-0.004767,0.008419,0.023352,0.172813
-0.019504,0.006606,-0.037574,-0.032699,0.095170,-0.024056,0.017314,-0.052703,-0.014242,-0.015347,0.006129,0.030974,0.002888,0.043627,-0.003030,-0.032115
0.029358,0.071988,0.026335,-0.056231,-0.240724,-0.029289,0.004507,-0.021521,0.002166,0.025375,0.001634,0.027260,-0.009633,0.032995,0.011486,-0.001201
-0.005349,-0.079924,0.016286,-0.064506,0.015429,0.021261,0.031269,0.029972,0.010629,-0.083072,0.074629,0.057894,0.003272,-0.005629,0.000643,-0.022802
-0.101408,0.024427,0.013308,0.007152,0.004822,0.038579,0.012483,-0.119429,-0.041123,0.040442,-0.035007,0.007417,0.012697,0.305558,0.187036,-0.016470
0.049059,0.172790,0.076095,0.080804,-0.004460,0.026527,-0.013024,0.075836,-0.023175,0.111643,0.004491,-0.013363,-0.007143,0.034314,0.078894,0.026389
