-0.008430,0.020053,-0.007672,-0.082392,0.045633,0.318094,-0.152576,-0.143821,0.098376,-0.081503,-0.020902,0.026229,-0.396489,0.135920,-0.043579,-0.002125
-0.177033,0.161352,0.091006,0.093121,0.243046,-0.008802,0.011573,-0.232918,-0.050501,-0.058323,0.066742,-0.219909,-0.195556,0.002882,-0.033020,-0.222990
-0.097237,-0.133423,0.192124,0.010669,-0.399225,-0.142955,0.036717,-0.130802,-0.007272,0.079613,0.247431,0.133046,0.193181,-0.112163,-0.527205,0.036267
0.070737,-0.222903,-0.069622,0.013584,-0.172361,-0.226312,-0.101960,0.296126,0.018809,-0.020623,-0.115091,0.112166,0.320983,0.048568,-0.072160,-0.041446
-0.020388,-0.139182,-0.039252,-0.069364,-0.006510,-0.064611,-0.012736,-0.252004,-0.050003,-0.236678,0.139239,-0.148929,0.156106,0.194408,-0.182937,0.039201
0.159784,0.109191,-0.129238,0.061576,-0.364008,0.127354,-0.101019,0.167595,-0.001687,0.017438,-0.237766,0.039469,-0.050401,0.077462,-0.161874,0.216499
-0.081120,-0.280234,-0.040207,-0.082546,-0.304918,0.214037,0.092138,-0.210516,0.115411,0.027530,-0.012669,0.238659,-0.008684,0.033055,-0.024790,0.108173
0.116679,0.275857,-0.019746,-0.024560,0.210938,-0.348629,-0.127855,-0.298598,0.146525,-0.018940,-0.152442,0.115303,0.172033,-0.195694,0.080090,-0.120869
-0.105989,0.041599,-0.105597,-0.069548,0.015097,-0.045840,0.018409,0.067214,0.204564,-0.002235,0.055162,0.259556,0.036418,-0.115517,0.272743,0.085274
0.237483,-0.033747,-0.004200,0.100858,-0.020005,-0.500830,0.013139,0.139958,0.051125,-0.197528,0.019724,0.017722,0.030928,0.039678,0.152810,-0.143642
0.141565,-0.235031,-0.160761,-0.072792,-0.125616,-0.173330,0.208829,0.154612,-0.059969,0.199028,0.089929,0.195468,0.310178,0.123545,-0.097625,-0.103261
0.043818,0.109156,-0.178398,0.095021,0.261938,-0.481830,0.101475,0.095653,-0.170842,0.109198,0.004664,-0.009552,0.171817,0.042801,0.160544,-0.365991
0.162976,-0.097007,0.131077,0.087382,-0.029413,0.355006,0.079161,0.029989,-0.173072,-0.061323,0.185254,-0.044504,0.085465,0.043179,-0.019445,0.036466
-0.161320,0.258860,0.112854,-0.034006,0.109368,0.281519,0.232857,-0.088664,-0.012454,-0.264006,0.073653,0.302797,-0.119069,-0.154102,-0.149647,0.181335
0.031195,-0.102863,0.039602,0.028253,0.197182,-0.022958,-0.006741,0.244340,0.001751,-0.062841,-0.015801,0.001040,-0.068105,0.049621,0.374354,-0.333262
0.040079,0.092085,0.034016,-0.080015,-0.248398,-0.462662,-0.035227,0.230726,0.202343,0.126299,-0.056338,0.142295,0.362797,-0.112060,-0.258237,0.011491
-0.288530,-0.013048,0.058350,-0.024337,0.161735,0.119571,-0.085935,-0.188894,0.057242,-0.065920,0.146468,-0.247976,-0.267861,-0.044279,-0.146285,-0.335504
0.132219,0.176587,-0.200904,-0.072075,-0.195548,-0.288948,0.120997,0.075833,-0.072379,0.258336,-0.044854,-0.018349,0.140529,0.004298,0.347898,-0.060953
-0.184484,-0.029480,-0.106160,0.123990,-0.105965,0.049323,-0.050817,0.412714,-0.039199,-0.075992,0.057432,0.300773,0.070926,0.075652,-0.107625,-0.005061
0.168957,0.299106,-0.121260,-0.092096,0.084115,0.096045,-0.411403,0.252724,0.097768,-0.170713,0.035288,-0.180667,-0.259187,0.076386,-0.036827,0.020283
0.106233,-0.326749,-0.192738,0.101382,-0.112201,0.045077,0.349087,-0.074761,-0.011171,-0.077279,-0.071264,-0.088622,-0.299753,0.160366,0.045431,0.127109
0.211656,-0.171233,0.077499,-0.012714,-0.113025,-0.175325,-0.167147,-0.145178,0.100603,-0.211274,-0.247991,0.150120,0.222429,0.063442,-0.273014,0.160001
0.435529,0.175547,0.045671,0.193783,0.067418,0.156137,0.061283,-0.009306,-0.154022,0.134069,0.041212,-0.270267,0.208528,0.147143,0.265310,0.181015
-0.038101,-0.473887,-0.188792,0.543936,0.018877,0.286855,-0.127268,-0.100364,0.063079,0.210826,0.255931,-0.269730,0.220488,0.230280,-0.559698,-0.082444
-0.050687,0.338067,0.113104,0.089071,0.100408,-0.153729,-0.025510,0.125249,0.047946,0.143688,0.082017,0.007082,0.215205,0.097666,0.151747,0.029483
-0.074273,-0.048850,0.282780,0.056873,-0.066402,0.012077,0.128009,-0.103609,-0.008052,-0.182597,0.047444,-0.272548,0.175514,0.000744,0.115604,-0.008829
-0.225780,0.023229,-0.092472,-0.063234,-0.049479,-0.337820,0.111563,0.213613,-0.058689,0.076988,0.127352,0.006846,0.368434,0.053126,0.171431,0.164929
0.117814,0.054572,-0.020667,0.054198,0.164131,0.036465,0.284882,-0.200918,-0.156431,0.064290,0.177497,0.049774,0.491194,-0.221084,0.027305,-0.127092
-0.224146,-0.113406,0.096874,-0.174407,0.067052,0.335648,0.091277,-0.150307,0.038644,-0.057152,0.294371,0.066669,0.020592,0.245331,-0.055813,0.084970
-0.116859,0.040274,-0.067942,0.059072,0.082285,-0.319156,0.158850,0.092166,0.012763,-0.064999,0.026244,0.092113,-0.110081,0.003628,-0.019557,-0.176642
-0.032818,0.377653,-0.117456,-0.189599,0.038664,-0.074859,-0.013823,0.201808,-0.037148,-0.019688,-0.040944,0.253555,0.047028,-0.064372,0.293766,-0.022186
-0.108383,0.254862,-0.069443,0.008968,-0.031052,0.515854,-0.024190,-0.069849,-0.161408,-0.263161,0.090176,-0.076908,-0.378431,0.021133,0.125716,0.103645
-0.054607,0.408555,-0.236690,0.078764,-0.136254,0.146696,0.185908,0.326054,0.076785,-0.014035,0.003836,-0.091905,-0.003565,-0.025690,-0.136272,-0.049583
0.101854,0.310635,-0.137943,0.044675,0.196070,0.208991,0.084279,-0.051012,-0.019766,0.006078,0.120930,-0.009616,0.039237,-0.089355,-0.111467,-0.068706
0.123213,-0.066216,-0.269751,0.185826,0.108603,0.102824,0.005240,0.098039,-0.073016,0.331106,-0.133651,-0.530760,0.257254,0.050843,-0.036632,0.019888
-0.134616,0.056566,0.153927,0.005608,-0.099070,-0.022780,-0.040062,-0.344010,-0.003525,-0.029529,-0.061015,-0.269323,-0.004972,-0.005055,-0.334500,0.225868
-0.165313,0.196970,-0.150511,0.037049,-0.109040,-0.217406,-0.011597,0.243880,-0.078929,-0.046323,-0.120421,0.189573,0.180437,-0.008241,0.212877,-0.153560
0.154506,0.024237,0.182552,0.000379,-0.453373,-0.251175,-0.138794,0.213674,0.009071,0.128917,0.051709,-0.044231,0.267461,0.115801,0.276658,0.024722
-0.172632,0.106645,0.166985,0.028163,0.129382,-0.125090,0.318500,-0.068471,0.179405,0.043661,0.244597,0.115231,-0.079967,0.118240,0.349560,-0.134088
-0.622400,0.226142,-0.007145,0.047469,0.199033,0.032677,0.388346,0.038631,-0.220575,0.151363,-0.002521,-0.218647,0.008634,-0.023443,-0.042517,-0.054702
-0.126380,-0.070627,-0.097950,0.003258,-0.160776,0.049660,-0.143818,0.002819,-0.006768,0.017039,-0.038341,0.141760,-0.212341,0.063000,-0.080118,-0.226124
-0.070661,-0.089554,0.211233,0.062826,0.051034,-0.152716,0.283107,0.175679,-0.014203,0.151894,0.028842,0.148268,0.343828,0.007895,-0.002158,-0.170468
-0.026621,0.199997,-0.081144,0.109708,0.330503,-0.314239,-0.157729,-0.054301,-0.007988,-0.041597,-0.276715,-0.075282,0.173969,0.038171,0.074329,-0.235958
0.568109,-0.196582,0.010294,0.754954,0.037308,0.211382,0.012483,0.331904,-0.040170,0.306696,-0.112175,-0.119539,-0.000268,0.297546,0.141533,-0.216199
-0.053834,0.305005,-0.276042,0.078282,-0.117899,-0.067993,-0.278953,0.167549,0.099666,-0.224574,-0.086777,0.383489,-0.169113,-0.137786,0.073554,-0.268446
0.269231,0.018852,-0.182483,-0.001677,-0.035840,-0.154012,0.048300,-0.040689,-0.013953,-0.018791,-0.062022,0.033057,0.175702,0.060975,0.064849,-0.026592
-0.101379,0.313062,0.066857,-0.058092,0.123945,-0.080771,-0.010515,-0.232991,-0.108811,0.232732,-0.252474,0.205134,0.049218,-0.138386,-0.135480,0.093612
0.068443,0.004994,0.035587,-0.020312,-0.078403,0.049593,-0.104017,-0.247156,0.135651,0.177240,-0.207340,-0.082248,-0.103722,0.122058,0.029778,-0.192057
-0.144108,0.107718,0.225878,0.114274,0.129282,0.076312,0.099376,0.165988,-0.071920,0.132173,0.053102,-0.291003,0.327624,0.091001,0.196482,0.031493
0.191394,0.387619,-0.227853,0.204877,-0.017006,-0.293135,0.057687,0.030388,-0.131928,0.247956,0.265449,0.204901,0.191155,-0.094264,-0.045014,-0.086088
-0.072324,0.120765,0.028986,-0.090475,-0.030917,0.015095,-0.238736,0.045779,0.022951,0.275314,-0.063783,0.012209,0.201442,0.039686,-0.209527,-0.111021
0.186975,0.139366,0.077270,0.053446,0.090287,-0.049594,0.058721,-0.180127,-0.104405,0.018885,-0.091548,-0.008592,0.046557,-0.107779,-0.146323,0.114793
-0.091172,-0.167406,0.185565,0.142972,0.092323,0.049141,0.093168,0.036231,0.047797,0.008576,-0.146223,0.320264,0.010466,0.021356,0.067050,0.068723
0.260329,-0.148023,-0.250797,0.157660,0.232867,-0.183193,-0.136239,0.123856,0.069516,0.156727,0.106671,-0.425614,0.047357,0.137516,-0.005921,-0.181119
-0.074688,-0.091900,0.094455,0.001040,-0.003025,-0.061775,-0.001024,0.066247,0.120878,-0.099002,0.269578,0.090637,-0.095070,-0.140943,0.097244,0.070181
0.034276,0.010917,0.052262,0.051733,-0.088346,0.117634,0.152599,0.278825,-0.227127,-0.123906,0.187997,-0.161141,0.217292,-0.051475,-0.084954,0.133703
0.318511,-0.030293,0.016487,0.042218,-0.003205,-0.134268,0.258893,-0.323572,-0.013729,0.042382,0.225177,0.252680,-0.138145,0.230968,0.192328,0.063371
-0.113022,0.136338,-0.165885,0.035967,-0.117602,-0.211861,-0.144465,-0.011848,-0.075148,-0.090073,0.009717,-0.148161,-0.210567,-0.195023,-0.171569,-0.162764
-0.228271,-0.287421,-0.075093,-0.053957,0.183871,-0.072192,0.083206,-0.256080,-0.048462,0.000147,0.318248,-0.540156,0.244614,0.064907,0.046020,-0.172723
-0.327370,-0.245515,0.022373,-0.035996,-0.212207,0.068743,0.125274,0.111893,0.031693,0.050937,-0.177900,-0.201382,0.025511,0.186569,0.247352,-0.057103
-0.196644,0.146054,-0.364982,-0.033524,-0.085453,-0.337634,0.014676,-0.122336,0.164068,-0.091458,-0.161728,0.111370,-0.072280,-0.020459,0.188249,-0.110059
0.104764,0.011565,0.108980,0.039078,-0.190720,0.116583,-0.060460,-0.135297,0.032882,0.004566,0.100206,-0.208338,0.197035,0.236777,-0.403417,0.142006
-0.248758,0.079953,0.123468,-0.039093,-0.109088,0.040936,0.087886,0.100187,0.088477,-0.063312,0.019908,-0.109544,-0.004212,0.052103,0.159750,0.019174
0.367610,0.077174,0.166034,0.138816,-0.325282,-0.305510,0.188085,0.065335,-0.052737,0.335355,-0.032234,-0.116738,0.529839,0.085943,0.240511,-0.086902
0.190433,0.028782,-0.122049,0.199216,0.004194,-0.348542,-0.032086,-0.094322,-0.054952,0.059926,0.064325,-0.282764,0.029619,0.198539,-0.069378,-0.004103
0.015043,0.121643,0.054436,0.107195,0.137006,-0.519062,-0.113213,-0.233859,0.020852,0.188544,0.242926,-0.194628,0.216822,0.194448,-0.124019,0.122232
-0.191826,0.151588,-0.074361,-0.037018,0.034636,-0.053117,0.070582,-0.123256,-0.097107,-0.081035,-0.023212,-0.116584,-0.258678,-0.026523,-0.015257,-0.007050
-0.318859,0.141705,-0.024705,-0.020350,0.091541,0.077952,-0.127721,-0.035310,-0.042848,0.090364,-0.080648,0.231524,0.136781,0.029346,0.314173,-0.129177
-0.250780,0.062595,0.315162,0.115943,0.195743,-0.213075,0.090624,0.160107,-0.024198,0.097371,0.049741,0.040113,0.176929,0.047244,0.032731,0.002991
0.033166,-0.219800,-0.331953,-0.083289,0.141561,0.290844,-0.178200,-0.016090,-0.009670,0.259222,0.069445,-0.099392,0.086516,0.143021,-0.154537,-0.054650
0.177279,0.309466,-0.031941,0.084958,-0.174362,-0.234689,0.012536,0.155832,0.013900,0.068375,-0.309531,-0.145820,0.213025,-0.011542,-0.007532,-0.095070
0.069297,-0.310042,-0.177398,0.010438,-0.011049,0.169891,0.203567,0.240360,0.055947,-0.019118,-0.140731,-0.019090,0.092154,0.244634,0.099841,-0.141962
-0.058752,0.044917,0.124638,-0.012487,0.189412,-0.066347,0.045169,-0.102310,0.003320,0.098821,0.017288,-0.033723,0.145429,0.063592,-0.304882,0.079170
-0.062731,-0.190282,-0.048716,0.052317,0.272887,0.043427,0.459887,-0.025406,0.001327,0.202478,0.129509,-0.325735,0.020998,0.175310,-0.140468,0.167286
-0.130069,0.160133,0.149055,0.004836,-0.081270,0.082762,-0.016997,-0.077560,0.069472,-0.025477,0.015850,0.222717,-0.076642,0.102604,0.156517,0.103116
-0.140498,0.070761,0.014595,0.085843,-0.261470,0.006113,-0.113762,-0.132479,0.079322,-0.082186,0.200212,0.015319,0.014978,0.047050,-0.192815,-0.037690
-0.336895,0.121742,0.070049,-0.123482,0.070302,-0.355029,0.108448,-0.047696,0.006884,0.085759,-0.161140,-0.107669,0.103633,-0.076854,0.198628,-0.001589
0.118418,0.172684,0.021786,0.008892,0.286870,0.054886,-0.167225,-0.142222,0.007692,0.122730,0.250096,0.281518,0.059520,0.141358,-0.465217,0.190978
-0.239344,0.171269,0.400198,0.039538,-0.281107,0.365593,0.004656,0.383202,0.131070,-0.088968,0.117624,0.033674,0.094189,-0.202013,-0.308231,0.264954
0.344713,-0.042234,-0.172703,-0.008443,-0.083807,0.487683,-0.161268,-0.341295,0.041495,0.061776,-0.257769,0.127719,-0.093801,0.053393,-0.062140,0.197423
-0.120931,-0.280328,0.311751,0.012931,-0.000426,0.016357,0.290658,-0.075773,-0.033376,0.079020,0.192358,-0.187951,-0.016561,0.028873,0.180530,0.163653
0.243693,0.028225,0.015940,0.058135,-0.263115,0.293405,-0.024835,0.223139,-0.027573,0.079932,0.017242,-0.057051,0.167393,0.020281,-0.450129,0.117672
0.097575,0.179682,-0.041029,0.135247,-0.080224,-0.016195,0.048079,-0.028841,-0.090095,-0.062433,-0.143264,-0.068722,-0.197594,-0.091272,0.045099,0.019527
0.033877,-0.189168,0.209381,0.041298,-0.340389,-0.132921,0.023191,0.377968,0.361504,0.101841,-0.126311,0.073814,-0.198447,-0.059161,-0.116960,-0.359951
-0.164784,-0.197738,-0.120642,0.244410,-0.111653,0.166230,0.090621,0.019575,0.052300,0.063516,0.146887,-0.364067,-0.086024,0.071174,-0.083693,0.092301
-0.006691,0.230721,-0.169831,-0.098058,0.274049,-0.221496,0.123076,0.355979,0.072952,-0.114593,-0.192275,-0.041218,0.073996,-0.086612,0.095560,0.078445
0.308969,0.009067,-0.236326,0.113970,-0.224201,0.218215,0.040966,0.080501,-0.175688,0.134081,-0.229538,0.098276,-0.243111,0.053793,0.073043,-0.389457
0.393956,-0.042664,-0.320182,0.259292,0.203544,0.035491,0.084775,-0.228120,-0.020700,0.015758,0.040934,-0.205195,0.010627,0.505762,-0.059208,0.118169
-0.150241,0.171746,-0.264182,0.038411,0.005418,-0.115027,0.368275,0.235289,-0.072647,-0.086755,0.028917,0.063530,0.075335,0.068448,0.203917,-0.351292
-0.058181,-0.024030,0.200884,-0.121759,-0.304146,0.369133,-0.014574,-0.213070,0.036359,0.035500,-0.045731,0.288790,-0.037477,0.098822,0.015107,0.249177
-0.094158,0.148309,-0.164157,-0.073258,-0.204364,0.366840,-0.000650,-0.178338,-0.130822,-0.120782,-0.152765,-0.026593,-0.216709,-0.061308,-0.241838,0.287314
-0.187802,0.152171,-0.116525,0.041708,0.084203,-0.261610,0.008396,0.050570,0.031393,-0.209037,0.122405,0.039085,0.159632,-0.004050,0.174594,-0.309633
0.121539,0.396727,-0.164761,0.143587,0.024150,0.537798,-0.029903,0.641317,-0.001752,-0.158334,-0.367754,-0.210193,-0.193471,-0.013539,0.518896,0.167880
0.368576,0.004391,-0.006157,0.106015,-0.195036,0.108108,-0.135355,-0.296763,-0.006158,-0.036123,0.315967,-0.032900,0.317661,0.163503,0.013317,0.260147
-0.305529,0.137366,-0.130257,0.229099,0.101374,-0.115193,0.389853,0.051991,0.035884,-0.167195,0.152631,-0.022367,0.016614,0.242718,0.139591,-0.177884
0.125268,-0.091512,0.047813,-0.009377,0.305632,-0.075727,-0.036692,-0.101666,0.102240,0.142942,0.104765,0.120857,-0.047338,-0.109871,-0.304405,0.119450
0.029933,0.178841,0.241795,-0.033905,-0.056614,0.122692,-0.042088,0.042225,0.147128,-0.057826,0.056025,-0.185105,0.096753,-0.035080,0.129275,0.015734
-0.264729,-0.085654,-0.360430,0.033940,0.174830,-0.121346,-0.032527,0.131775,0.046680,0.116951,-0.218919,0.052259,0.132735,-0.023914,0.007196,-0.042833
0.112729,-0.127594,-0.000740,-0.034649,-0.245484,0.059618,0.200638,0.093706,-0.266920,0.323353,-0.108763,0.288969,-0.044354,0.158947,0.088321,-0.012419
-0.384829,0.124263,-0.005677,-0.033459,0.063895,-0.003030,0.025063,-0.052808,-0.007806,-0.133008,0.148235,-0.133604,0.042942,0.054625,0.037629,0.139352
0.135108,-0.268127,0.191121,0.095951,0.024582,-0.111346,-0.022778,-0.146502,-0.037642,0.212888,0.005873,-0.365917,0.166559,0.081237,0.133335,0.039321
0.088511,0.205569,-0.081190,0.060218,-0.197243,-0.074443,-0.078576,0.183214,-0.148782,0.007058,-0.035146,0.135906,-0.162099,0.104188,0.072962,-0.224087
-0.168734,-0.260118,0.204607,-0.051730,0.169933,0.340900,0.122730,-0.268155,0.043263,0.022217,0.431600,-0.088876,0.068970,0.046306,-0.115709,-0.015319
-0.132642,0.081325,-0.178210,0.020529,-0.107695,-0.024192,-0.150461,-0.009188,-0.184354,-0.319961,-0.295980,-0.430403,-0.095070,-0.011552,0.405199,-0.045645
-0.220416,0.113584,0.040026,0.037106,0.050449,0.093348,0.091603,-0.108264,0.167463,-0.104432,0.228958,0.019433,0.138003,0.185429,0.072256,0.041333
-0.381055,0.113543,0.062158,0.207806,0.049078,0.031130,0.182301,0.302763,-0.155659,-0.221540,-0.306324,-0.241545,-0.218275,0.031560,0.031189,0.054176
0.577255,0.111197,0.065098,0.221806,-0.379798,-0.060451,-0.035007,0.247680,-0.251771,0.529536,0.131729,0.110192,0.662643,0.115931,-0.085874,0.071968
-0.223528,0.374896,0.215150,-0.045800,0.077133,-0.133027,-0.220293,-0.077337,0.122328,-0.228650,0.231506,-0.106124,-0.037233,0.062889,-0.056288,0.204662
-0.136532,0.156868,-0.120448,0.175901,-0.168537,0.201324,0.215986,0.190403,0.039890,-0.026859,0.032418,0.070913,-0.029626,-0.050563,0.221325,0.232133
-0.042601,-0.008420,0.015189,0.590034,0.142049,0.156124,0.296157,0.154280,0.028694,0.116702,0.298108,0.145564,-0.124688,0.285813,0.042127,0.026715
0.383054,0.176771,-0.059013,0.263889,0.156981,-0.040228,-0.000698,-0.139811,-0.216557,-0.055337,-0.032422,-0.187888,-0.231151,0.077312,0.646018,0.001040
0.202093,-0.324733,-0.233689,0.574565,0.107573,0.312761,0.130796,0.026837,-0.145617,0.116553,0.286318,-0.237363,-0.103320,0.207043,-0.207319,0.015987
0.487737,-0.247397,-0.319208,0.580168,-0.191002,0.154456,0.083120,0.159149,-0.175407,0.445160,-0.104415,-0.258182,0.266885,0.376654,0.084163,0.170787
-0.167843,-0.025972,0.036399,0.108419,-0.048203,-0.151937,0.259862,0.100440,0.064607,0.074252,0.225677,0.049055,0.222387,-0.082256,-0.229236,-0.042680
0.093127,-0.129743,0.312041,0.170949,-0.002762,0.094382,0.207516,0.285343,-0.138738,0.239345,0.154729,-0.493090,-0.004792,-0.062825,0.080910,-0.102575
-0.056878,-0.139881,-0.103148,0.181842,-0.092442,0.025425,-0.083273,-0.200830,-0.033920,0.114760,0.002470,-0.272333,0.178816,0.190656,-0.080350,0.107890
-0.139968,0.164913,0.238898,-0.068242,-0.038053,-0.029963,0.086141,0.249008,-0.088740,0.124995,0.073608,0.164864,0.221390,-0.079639,-0.018069,-0.069005
-0.386582,0.239383,-0.125173,-0.066277,-0.023607,0.005299,-0.007497,-0.371833,0.020965,-0.083185,0.042888,-0.125876,-0.114703,0.067137,0.709625,-0.086765
0.076035,-0.027606,0.004960,0.175359,-0.087704,0.027309,0.110530,0.135973,-0.116878,0.078234,-0.119215,0.072818,-0.087493,-0.143178,0.162459,-0.020584
0.207707,0.040692,0.001607,0.075974,-0.298363,0.126866,0.096454,0.294417,0.130050,0.000809,-0.028807,0.410023,-0.076865,0.209127,-0.060990,-0.016151
-0.091033,-0.240951,0.158327,0.015294,0.226835,-0.062703,0.076018,-0.114872,0.045907,0.171605,0.317852,-0.030376,-0.040389,0.198639,-0.254904,-0.076450
0.084841,0.212141,-0.097231,0.104055,-0.016076,0.054224,-0.211247,-0.224345,0.064920,0.237342,0.066470,-0.109232,-0.021712,0.108575,0.124580,-0.080956
-0.020134,0.025974,-0.257738,0.002664,-0.265240,-0.251442,-0.322384,0.360331,-0.213318,0.011158,-0.133938,-0.086401,0.224208,-0.031621,0.346489,-0.121227
0.054811,0.069836,-0.081727,0.177841,0.293914,-0.129990,0.221438,-0.010022,-0.052134,-0.241174,0.042829,-0.288910,0.109998,0.176527,0.558478,-0.342088
0.417688,0.144279,-0.125413,0.199237,0.096044,-0.004328,-0.242866,0.334022,-0.059909,0.049087,-0.141520,-0.027884,0.081806,-0.137261,0.211928,-0.261715
-0.122213,0.017387,-0.067401,0.078929,-0.000132,-0.290545,0.165794,0.343130,-0.007588,0.033907,0.039001,-0.257237,0.114983,0.163131,0.760928,0.148863
-0.073520,0.165266,0.218927,0.048432,-0.199815,0.096446,-0.005373,-0.142012,0.115862,0.228573,0.196666,-0.104972,0.135578,-0.012828,-0.189744,0.072073
-0.160580,0.050002,-0.100275,-0.055828,0.237525,0.148084,0.174603,0.145198,-0.141978,-0.051436,-0.015821,0.133150,-0.124174,0.208792,-0.090259,-0.035016
-0.077338,0.101413,-0.120960,0.109461,-0.132886,-0.093614,0.077933,0.187846,0.053923,-0.021958,0.047260,-0.137586,0.066497,0.013703,-0.030924,-0.012501
0.179487,-0.003067,-0.192385,0.150203,-0.204132,0.286975,0.157188,-0.029020,0.044012,0.329567,0.049616,-0.297501,0.428508,0.288596,-0.236753,0.039789
0.291432,-0.148430,0.090256,0.410025,-0.372319,-0.072999,-0.030553,0.175648,-0.291700,0.300641,-0.050687,-0.047615,0.128348,-0.015254,-0.086426,0.052176
-0.141545,0.129324,-0.012491,0.088377,0.004076,0.137669,0.315509,-0.072936,-0.125529,0.151880,-0.189040,-0.067188,-0.178899,-0.020810,0.273837,0.204899
0.182213,0.255927,-0.079115,0.085483,0.081287,0.133134,-0.180487,0.188456,-0.098258,0.029954,-0.150756,-0.037072,-0.052350,0.092583,0.180508,-0.113486
0.035127,0.007542,-0.057075,0.412551,0.431223,-0.166529,0.182694,0.054731,-0.180479,0.175804,0.018705,-0.217400,0.574026,0.354477,-0.037982,0.122382
0.110690,-0.028462,0.062565,0.047880,0.015190,0.055458,0.158209,-0.353075,-0.145319,-0.252223,-0.134563,-0.125032,-0.299257,0.053482,0.078254,0.168956
0.230600,0.037774,-0.181206,0.246949,-0.096291,0.047678,0.157702,0.096886,-0.116120,0.380025,-0.249937,-0.310926,0.094080,0.409102,0.210930,0.153402
-0.097088,-0.292939,-0.138412,0.183451,0.039198,-0.161202,-0.223516,-0.137160,-0.087316,0.078507,0.095874,-0.179650,0.291364,-0.029432,-0.616740,0.126244
0.172460,-0.232619,0.023318,-0.022254,-0.336470,-0.060072,0.139914,0.294156,-0.019077,-0.095151,-0.123721,-0.041859,0.136122,-0.168559,0.141596,-0.025398
-0.002416,0.181976,-0.115781,0.085467,0.004676,0.208199,0.279436,0.072432,-0.030994,0.219345,-0.221865,-0.164965,0.138119,-0.137815,0.034176,0.125880
-0.163054,0.444779,-0.154620,0.069286,0.009434,0.103190,-0.266732,0.016022,-0.149128,-0.107645,-0.293915,-0.144620,-0.002208,-0.134382,0.132410,-0.055131
-0.036140,0.244801,0.119740,0.027996,-0.114995,0.015981,-0.196127,0.007265,0.152063,-0.013230,-0.092852,0.620173,0.074915,-0.000224,-0.117655,0.104972
0.109075,-0.080360,0.097543,-0.111827,-0.418602,0.032200,-0.064956,-0.013231,0.273904,-0.212977,0.105457,0.404096,-0.153608,0.007492,-0.138362,-0.021959
0.142601,0.135617,0.192479,0.162024,-0.049595,-0.267006,0.287986,0.275054,-0.069626,0.092657,0.111434,0.137584,0.234562,0.178778,-0.191198,-0.144273
0.078807,-0.266331,-0.184475,0.444295,-0.028941,-0.019584,0.232773,0.181064,-0.077700,0.093616,0.245808,-0.472202,0.179726,0.560696,-0.385692,-0.120208
0.210379,-0.068284,-0.278011,0.155350,-0.142855,0.178223,0.174802,-0.045414,0.033677,0.061714,0.074566,0.399376,-0.094970,0.164453,-0.246072,0.015053
0.369512,0.105358,0.143086,0.136571,0.313834,0.059791,-0.046663,0.056711,-0.070181,0.198076,0.107577,-0.039170,-0.022336,0.170820,0.092253,0.219053
0.078818,-0.062070,-0.062208,0.527418,0.192639,-0.135694,0.046947,0.093378,-0.191138,0.083379,-0.195382,-0.525109,0.103534,0.368602,0.309440,0.002351
0.045540,0.228916,0.077565,0.257792,-0.174535,0.273332,0.249728,0.254899,-0.097029,0.070866,-0.098846,-0.176062,0.224533,0.032599,0.045349,0.082005
0.181335,-0.083823,-0.048032,0.103878,0.299809,-0.447853,0.040559,0.123716,0.105385,0.003509,-0.078987,-0.365902,0.261288,0.023230,0.407744,-0.189863
0.086867,-0.297619,-0.079001,0.166202,-0.112245,0.204199,0.053968,0.035771,0.168401,0.038448,-0.063433,-0.078991,0.039396,-0.040118,0.226379,0.068857
0.226814,0.030739,0.101367,0.244098,0.079618,-0.425286,0.054072,0.164380,-0.148866,0.288515,0.072844,-0.120502,0.293836,-0.130960,-0.200347,0.030239
-0.077748,0.169351,-0.025159,-0.043328,-0.177109,-0.172032,-0.155992,0.176136,-0.035602,-0.127503,-0.191945,0.088487,0.069650,-0.156129,0.393210,0.255489
-0.081470,0.301413,-0.004573,-0.082606,0.320621,-0.136072,0.225106,0.081623,-0.017056,-0.012896,0.227764,-0.147136,0.186607,0.026206,-0.000731,-0.176575
0.045468,-0.059002,-0.261821,0.150399,0.315811,0.149925,0.159932,-0.157023,-0.249913,0.262410,-0.076256,-0.551582,0.100834,0.319918,0.166456,-0.298087
0.048495,0.226478,0.007798,0.306355,0.323494,0.245565,0.147412,0.181627,0.090425,0.230632,0.126518,-0.110688,0.144075,0.049293,0.156138,0.005044
0.143653,-0.263339,-0.212469,0.470300,0.193175,-0.028063,0.082247,-0.187721,0.154179,0.345384,0.102524,-0.118622,-0.140752,0.533762,-0.092570,-0.202566
0.164329,-0.031961,0.214735,-0.000164,0.218834,0.473144,-0.229031,-0.233875,-0.272200,0.060956,0.212289,-0.123077,-0.001722,0.099814,0.168229,0.058425
0.012628,0.070337,-0.070042,-0.080072,0.276656,-0.188400,-0.336745,-0.209322,0.113461,-0.099486,-0.153223,-0.122708,0.053520,-0.072340,-0.052047,-0.060873
-0.039831,-0.030502,-0.066087,0.101366,0.041706,-0.070033,-0.362488,-0.155848,0.069076,-0.050302,0.118896,-0.060559,-0.062411,0.105563,-0.307987,0.192376
0.067279,0.315639,-0.153068,0.096864,0.236791,-0.297637,0.216080,0.104708,0.001460,-0.174285,-0.095527,0.001113,0.025893,-0.061698,0.243540,0.029443
0.132155,-0.202587,0.022604,0.080169,0.253336,0.008061,0.225688,-0.035865,-0.089413,0.079962,0.263076,-0.008328,0.124317,-0.059305,-0.391831,-0.051024
-0.116369,0.243367,-0.007645,0.065913,-0.231705,-0.192137,0.039026,0.108738,0.074440,-0.009388,0.008216,0.250666,0.156642,0.011657,0.099138,0.010645
-0.113756,0.134552,-0.028182,0.021040,-0.146629,0.364799,-0.252017,0.109247,-0.134866,-0.027898,-0.175448,0.091683,-0.083175,0.071580,-0.062283,-0.002504
0.161367,0.104874,0.091367,0.076175,0.131392,0.128902,0.165769,-0.114531,-0.185788,0.139132,0.168159,0.341772,-0.153650,-0.091913,-0.058708,0.030000
0.287221,0.000513,-0.053098,0.363333,-0.174994,-0.209339,0.134277,-0.037772,0.015232,0.097762,0.143881,-0.025878,0.402949,0.157706,0.132603,-0.036458
0.019132,0.189871,-0.009213,0.246626,-0.145168,-0.028295,0.088356,-0.028430,0.136771,0.086436,-0.311334,-0.220494,0.032628,0.014809,0.003322,0.171247
-0.389032,0.033728,-0.012856,-0.060348,-0.035966,-0.220336,0.141443,0.052091,0.059316,-0.039194,0.112832,0.008945,0.086256,0.208175,0.041013,-0.192305
0.381538,-0.203421,-0.106964,0.173502,0.201049,-0.241542,0.285571,-0.117505,-0.144607,0.175445,-0.262373,-0.139696,0.206259,0.089368,0.415125,-0.110545
0.043224,-0.325026,-0.023113,0.248653,0.355847,-0.092176,0.178164,-0.017373,-0.011306,0.343867,0.476155,0.240051,0.393515,0.077526,-0.176395,-0.281821
0.323433,-0.337614,0.045319,0.202823,-0.266304,0.063604,0.218249,0.066915,-0.019066,0.325392,-0.354191,0.226358,-0.006902,0.097035,0.452666,-0.010414
0.067967,0.022680,-0.522606,0.359315,-0.034212,-0.015880,-0.066137,0.192416,-0.016292,0.066536,-0.114300,-0.024890,0.104910,0.178091,0.117912,-0.081950
-0.128582,0.240606,0.043314,0.040764,-0.195566,-0.385362,-0.142981,-0.027204,0.089259,-0.155398,0.305454,0.070369,-0.038748,-0.044825,-0.190992,-0.030615
0.132971,0.009671,0.165162,-0.025643,0.095254,0.057403,0.010808,-0.429820,-0.061270,0.151056,0.111635,-0.396981,-0.113546,-0.071652,-0.086610,0.119184
-0.149406,0.132686,-0.219020,0.205369,0.133381,-0.062326,-0.000167,-0.003629,-0.109392,0.055831,0.186184,-0.137195,0.021480,0.051963,0.074847,0.030789
0.443434,0.117573,-0.271549,0.433496,0.049296,0.403523,-0.557746,0.166510,-0.187726,0.025219,0.188134,-0.093186,-0.267425,0.190973,-0.094943,0.202589
0.260639,-0.344827,-0.391889,0.189513,-0.038932,0.460749,0.357764,0.032261,-0.133613,0.411026,0.088631,-0.254055,0.009389,0.727537,0.199643,0.081195
-0.038122,-0.352204,-0.057575,0.159853,-0.322165,0.269230,-0.053034,0.013658,0.129000,-0.153290,-0.031587,-0.281007,0.062856,0.147477,-0.055777,-0.017268
0.278168,0.211338,-0.083056,0.189768,0.047435,-0.181473,-0.124860,-0.073488,-0.147462,-0.033711,-0.212187,-0.350186,0.431488,0.244728,-0.072445,-0.029270
-0.048490,0.053364,-0.063405,0.092572,0.163131,-0.414359,-0.141216,0.025130,-0.040008,-0.028423,-0.220321,-0.109180,0.336988,-0.104218,0.145724,-0.283029
0.100410,0.155545,-0.032697,0.072291,0.008212,-0.354162,-0.083792,0.058155,-0.076045,-0.002297,-0.025621,0.092133,0.004697,-0.029156,0.145044,-0.169213
0.208759,-0.106000,-0.220471,0.035204,0.005492,0.165071,0.154887,-0.490708,0.061798,-0.117215,0.349623,0.436324,-0.190961,-0.149877,-0.337964,-0.063682
-0.015014,0.036068,0.199932,0.174519,-0.055081,-0.235311,0.102034,0.138288,-0.082470,-0.068778,-0.021277,-0.322410,-0.283137,0.039882,-0.119356,0.171532
-0.240185,0.010980,-0.077862,-0.041316,0.122287,0.126580,0.108355,-0.140455,-0.087056,-0.201012,-0.241659,-0.249514,-0.243643,0.148179,0.219526,0.231258
0.048378,0.001826,-0.013163,-0.005870,-0.074679,0.129727,0.064887,-0.221586,0.079684,0.123605,-0.231443,0.196544,0.166064,0.015939,0.230260,-0.026423
0.081311,0.228460,-0.280959,0.157390,0.129383,0.126201,0.048221,-0.081557,-0.053393,0.075984,0.058712,-0.203204,0.059860,0.080839,-0.003698,0.264717
-0.103207,-0.026730,0.022073,0.125192,0.033235,0.026152,0.163143,0.449359,0.063778,-0.054850,-0.044235,-0.139257,0.004098,-0.230812,0.535300,-0.108295
0.105022,0.122170,-0.058884,0.064631,-0.172196,-0.215843,0.047789,0.109412,-0.087657,-0.098345,-0.013753,0.202153,0.210550,-0.172133,0.032842,-0.005015
-0.333285,0.219046,-0.106154,-0.066726,0.390072,0.184271,0.108506,0.233781,0.030984,-0.033717,-0.216891,-0.203783,-0.224000,-0.112817,0.382996,0.043943
0.124298,0.170661,0.104134,0.039762,-0.020033,-0.096055,-0.191496,-0.013390,-0.134829,0.189566,0.006557,0.071287,0.055210,0.064714,-0.223992,-0.025704
0.042940,-0.042413,0.247091,-0.040584,-0.059832,-0.017461,0.010867,-0.228806,0.086186,-0.001111,-0.075627,-0.199586,-0.136212,0.068529,-0.190423,0.140581
0.102717,-0.118123,0.002795,0.031655,0.015082,0.084070,0.197073,0.257971,0.013217,-0.013239,-0.094840,-0.136528,0.113060,-0.021153,0.482391,0.033209
0.179761,-0.053975,0.086364,0.049237,0.062112,0.127975,0.206328,0.132884,-0.112903,-0.110968,-0.041563,-0.120490,-0.332615,0.162339,0.329938,0.147028
0.139733,-0.112711,-0.075589,0.275608,-0.122179,0.262813,-0.079836,0.187266,-0.040238,0.272847,-0.006479,-0.361733,0.058805,0.263594,-0.034848,-0.072565
0.160617,0.038495,-0.084042,0.271342,-0.108457,0.264243,0.033883,-0.083612,-0.085874,0.045546,-0.285586,-0.156010,0.049894,0.236746,0.103132,0.080528
0.047470,-0.187946,-0.121193,0.390490,-0.093146,-0.000010,0.140669,0.126835,-0.130045,0.179441,0.223346,-0.227534,0.287846,0.397145,-0.091513,-0.109271
0.324016,-0.501645,-0.143950,0.858925,-0.154925,0.424092,-0.060253,-0.115800,-0.121003,0.356912,0.216311,-0.123547,-0.182813,0.471948,-0.332557,0.160841
-0.074639,-0.112466,-0.137189,0.043757,0.125448,0.363001,-0.087130,-0.109851,0.046811,-0.169240,-0.015744,-0.162577,-0.111638,0.111152,-0.178516,0.027820
0.010540,0.255442,-0.104748,0.113751,0.257445,-0.152249,-0.089703,-0.070926,0.115189,0.040990,-0.057336,0.123961,-0.383457,0.024705,-0.229039,0.027704
-0.121181,-0.139039,-0.035492,-0.064948,0.253100,0.056438,-0.060239,-0.116123,0.100992,0.058125,-0.038734,-0.208588,-0.122645,-0.021464,0.211007,-0.028173
0.269051,0.104467,0.015846,-0.034441,-0.084082,0.153513,-0.076652,0.149394,0.017687,0.287259,-0.084859,0.077019,-0.120662,-0.023143,0.201671,-0.153017
0.043277,0.318332,0.020805,0.051579,0.172378,0.036212,0.128300,0.067424,-0.166110,-0.081194,-0.043851,-0.278205,-0.033064,-0.083611,0.071854,0.102591
0.150871,-0.154915,0.139423,0.121147,-0.253044,-0.159366,-0.005045,-0.197828,0.212873,-0.011809,-0.159784,0.098449,-0.101812,-0.034545,0.020130,-0.181932
-0.452179,-0.360243,0.151747,0.024186,-0.124935,0.031199,-0.040581,-0.329818,0.134982,-0.149492,-0.032937,-0.334485,0.074833,0.102456,0.115695,-0.050416
-0.233102,-0.563381,-0.085974,-0.076165,-0.137553,0.239994,-0.027272,-0.135128,0.072267,0.112599,0.233048,-0.143257,-0.227608,0.117268,0.052013,-0.121238
-0.038762,-0.137967,0.261720,0.051261,0.058739,0.098805,0.054846,-0.220434,0.137150,0.035455,-0.037200,-0.359701,-0.046078,-0.039080,0.334962,-0.035381
0.433028,0.198091,0.292030,-0.044890,-0.113806,-0.018966,-0.109812,0.122251,0.049251,0.031961,0.145195,-0.103477,-0.268635,-0.134585,0.270401,0.153286
0.164966,0.138327,-0.052313,0.058049,-0.206569,-0.097725,-0.045206,-0.195794,0.199744,-0.064758,0.121280,0.372746,-0.048850,-0.037196,-0.113285,-0.014942
0.389126,0.093760,0.127881,-0.066146,0.052689,-0.048855,-0.086299,-0.084155,0.078693,-0.015808,0.055566,-0.161398,0.169056,-0.007212,0.012636,0.097713
0.009837,0.052110,-0.080926,0.089462,-0.130806,-0.311431,0.151442,0.121288,0.058578,0.158858,-0.126398,0.151069,0.020009,-0.112026,-0.019994,-0.049921
-0.308915,0.121032,-0.008757,-0.050745,0.034799,-0.185820,-0.394100,0.128551,-0.036344,-0.228371,0.100198,-0.212346,0.306691,-0.058838,-0.221795,0.097402
-0.020144,-0.222725,-0.307678,0.129847,0.313727,-0.293006,0.148854,0.031870,0.169101,0.203144,-0.163844,-0.273702,-0.263367,0.115810,0.743215,-0.351960
0.168263,0.142089,-0.214455,-0.070230,-0.060126,-0.141538,0.207581,0.153107,-0.093942,0.143881,-0.456825,-0.062687,0.234920,0.167767,0.383059,0.095737
0.118048,0.326598,-0.072652,-0.043646,-0.102509,-0.032260,0.161524,0.123487,0.051979,-0.112596,-0.070902,-0.023839,0.033696,-0.049528,0.081592,0.049329
-0.089859,0.060479,-0.080346,0.027126,-0.156237,-0.158217,0.287590,0.055978,-0.228376,0.161115,-0.331202,-0.169175,-0.088304,-0.099602,0.282955,0.262189
-0.029816,-0.068712,-0.066783,0.054053,-0.123199,-0.134138,0.033654,-0.132002,-0.048111,-0.219508,0.010838,0.407538,0.007488,-0.058802,0.368737,0.103486
0.118307,0.240942,0.052867,0.396535,-0.051179,-0.127948,0.062553,-0.023161,0.052808,0.281001,0.092564,-0.292561,0.361318,0.417356,0.357279,0.114457
-0.181204,0.235770,-0.241158,0.117961,-0.201386,0.158857,0.072641,0.116242,-0.083970,-0.144347,0.207676,-0.200040,-0.252910,0.094440,0.079491,-0.146615
0.200356,0.392407,-0.192432,0.097630,0.377116,-0.184583,0.044836,0.051698,-0.127019,0.080849,0.038756,0.037453,0.418666,-0.049310,0.141007,0.115814
0.149893,0.014045,-0.159857,0.063234,0.158374,-0.345878,-0.094482,-0.113513,-0.150048,-0.046759,0.268641,0.218212,-0.036804,0.049086,-0.041603,-0.069185
0.327353,0.070752,-0.128202,0.014194,-0.016123,0.050923,-0.075210,-0.082148,-0.031507,0.028407,-0.155794,-0.409584,-0.116995,-0.066408,-0.114666,0.116110
0.158230,0.395129,-0.069215,0.194593,-0.200529,-0.070295,-0.082161,-0.011346,-0.121021,0.152892,-0.121039,-0.117032,0.178474,-0.001699,0.128498,0.120676
-0.323701,-0.015752,-0.131145,-0.136068,0.137432,-0.097457,-0.133694,-0.322304,-0.009732,0.003866,0.090676,0.293176,-0.156213,0.029215,-0.234381,0.041511
0.175109,-0.037452,0.027111,-0.092990,-0.141003,-0.063370,0.181149,-0.055770,-0.130697,-0.271338,-0.031818,-0.185607,-0.150345,-0.048567,0.264535,0.012779
-0.015024,-0.088217,-0.039742,0.031919,-0.109806,0.477299,-0.186954,0.000886,-0.016882,0.155075,0.045350,-0.210731,-0.205356,0.035496,-0.185833,-0.039769
-0.013088,0.340623,0.179074,0.137842,0.180847,-0.026777,0.342163,0.279032,-0.135232,0.105495,-0.125679,-0.058117,0.164316,0.078744,0.100388,0.072880
0.023079,0.067001,-0.109312,0.065879,-0.078267,-0.039169,0.055825,-0.005930,-0.207709,0.008376,-0.113542,-0.136901,-0.141246,0.072959,0.272930,-0.037751
0.281945,-0.199595,0.060875,-0.022452,0.147463,-0.174325,-0.076799,-0.381029,0.104730,-0.168142,-0.006674,-0.247987,0.013723,-0.022376,-0.213137,0.120078
0.075518,0.029547,0.140782,0.150724,0.135547,0.092096,-0.075943,-0.032157,-0.177092,-0.011364,0.326705,0.088849,-0.063705,0.033814,0.170790,-0.004543
0.018640,-0.274697,0.062587,0.058462,-0.031961,-0.137927,0.306133,0.166602,-0.054908,0.168584,0.087006,-0.161997,0.229534,-0.078559,0.086798,-0.182593
0.223811,-0.128100,-0.046694,-0.008678,-0.192356,-0.278491,0.292838,0.056582,-0.118923,0.159336,-0.091633,0.108996,0.260943,-0.069872,-0.009954,-0.038732
0.282782,0.066943,0.001927,0.235514,-0.078744,0.069174,0.096952,0.198668,-0.124116,0.223457,-0.004711,-0.118415,0.377883,0.187703,-0.045399,-0.047398
0.140746,-0.002629,0.211511,0.037146,0.049728,-0.032162,0.183288,0.008073,-0.008669,0.167132,0.498226,0.434627,0.141420,0.011568,-0.397634,-0.199428
-0.090246,-0.305222,-0.029683,0.037286,0.045694,-0.244401,0.044868,0.038658,0.083066,0.220560,0.018295,-0.222288,0.288361,0.024905,0.238516,-0.268681
0.118823,0.251755,0.123077,0.048156,0.008215,0.075495,-0.022529,0.232742,-0.013269,0.037105,-0.036267,0.016102,-0.137110,0.022056,-0.032560,0.214957
-0.332768,0.084075,-0.034641,0.116657,0.138760,-0.086689,0.058230,0.030928,0.052749,0.021178,-0.085573,-0.288683,0.263178,0.057723,0.278815,0.165205
0.030746,-0.277520,-0.026570,0.024155,0.045352,-0.143392,-0.043797,0.097980,0.072466,0.158257,0.144790,-0.044474,0.150974,0.181612,-0.166722,-0.027697
0.142685,-0.067475,-0.105203,0.215896,0.048690,0.239488,-0.105928,-0.141775,-0.215513,0.306221,0.035238,-0.359447,0.055793,0.176524,-0.606594,0.115400
-0.158688,-0.171879,-0.115877,0.058143,0.234826,-0.312250,0.094946,-0.173362,-0.195043,0.145924,-0.185961,-0.275324,0.285328,0.095609,0.361855,-0.070816
-0.090615,-0.007297,0.009209,-0.065447,0.234323,0.248925,-0.050425,-0.159934,0.135572,0.161197,0.058289,-0.041566,-0.076031,-0.111869,0.053307,-0.067017
0.396326,0.026840,-0.020155,0.100833,0.325914,0.189204,0.141620,-0.125452,-0.086883,0.414373,0.175311,-0.111948,0.319423,-0.081695,-0.231528,0.032864
-0.006234,-0.116360,0.158162,-0.008271,0.100213,-0.081141,0.362705,0.200541,0.012087,0.087978,0.203151,0.199720,-0.003972,-0.112473,0.094890,0.004340
0.192037,0.198859,0.160364,0.018751,-0.097500,-0.040467,0.117880,0.107944,0.138234,-0.034599,0.146938,0.377667,-0.081220,0.098185,-0.155293,0.289673
-0.531286,-0.067989,0.135551,0.113546,0.156105,-0.111241,0.176464,0.287007,-0.081672,-0.344513,0.041396,-0.091253,-0.071409,-0.034499,-0.059493,-0.014303
-0.039354,0.009637,-0.008465,0.094093,0.109196,-0.355702,0.165506,-0.059622,-0.221317,0.069758,0.311651,-0.106409,-0.084292,0.115788,0.270112,-0.049410
-0.101921,0.144208,-0.363486,-0.036917,0.028559,-0.299789,0.064553,-0.068456,0.239074,-0.310255,-0.010778,-0.168124,-0.024268,0.155001,0.061114,-0.189523
0.087056,0.134005,-0.108108,0.047001,0.031386,0.041822,-0.288109,0.121209,-0.130697,-0.099382,0.047400,-0.365626,0.094583,-0.013265,-0.183200,0.037781
-0.098128,0.106178,0.109460,-0.033481,-0.104904,0.103353,0.151103,0.086998,-0.120852,0.165053,-0.098662,0.119810,0.115964,0.169398,0.124763,0.289936
0.031609,0.027444,0.041873,0.048922,-0.216610,-0.169444,0.179247,-0.245118,-0.027179,0.021493,-0.229470,0.022347,-0.069312,-0.005888,0.205202,0.081781
0.175533,0.146043,-0.068533,0.062854,0.003184,0.234565,-0.021525,0.130600,-0.068160,0.371062,-0.249016,-0.112548,0.032531,-0.041049,-0.067045,-0.118264
0.101975,0.090618,-0.117181,-0.069190,0.063105,-0.229956,0.258078,0.102603,-0.115260,-0.117998,-0.154780,-0.203356,-0.166940,-0.022693,-0.082216,0.199602
-0.327394,-0.040314,-0.031125,-0.037765,0.337505,-0.247448,0.139799,-0.170351,-0.003570,-0.041350,0.334841,-0.189870,0.124619,0.048447,0.099862,0.132146
-0.134029,-0.003424,-0.243904,-0.073029,0.109654,-0.020232,0.111293,0.000507,0.182465,-0.091617,-0.005324,-0.100650,-0.050898,0.034047,0.166165,0.049099
0.117508,0.181714,-0.013480,0.076884,0.179068,-0.157072,0.116985,0.257376,-0.094254,0.272495,0.092184,-0.072266,0.081504,0.035059,0.196110,-0.218614
-0.080984,-0.096387,0.071702,-0.035175,-0.119732,0.294319,0.105842,-0.149110,-0.041484,-0.055698,0.254061,-0.257244,0.000415,0.262299,-0.067690,0.013357
0.192452,-0.328844,-0.022843,-0.005686,0.074075,-0.026764,-0.168138,0.102978,-0.083904,-0.078859,0.196326,0.111330,0.137251,0.146783,-0.296976,-0.221435
0.049105,-0.040545,-0.366919,0.018927,-0.121402,0.104821,-0.069534,-0.311798,0.202485,0.256152,0.153279,-0.112308,-0.170603,0.106410,-0.256858,0.032859
0.001229,-0.132548,-0.261949,-0.074341,0.164611,-0.205223,-0.134113,0.038576,-0.185444,-0.148805,0.119457,-0.091535,-0.094147,0.089498,0.017628,0.038732
-0.024639,-0.073895,-0.114739,0.109555,0.451526,-0.232348,0.358875,-0.061010,0.016123,0.165562,0.077977,0.103578,-0.046138,0.029073,0.515168,0.019470
0.017646,0.101307,0.084962,0.104023,-0.096586,-0.045911,0.284402,0.033845,-0.118685,-0.047005,-0.192763,-0.087068,-0.004503,-0.178617,0.323560,0.111403
-0.007375,0.250096,0.058741,0.034877,-0.035401,0.154078,0.122220,-0.153245,0.101075,0.026077,0.028197,0.161149,0.143907,-0.012366,0.186240,0.024754
-0.161571,-0.276728,-0.085686,-0.102838,-0.060335,0.030505,0.056888,0.035567,-0.053322,-0.157773,-0.164525,-0.222349,-0.168440,0.081086,0.085572,-0.083097
-0.043464,-0.030336,-0.140478,0.023103,0.030192,0.108371,-0.063772,0.161329,-0.099577,-0.145848,-0.291604,0.069331,-0.047074,0.012287,0.114814,-0.118585
0.053425,0.009596,0.129732,-0.002774,0.217198,-0.345093,-0.116560,-0.192613,-0.002873,0.112758,-0.060459,0.136429,0.130278,-0.008003,0.153939,-0.177924
-0.187812,-0.074497,0.028067,0.068646,0.143176,0.070282,-0.154727,-0.079134,0.160211,-0.305799,-0.070447,-0.449378,-0.134199,-0.048627,-0.227991,-0.042723
-0.129995,-0.151241,0.035671,0.101199,-0.324228,0.291769,-0.127027,0.157447,0.140591,0.055339,0.249511,0.063271,0.137781,0.007122,-0.176909,-0.066129
0.417909,-0.042811,-0.465058,0.039941,-0.078118,-0.199844,-0.186313,0.120756,-0.137504,0.064717,-0.323652,-0.135243,0.015332,-0.087614,0.271966,-0.256159
-0.337027,-0.081970,-0.048987,0.005509,0.236364,-0.154735,0.012018,0.059111,-0.036611,0.062970,0.048463,-0.177684,0.423877,-0.007696,-0.048888,-0.193251
0.189099,-0.327699,0.032437,-0.065277,-0.115108,0.295770,0.158654,-0.027480,-0.015926,0.058897,-0.120000,0.008592,-0.052344,-0.065573,0.303087,0.109626
0.210675,-0.123357,-0.085348,-0.113042,-0.123902,0.307773,-0.045774,0.061921,0.005414,-0.020514,-0.172011,-0.147790,0.027156,-0.080363,-0.039444,0.123502
-0.221685,0.092723,0.093145,-0.164693,0.297149,0.104319,0.012549,-0.137997,0.073401,0.008002,0.048336,0.067485,0.044588,0.069910,0.193965,0.129477
-0.443501,0.199192,0.228345,-0.079397,0.167326,-0.124661,0.049459,-0.056070,-0.113989,-0.234402,0.059830,-0.078798,-0.015920,-0.009454,0.064307,-0.319076
0.156073,0.099548,-0.198514,0.016597,0.123279,-0.208500,-0.068276,0.114977,-0.167930,0.085980,-0.072072,-0.233084,0.279007,-0.015157,0.214380,0.159758
-0.174542,-0.221775,0.096661,-0.044244,0.228076,-0.017938,0.028860,-0.088716,0.180098,-0.095830,0.042837,-0.062358,-0.245796,-0.021282,0.134501,-0.091026
0.085737,0.075148,-0.114546,0.055276,-0.027648,0.548098,-0.060558,-0.052061,-0.098733,-0.037329,0.123953,-0.049439,-0.401543,-0.001012,-0.448296,0.153290
-0.057175,0.246308,0.204735,0.122395,-0.500785,-0.256961,0.179581,-0.050914,-0.054923,-0.036494,-0.113324,0.253565,0.224122,-0.071134,-0.105821,0.304259
0.197716,-0.027010,0.197026,0.011720,0.348632,0.239586,0.131648,-0.140147,-0.055189,0.159110,0.231126,0.014691,-0.207037,0.037283,-0.108597,-0.184866
0.063957,-0.012659,0.054700,0.019693,-0.090885,0.027173,0.093005,0.183691,-0.098416,0.042582,-0.387193,-0.264965,0.123400,0.317047,0.001771,0.330107
-0.188478,-0.049163,0.152237,0.052210,-0.068883,-0.339764,0.001683,-0.173360,0.057434,-0.022707,-0.108607,-0.131034,-0.350121,-0.173051,-0.345969,-0.193975
-0.039588,-0.204386,-0.290146,0.067003,0.038998,0.037079,-0.093419,-0.105613,0.019632,-0.107534,0.180307,-0.111713,-0.003461,0.068874,-0.086562,-0.003563
-0.266793,-0.444782,-0.076870,0.131504,0.058549,-0.047567,0.267973,0.181721,0.158775,0.098464,0.024896,-0.340399,0.331392,0.076124,0.025265,-0.143004
-0.077970,0.197889,-0.123157,-0.071915,-0.072754,0.287440,-0.122869,-0.238791,-0.266827,-0.029176,-0.176522,-0.085785,0.004215,-0.089881,0.164745,0.266740
0.401405,0.092988,0.059091,0.073616,0.218372,0.127656,-0.376208,0.012691,0.114461,-0.043325,0.004492,0.041574,0.180802,-0.017882,0.117328,0.022321
0.200740,0.313539,0.141755,-0.013304,-0.080171,0.233579,0.057813,0.104877,-0.055588,0.033642,0.032737,0.111381,-0.224419,-0.045640,0.050314,0.240371
-0.040644,-0.066199,0.061639,0.005537,0.088093,0.231109,0.244207,-0.244823,-0.081210,-0.000554,-0.023084,-0.054592,-0.183340,0.067492,0.360092,-0.023501
-0.035064,0.071162,-0.386681,0.071667,-0.150236,0.393192,-0.176711,-0.006484,-0.008641,-0.160268,-0.072801,-0.012232,-0.052836,0.058479,0.207450,-0.049393
0.035249,-0.159945,0.055856,0.052635,-0.146712,0.053178,-0.024226,0.182470,0.093951,-0.077085,-0.038872,0.223257,-0.176341,-0.082136,-0.075686,0.005368
0.011094,0.209998,-0.175713,0.024823,-0.099990,-0.191776,-0.075527,0.045293,-0.117858,0.103343,-0.212615,-0.077149,0.034365,-0.000474,0.302655,-0.055274
0.014024,0.125736,-0.113308,0.093567,0.028386,-0.238452,0.145767,0.303989,0.036490,0.036335,-0.134056,0.127818,0.197590,-0.026628,0.081047,0.175361
-0.068554,0.028581,0.100282,0.096592,0.337253,0.320516,0.109640,-0.143231,0.039691,0.135179,-0.035847,-0.160035,0.044699,0.198927,0.290399,-0.037548
-0.006094,-0.305450,0.317810,-0.122911,0.131301,0.249323,0.143437,-0.158158,-0.006053,0.183504,0.202613,-0.053354,0.069923,0.022156,-0.340084,0.045652
-0.459903,0.283480,-0.006465,0.103878,-0.205016,-0.009993,0.137906,0.073520,0.069136,-0.031194,-0.088954,-0.162515,0.113796,0.149895,0.354415,-0.045881
-0.254958,-0.265353,0.169936,0.005003,-0.116080,0.091893,0.082592,-0.005065,-0.085894,0.104050,0.254524,0.320364,0.478771,0.010379,0.067984,0.025489
-0.076847,-0.142954,0.055860,-0.032046,-0.287089,0.312872,-0.053356,-0.002158,-0.066425,-0.083718,0.000295,-0.209828,-0.089421,0.004773,0.198562,-0.072116
-0.092027,-0.234896,-0.311635,-0.078847,0.370178,-0.186172,0.278878,0.052035,-0.008238,0.005897,0.079000,-0.256336,0.206062,0.012686,0.189988,-0.310224
0.313917,0.153489,0.024946,0.056002,0.194675,0.179849,0.230682,-0.254820,-0.019782,0.258204,0.116022,0.041488,-0.224598,0.041878,0.227635,-0.300227
0.278308,0.192037,0.263614,-0.088084,0.160838,-0.030006,-0.203146,0.163547,0.119009,0.028556,0.149807,0.046303,-0.016562,0.045393,-0.033857,-0.080353
0.062921,0.213186,0.043502,0.115755,0.072861,-0.125904,-0.253076,0.180840,0.093310,0.116174,0.105877,0.009829,0.031211,-0.029631,-0.023814,0.247334
-0.213326,0.160949,0.029245,-0.040651,-0.083293,-0.161646,-0.102700,-0.065743,0.201209,-0.048565,-0.054342,0.230609,0.023829,-0.030651,-0.115142,0.040032
-0.061316,0.434776,0.079253,0.001591,0.158647,0.084622,0.295852,0.110533,0.088222,-0.007063,0.037083,0.089999,-0.204935,-0.230750,0.068252,0.281779
-0.089684,-0.148684,0.350650,0.149939,0.135579,-0.150253,0.168499,0.157911,-0.000669,0.116528,0.026421,-0.303641,-0.033562,-0.094242,0.123650,-0.105326
-0.368353,-0.190719,-0.239827,0.093196,0.262159,0.435277,0.282357,0.356958,0.035846,-0.131508,0.031366,0.059402,-0.082492,0.019673,0.137448,0.106235
0.058231,0.101997,0.124782,0.001251,-0.127488,0.352098,0.274983,-0.008118,0.022575,-0.032224,0.243856,0.299162,-0.069010,-0.169768,0.154212,-0.148200
-0.035474,-0.134856,0.078504,0.059293,0.128209,0.225210,-0.101699,0.177895,0.038625,0.060425,-0.214525,0.122219,-0.197417,0.007678,0.222979,-0.004703
-0.094270,0.364091,0.314547,0.064317,0.232764,0.153766,0.115665,-0.065591,0.212308,-0.166050,-0.138552,0.139036,-0.077691,-0.060650,0.000719,0.070618
0.094292,0.068030,0.169622,0.072522,-0.132474,0.011416,-0.010319,-0.020634,0.012484,0.088371,-0.129642,-0.014260,0.001453,-0.162515,0.051465,0.325597
0.226306,-0.293095,0.061357,0.058107,-0.279220,0.057372,0.047603,-0.055045,0.057804,-0.102258,0.277342,-0.178856,-0.118727,0.015225,0.367773,0.018951
-0.087968,0.018105,-0.356865,-0.039597,0.075771,-0.301471,0.135394,-0.052013,0.118055,-0.235716,-0.327290,-0.414539,-0.256723,-0.139393,0.278242,-0.296974
0.185562,-0.115434,-0.239926,0.068060,0.179414,-0.060998,0.094782,-0.253943,-0.121650,0.102849,0.194310,-0.381700,0.360731,0.077373,-0.276203,-0.282416
-0.025849,0.095637,0.036151,-0.023932,0.119166,0.294746,0.097766,-0.084450,-0.109904,0.060432,-0.081038,0.200333,-0.163084,0.057469,-0.210816,-0.113504
0.197192,-0.165610,-0.058078,-0.062177,0.055106,0.022212,0.220679,-0.119991,-0.189924,0.145360,0.124316,-0.083886,0.137785,0.062047,-0.030563,0.180271
0.038815,0.083353,0.050156,-0.080958,0.035117,0.383047,0.203490,0.053964,-0.118140,-0.214015,-0.101129,0.287926,-0.010246,0.160315,-0.068016,0.037121
0.049809,-0.061388,-0.148179,0.071555,-0.028928,0.492199,0.173598,-0.092894,-0.066904,-0.047204,0.079766,0.020626,-0.134394,-0.010413,-0.077415,0.271129
0.119396,0.149635,-0.333390,0.058791,-0.207833,0.067941,-0.004467,0.016192,-0.176474,-0.115834,-0.084020,-0.028261,0.095053,0.003311,0.197553,-0.271536
0.090681,0.128238,-0.054289,0.006706,-0.026662,0.528794,-0.040227,-0.072021,0.127336,0.080312,0.104307,0.168197,-0.367098,-0.034200,-0.216364,0.038451
0.231989,0.184966,-0.072908,0.069884,-0.119300,0.059339,-0.125491,-0.269707,-0.011920,0.110650,0.402433,0.133609,0.085454,0.019314,0.026912,-0.022231
0.322847,0.025369,-0.370182,-0.092177,0.303854,0.015507,-0.153090,-0.019764,-0.053315,-0.146273,-0.167617,-0.122460,0.220524,0.141032,0.453918,-0.155147
-0.002690,0.175863,-0.213637,0.041235,0.088597,0.198589,-0.228430,-0.024182,-0.040095,-0.114927,0.008295,0.221891,-0.194777,0.013670,0.276188,0.076244
-0.176148,-0.139196,0.109597,0.109685,-0.224846,0.169815,0.324392,0.500048,0.012370,-0.066888,0.163997,-0.239092,-0.016664,-0.047581,-0.129710,0.023442
0.463888,0.034407,0.073289,0.027732,0.391628,-0.001132,-0.040251,0.225299,-0.191937,-0.042235,-0.065931,0.050508,0.069245,0.149303,0.266113,-0.196835
0.580070,-0.099644,0.103484,0.010944,0.047178,0.064419,-0.083832,-0.150265,-0.016303,0.290383,-0.036974,-0.025875,0.009880,0.074333,-0.043085,-0.035698
-0.021738,-0.163786,0.050817,0.140841,-0.012123,0.031287,0.089644,0.034811,0.019620,-0.054922,0.187324,-0.075951,-0.016180,0.015155,-0.346629,-0.044467
0.182158,0.068469,-0.135605,0.095164,0.304157,-0.134738,0.115691,-0.087405,-0.030063,-0.091594,0.043032,-0.196842,-0.025049,-0.020635,-0.133360,-0.140959
0.142734,-0.238717,0.122478,-0.025341,-0.037283,0.234246,0.221582,0.347665,-0.056210,0.132668,0.051920,-0.167273,-0.108716,0.149726,0.135981,-0.217375
0.153481,0.134542,-0.131590,0.074981,-0.181134,0.173254,-0.327903,-0.047239,-0.096705,0.086283,-0.003603,-0.240722,-0.077035,-0.056535,-0.086594,0.124839
-0.191827,0.328701,0.229909,0.010423,-0.040432,-0.354079,0.141995,-0.013685,0.125542,0.120917,0.128934,0.107758,0.435017,-0.025362,-0.023638,-0.111788
-0.053035,-0.328814,-0.156456,0.094773,-0.008607,-0.305247,-0.201467,0.037273,0.122866,0.208394,0.087769,0.321024,0.316949,0.123216,-0.178963,-0.135867
0.215511,0.001441,-0.205948,0.138693,0.073143,0.153132,-0.042046,-0.200808,-0.077205,-0.037393,-0.051361,-0.311214,-0.043765,0.104562,-0.196031,-0.047308
-0.291270,0.178500,-0.167300,0.032598,0.054407,-0.212144,0.032208,0.116045,-0.084103,0.013517,-0.154250,-0.427540,-0.218166,0.136054,0.442667,0.175877
0.251423,0.006135,0.347805,0.050326,-0.255386,-0.019158,-0.056968,0.214150,0.223179,0.218288,0.106493,0.079424,0.097396,-0.022109,0.114750,0.272955
0.162163,0.301603,0.116948,0.085346,-0.281253,-0.360680,0.158573,0.054274,-0.235150,0.142346,0.049483,0.083155,0.605138,-0.007992,-0.012132,0.140985
0.204584,-0.087660,0.061836,0.042200,-0.106660,0.063953,0.096948,-0.143744,-0.137181,-0.032281,-0.075766,0.056869,-0.022814,0.099499,0.113548,0.177117
0.151609,0.371821,0.063688,0.145533,-0.215078,-0.152446,-0.067870,-0.004803,0.183728,0.008137,0.240097,0.159946,0.041476,-0.009961,-0.276087,-0.009097
0.298909,-0.296559,0.103740,-0.063507,0.176909,-0.226445,-0.043886,-0.133548,0.106431,0.015346,0.123280,-0.073769,0.347873,0.190212,0.072339,-0.074277
0.100397,-0.246818,-0.219363,0.026707,0.019480,-0.296148,-0.042971,0.267185,-0.007552,-0.002872,-0.012790,0.104974,-0.055131,-0.136243,-0.196473,-0.093397
-0.050666,-0.143112,-0.073138,-0.003689,0.283119,0.067011,0.105891,0.067352,0.026435,0.057936,0.161360,-0.144864,0.283059,-0.063867,-0.102789,-0.014738
-0.052742,-0.054212,-0.201991,0.088440,0.476084,0.035820,0.153700,0.045251,-0.100055,-0.068420,0.117164,-0.167372,-0.289589,-0.102012,0.588642,-0.041366
-0.070871,-0.040220,-0.094156,0.134333,0.229761,-0.081400,0.118927,0.290966,-0.024542,-0.109562,-0.111718,0.095176,0.051039,0.117689,0.548175,0.037488
0.274341,-0.502709,0.137033,0.008506,-0.267389,0.200825,0.166961,-0.159814,0.102508,0.082379,0.046020,0.173844,-0.146504,-0.099921,-0.116661,0.054191
0.072980,0.071323,-0.069281,-0.110967,-0.164986,-0.226551,0.056516,0.027576,-0.078194,0.011293,-0.372093,-0.269286,0.079144,0.118216,0.340441,0.007493
-0.122771,0.132051,-0.131905,0.032925,-0.028366,0.039876,-0.085343,-0.107760,0.051785,-0.097596,-0.049995,0.055380,0.102406,0.141414,-0.078367,0.013630
0.315910,0.187267,-0.142900,0.104801,-0.028244,-0.174431,-0.039786,0.275606,-0.014740,0.091245,-0.075589,-0.187650,-0.007952,-0.016534,0.013733,-0.084101
-0.016527,0.014056,-0.184446,-0.061561,-0.050858,0.040935,0.087507,-0.020825,0.122215,0.052227,0.032198,0.036630,0.198051,0.001125,-0.141869,-0.018865
-0.142542,-0.123377,0.215991,0.149170,0.002803,-0.082266,0.233649,-0.020649,-0.162380,-0.178158,0.016755,-0.068063,0.031720,-0.064366,-0.059608,0.260626
0.077844,0.150184,0.277512,0.139908,-0.213484,0.053918,0.079559,0.215018,-0.090160,0.161843,0.063182,-0.132517,0.013657,-0.124928,0.042737,0.135922
0.006785,-0.053035,-0.033112,0.004517,-0.177865,-0.337605,0.117429,0.116943,0.031613,0.115238,-0.242010,0.326553,-0.053333,0.006312,0.434013,-0.205044
0.100908,0.178871,0.065261,-0.015884,-0.017966,0.369737,-0.025965,-0.002149,0.073966,-0.171449,0.032915,-0.062489,-0.072910,0.236793,0.043451,0.085240
-0.194511,-0.077649,-0.054819,-0.117598,-0.136050,0.242951,-0.000457,0.222810,0.086648,0.079207,0.115442,-0.082157,0.099685,0.028509,0.185323,0.003213
-0.136840,-0.139009,-0.014408,-0.046887,0.137349,0.229442,0.236257,-0.111796,-0.130891,-0.264773,0.351083,-0.253983,-0.402297,0.018485,-0.076777,0.070606
-0.308668,-0.099934,0.060055,0.048019,0.269794,-0.020551,0.210861,-0.033762,0.073374,0.247029,-0.094090,0.145937,0.164682,-0.092228,0.368834,0.008385
-0.392991,0.111210,0.239732,-0.116039,-0.003440,-0.263768,0.238576,0.111512,0.167262,-0.069221,0.016504,0.190720,0.010627,0.050272,0.417132,-0.085747
0.281404,-0.038579,-0.260426,0.113329,0.329857,-0.076324,-0.011116,0.277148,-0.109252,0.258364,-0.325710,-0.007640,0.261262,-0.024248,0.340231,-0.041269
-0.123085,0.038595,-0.247019,0.024678,-0.002091,0.249424,-0.167127,0.162496,-0.078224,0.176843,0.002770,-0.058909,0.067849,0.113627,0.251924,0.099281
0.089560,0.119695,0.179533,0.053345,-0.039589,0.102102,0.115939,0.315777,-0.174747,0.144748,-0.012124,0.005058,-0.126489,-0.152225,0.004328,0.056473
0.082806,-0.021298,0.095779,0.012957,-0.076304,-0.092292,0.006141,-0.004438,0.148127,0.129252,-0.112037,0.105765,0.035810,0.108963,0.416018,-0.238775
-0.017609,0.294037,-0.109185,-0.036261,0.001203,0.173684,0.086593,-0.049369,0.236777,-0.120155,0.049372,-0.043768,-0.168356,-0.132986,0.188204,-0.016111
0.215910,0.304820,0.028262,0.020767,-0.010953,-0.259750,0.036634,0.095088,-0.201196,0.010143,-0.254948,-0.177742,0.104663,0.086385,-0.095674,0.083973
-0.217177,-0.163267,-0.092324,-0.000477,0.465136,0.038893,-0.151873,-0.019560,-0.116504,0.121754,-0.268969,-0.124410,0.155212,0.112581,0.200143,-0.015019
0.061345,0.078217,0.100077,-0.028935,-0.181098,-0.115414,-0.272274,0.252222,-0.049404,-0.080787,-0.046935,0.213894,0.070124,-0.269122,0.002970,-0.074128
0.009139,0.148574,-0.180182,-0.014422,-0.223193,-0.050709,-0.093702,0.353397,-0.069673,-0.201812,-0.172960,0.188658,0.184142,0.192286,0.102732,-0.022625
0.140828,0.092024,0.004301,0.007263,0.217568,0.164587,-0.008029,-0.375663,0.086654,0.012002,0.075500,-0.003379,0.059780,0.037767,-0.244043,-0.280872
-0.270183,-0.143895,-0.085577,-0.068648,-0.010342,-0.052107,-0.033311,-0.033822,0.018038,0.084641,-0.012628,0.120695,0.261892,0.097553,0.198328,0.051904
-0.096721,-0.017265,-0.165634,0.006148,0.171616,-0.060216,0.299566,-0.020451,-0.110900,0.011557,0.333782,-0.078154,-0.034602,0.071653,0.175921,-0.332395
0.276468,-0.207860,-0.161921,0.029643,-0.298344,0.083234,0.063128,-0.002997,-0.255213,0.102128,0.027969,-0.068729,-0.024322,0.142883,-0.135371,-0.114070
0.242210,0.143891,0.087013,-0.122701,-0.200720,0.039264,-0.123246,0.166491,0.071862,0.231511,-0.036161,-0.052626,-0.011458,0.027119,0.292612,-0.175969
0.044258,0.117985,-0.104442,-0.045736,0.307730,0.135010,0.012612,-0.191537,0.197707,-0.005784,0.113942,-0.068885,-0.084492,0.076055,-0.095826,-0.055534
0.067945,0.227958,0.129532,-0.061397,-0.219412,-0.050256,0.023099,-0.276158,-0.065381,0.150297,0.042472,0.172047,0.227884,-0.121091,-0.162504,-0.170464
0.079469,0.225427,0.103537,0.009720,-0.083349,-0.412737,0.127360,0.043699,-0.117840,-0.222945,0.017695,0.018488,-0.000468,-0.009703,-0.227919,-0.118201
0.205623,0.064875,0.046913,0.096785,-0.218908,-0.210077,0.119156,0.102153,0.045594,0.124011,-0.263782,-0.209080,-0.009237,0.019375,-0.159754,0.110167
0.080731,0.038931,0.058118,0.088678,-0.026301,-0.189961,-0.140131,-0.317501,0.440851,0.065772,0.096671,-0.270465,-0.056815,0.019836,-0.766519,-0.093608
-0.070826,0.048880,-0.107743,0.062117,-0.166676,0.152375,-0.228536,0.268608,-0.077855,0.148443,-0.009336,0.022449,0.285147,0.106462,-0.147358,0.029640
-0.111335,-0.012223,-0.105174,0.018354,0.390252,0.566239,0.091298,0.195849,0.045195,0.159106,0.079515,-0.517119,0.409939,0.152516,0.174311,0.122744
-0.167602,0.027380,-0.050700,0.093525,-0.266974,-0.014438,-0.038212,-0.007876,-0.147057,-0.169449,-0.118605,0.047237,-0.025752,0.087102,-0.092114,0.075798
0.324745,0.058267,0.070030,0.142311,0.073938,-0.097976,-0.051224,0.021092,-0.139716,0.074541,-0.106214,-0.063450,0.009032,0.027951,0.217681,0.051832
0.078854,0.482318,-0.092924,0.204771,-0.356112,-0.007626,-0.117740,0.408922,-0.089700,-0.026872,-0.288374,0.210846,0.291809,-0.130344,-0.269369,-0.103958
0.138813,-0.199968,-0.044731,0.022417,-0.162813,0.307089,0.031237,0.140495,-0.011145,0.061394,0.050661,-0.169707,-0.180750,0.048884,0.155331,0.063056
0.097456,0.330349,0.057827,-0.020687,-0.120915,-0.000937,0.016458,-0.002212,-0.066623,0.040645,0.147077,0.130255,-0.094745,-0.171655,0.003122,0.097750
-0.059330,0.127884,-0.091694,-0.075634,-0.251372,0.075840,-0.203633,-0.033395,0.043979,0.117057,-0.084936,-0.169672,-0.107436,0.140955,0.349323,0.010861
0.055120,-0.004324,0.035495,0.082840,0.146920,0.251671,-0.151624,0.074325,-0.204966,-0.047627,-0.036116,0.200896,-0.189846,0.044902,-0.226926,0.189412
0.373513,-0.142550,-0.127907,0.003406,0.071775,0.333570,-0.088106,0.091623,-0.130598,0.226803,0.080942,0.037329,0.509273,0.057335,-0.274623,0.009870
-0.267347,0.224746,0.042652,-0.011314,0.037799,0.018369,-0.099678,-0.021696,-0.000444,-0.127307,-0.045053,-0.040270,0.021240,0.158550,-0.180448,0.163891
-0.198054,0.146112,0.136781,0.076596,-0.324082,-0.140205,0.460634,0.043126,-0.068039,-0.128189,0.126764,-0.046360,-0.254651,-0.055395,0.539044,0.190563
-0.212602,0.282831,0.288991,-0.224831,-0.078958,-0.048479,-0.039135,-0.214055,-0.082978,-0.245507,0.140781,0.096107,-0.077450,-0.112139,0.218759,0.059898
-0.190683,-0.063674,0.173431,0.114566,-0.108556,-0.082570,0.025568,0.053194,-0.035849,-0.198890,-0.093294,-0.072136,0.001982,-0.033986,0.356256,-0.018458
-0.130790,0.278570,-0.158742,0.110006,0.136112,0.206503,0.297582,-0.180563,-0.100057,-0.170052,0.097071,-0.214202,-0.169888,-0.175916,0.354056,0.214811
-0.140522,0.021784,-0.411215,-0.064447,0.029816,0.054897,-0.077387,0.161682,-0.004728,-0.084221,-0.105818,0.286033,0.076468,-0.038500,0.302280,-0.106304
0.111714,0.252408,0.109272,0.067879,-0.156686,0.313675,0.010205,0.288617,-0.142790,0.175326,-0.082387,0.175218,0.385839,-0.039237,0.223411,0.013241
0.036732,-0.038164,-0.150914,0.016781,0.178661,-0.134916,0.189036,-0.110675,-0.037620,0.030189,0.019352,-0.066908,0.128202,-0.076291,0.328644,-0.017223
0.142465,-0.097691,0.002732,-0.027336,0.250334,0.111253,0.149932,-0.003899,-0.167781,0.186036,0.013602,-0.274089,0.186314,-0.069393,0.189464,0.066722
-0.068297,-0.052920,-0.158593,0.021485,0.133862,-0.126821,-0.031955,-0.110806,0.014123,-0.096588,0.305650,0.565707,0.150159,0.133184,-0.329420,-0.171231
0.003232,0.042016,0.413670,0.085631,0.262078,-0.147068,-0.046668,-0.132371,-0.102937,0.140411,-0.027349,-0.386196,0.025691,0.104577,0.156515,0.006994
0.035207,-0.041211,-0.075798,-0.096675,0.028913,-0.166780,0.021880,0.088867,0.056469,0.159542,0.140978,-0.029143,0.290388,0.116277,-0.157342,0.041949
0.092186,0.258979,0.051780,0.102547,-0.365469,-0.101280,-0.014821,-0.140032,0.041497,-0.081264,-0.017435,0.069135,0.227435,-0.017751,-0.013760,0.123873
-0.076217,-0.033856,0.094715,0.017617,-0.196853,-0.134969,0.167217,0.012298,0.159890,-0.102077,-0.086837,0.311900,0.118427,-0.004112,0.190800,-0.048728
0.438319,-0.162453,-0.084622,0.023856,-0.233139,0.186633,-0.226381,-0.156682,-0.106493,0.228914,-0.064030,0.318946,-0.098117,0.066216,-0.496559,-0.007276
0.242155,0.104882,-0.123395,0.191523,0.072470,0.234932,-0.070494,0.144183,0.012940,-0.076748,-0.079238,0.073125,0.234272,0.250345,0.039866,0.158393
0.017943,-0.068621,0.164120,-0.011604,-0.215444,0.142968,0.219424,-0.136323,-0.073998,0.187313,0.147914,-0.187552,0.009762,0.006252,-0.067379,-0.156477
0.047169,-0.058353,-0.041194,0.043373,0.085383,-0.253003,-0.171711,0.040966,-0.038558,0.180381,-0.084849,0.197275,0.271422,0.064976,0.233611,0.040124
0.197329,-0.261242,-0.226055,0.128494,-0.208195,-0.168228,0.020717,0.150897,0.070905,0.054198,0.060792,0.226406,0.222330,0.055613,0.324785,0.010528
0.068674,-0.024957,-0.240744,0.001727,0.271743,0.050391,0.056465,0.024219,-0.055177,0.088217,0.337433,0.123033,0.522016,0.028031,-0.226182,-0.032868
0.139149,0.221734,-0.177404,0.016257,0.036882,-0.058881,0.070778,-0.039471,0.039878,-0.108089,-0.115729,0.019127,-0.057869,-0.000908,0.154456,-0.237356
